============================================================
  Generated by:           Genus(TM) Synthesis Solution 23.15-s099_1
  Generated on:           Aug 27 2026  01:07:01 pm
  Module:                 accelerator_sauria_vgg16_float16_ROWS8_COLS32
  Operating conditions:   NCCOM (balanced_tree)
  Wireload mode:          segmented
  Area mode:              timing library
============================================================


Path 1: MET (0 ps) Setup Check with Pin gen_columns[27].gen_rows[3].pe_i_dut/mid_pipe_final_sign_q_reg[1]/CP->D
          Group: clk
     Startpoint: (R) gen_columns[27].gen_rows[3].pe_i_dut/inp_pipe_operands_q_reg[1][0][9]/CP
          Clock: (R) clk
       Endpoint: (R) gen_columns[27].gen_rows[3].pe_i_dut/mid_pipe_final_sign_q_reg[1]/D
          Clock: (R) clk

                     Capture       Launch     
        Clock Edge:+    5000            0     
       Src Latency:+       0            0     
       Net Latency:+       0 (I)        0 (I) 
           Arrival:=    5000            0     
                                              
             Setup:-      36                  
     Required Time:=    4964                  
      Launch Clock:-       0                  
         Data Path:-    4964                  
             Slack:=       0                  

Launch clock path:
#--------------------------------------------------------------------------------------------------------------------------------------------------
#                              Timing Point                                Flags   Arc   Edge   Cell      Fanout Load Trans Delay Arrival Instance 
#                                                                                                                (fF)  (ps)  (ps)   (ps)  Location 
#--------------------------------------------------------------------------------------------------------------------------------------------------
  clk                                                                      (i)     -     R     (arrival)  261922  0.0     0     0       0    (-,-) 
  gen_columns[27].gen_rows[3].pe_i_dut/inp_pipe_operands_q_reg[1][0][9]/CP <<<     -     R     SDFCNQD1   261922    -     0     0       0    (-,-) 
#--------------------------------------------------------------------------------------------------------------------------------------------------

#-----------------------------------------------------------------------------------------------------------------------------------------------------
#                               Timing Point                                 Flags    Arc   Edge   Cell      Fanout Load Trans Delay Arrival Instance 
#                                                                                                                   (fF)  (ps)  (ps)   (ps)  Location 
#-----------------------------------------------------------------------------------------------------------------------------------------------------
  gen_columns[27].gen_rows[3].pe_i_dut/inp_pipe_operands_q_reg[1][0][9]/CP   -       -      R     (arrival)  261922    -     0     0       0    (-,-) 
  gen_columns[27].gen_rows[3].pe_i_dut/inp_pipe_operands_q_reg[1][0][9]/Q    -       CP->Q  R     SDFCNQD1       10 10.9    98   169     169    (-,-) 
  gen_columns[27].gen_rows[3].pe_i_dut/g15669/ZN                             -       A2->ZN F     NR2XD0          1  1.0    40    45     214    (-,-) 
  gen_columns[27].gen_rows[3].pe_i_dut/g15649/ZN                             -       A2->ZN R     CKND2D1         1  0.9    29    32     245    (-,-) 
  gen_columns[27].gen_rows[3].pe_i_dut/g15638/ZN                             -       B1->ZN F     INR2D1          1  0.9    18    18     263    (-,-) 
  gen_columns[27].gen_rows[3].pe_i_dut/g15626/ZN                             -       A1->ZN R     CKND2D1         2  2.7    49    33     297    (-,-) 
  gen_columns[27].gen_rows[3].pe_i_dut/g15609/ZN                             -       A2->ZN F     NR2XD1          2  3.7    38    41     338    (-,-) 
  gen_columns[27].gen_rows[3].pe_i_dut/g15599/ZN                             -       A2->ZN R     NR2XD2          6  6.9    44    43     381    (-,-) 
  gen_columns[27].gen_rows[3].pe_i_dut/g15593/ZN                             -       B->ZN  F     IOA21D1         2  1.8    35    34     415    (-,-) 
  gen_columns[27].gen_rows[3].pe_i_dut/g15578/ZN                             -       A1->ZN R     NR2XD0          2  1.8    46    40     455    (-,-) 
  gen_columns[27].gen_rows[3].pe_i_dut/g15567/ZN                             -       A1->ZN R     IAO22D1         2  2.5    66    80     535    (-,-) 
  gen_columns[27].gen_rows[3].pe_i_dut/g15557/ZN                             -       A1->ZN F     NR2XD1          2  1.8    29    32     567    (-,-) 
  gen_columns[27].gen_rows[3].pe_i_dut/g15738/ZN                             -       A1->ZN F     IND2D1          1  1.1    27    57     624    (-,-) 
  gen_columns[27].gen_rows[3].pe_i_dut/g15688/Z                              -       A2->Z  R     CKXOR2D1        4  4.9    57   113     737    (-,-) 
  gen_columns[27].gen_rows[3].pe_i_dut/g15696/ZN                             -       A->ZN  F     MAOI222D1       3  3.1   110    80     816    (-,-) 
  gen_columns[27].gen_rows[3].pe_i_dut/g15488/ZN                             -       I->ZN  R     CKND1           1  1.0    39    37     854    (-,-) 
  gen_columns[27].gen_rows[3].pe_i_dut/g15481/ZN                             -       A1->ZN F     AOI21D1         2  2.0    38    35     889    (-,-) 
  gen_columns[27].gen_rows[3].pe_i_dut/g15461/ZN                             -       A1->ZN R     OAI21D1         3  3.4    77    60     949    (-,-) 
  gen_columns[27].gen_rows[3].pe_i_dut/g15448/ZN                             -       I->ZN  F     INVD1           1  0.9    25    25     974    (-,-) 
  gen_columns[27].gen_rows[3].pe_i_dut/g15438/ZN                             -       A1->ZN R     OAI21D1         3  3.4    76    56    1030    (-,-) 
  gen_columns[27].gen_rows[3].pe_i_dut/g15429/ZN                             -       B2->ZN R     MOAI22D1        4  3.6    83    80    1110    (-,-) 
  gen_columns[27].gen_rows[3].pe_i_dut/g15737/ZN                             -       A1->ZN R     IND2D1          1  1.1    25    60    1170    (-,-) 
  gen_columns[27].gen_rows[3].pe_i_dut/g15416/ZN                             -       A1->ZN R     IOA21D2         5  5.8    41    68    1238    (-,-) 
  gen_columns[27].gen_rows[3].pe_i_dut/g15411/ZN                             -       A1->ZN F     NR2XD1          4  5.6    50    40    1278    (-,-) 
  gen_columns[27].gen_rows[3].pe_i_dut/g15408/ZN                             -       I->ZN  R     INVD2           7  8.7    48    44    1322    (-,-) 
  gen_columns[27].gen_rows[3].pe_i_dut/g15378/Z                              -       A2->Z  R     AN2D2           9  7.4    43    75    1398    (-,-) 
  gen_columns[27].gen_rows[3].pe_i_dut/g15342/ZN                             -       A1->ZN R     IOA21D1         1  0.8    26    64    1462    (-,-) 
  gen_columns[27].gen_rows[3].pe_i_dut/g15314/ZN                             -       A1->ZN F     NR2XD0          2  1.6    32    28    1490    (-,-) 
  gen_columns[27].gen_rows[3].pe_i_dut/g15693/ZN                             -       I0->ZN R     MUX2ND0         4  5.1   147   102    1593    (-,-) 
  gen_columns[27].gen_rows[3].pe_i_dut/g15260/ZN                             -       B1->ZN F     AOI22D2         4  3.7    70    66    1658    (-,-) 
  gen_columns[27].gen_rows[3].pe_i_dut/g15231/Z                              -       A1->Z  F     AN2XD1          1  1.1    17    51    1709    (-,-) 
  gen_columns[27].gen_rows[3].pe_i_dut/g15197/ZN                             -       B2->ZN R     OAI32D1         1  1.0    86    52    1762    (-,-) 
  gen_columns[27].gen_rows[3].pe_i_dut/g15187/ZN                             -       A2->ZN F     NR2XD0          1  0.9    36    42    1803    (-,-) 
  gen_columns[27].gen_rows[3].pe_i_dut/g15186/ZN                             -       B2->ZN R     IND3D1          2  1.4    34    30    1833    (-,-) 
  gen_columns[27].gen_rows[3].pe_i_dut/g15182/ZN                             -       A1->ZN F     NR2XD0          2  1.9    89    32    1866    (-,-) 
  gen_columns[27].gen_rows[3].pe_i_dut/WALLACE_CSA_DUMMY_OP_groupi_g11844/ZN -       A1->ZN R     ND2D1           3  2.7    50    49    1915    (-,-) 
  gen_columns[27].gen_rows[3].pe_i_dut/WALLACE_CSA_DUMMY_OP_groupi_g11738/ZN -       B1->ZN F     INR2D1          4  3.8    34    35    1950    (-,-) 
  gen_columns[27].gen_rows[3].pe_i_dut/WALLACE_CSA_DUMMY_OP_groupi_g11604/ZN -       B1->ZN R     IND2D1          1  1.1    24    25    1974    (-,-) 
  gen_columns[27].gen_rows[3].pe_i_dut/WALLACE_CSA_DUMMY_OP_groupi_g11598/ZN -       A1->ZN F     ND2D1           1  1.0    25    24    1999    (-,-) 
  gen_columns[27].gen_rows[3].pe_i_dut/WALLACE_CSA_DUMMY_OP_groupi_g11515/CO -       CI->CO F     FA1D0           3  3.0    49    98    2097    (-,-) 
  gen_columns[27].gen_rows[3].pe_i_dut/WALLACE_CSA_DUMMY_OP_groupi_g11511/ZN -       I->ZN  R     INVD1           1  1.0    25    26    2124    (-,-) 
  gen_columns[27].gen_rows[3].pe_i_dut/WALLACE_CSA_DUMMY_OP_groupi_g11502/ZN -       A1->ZN F     OAI21D1         1  1.0    34    25    2148    (-,-) 
  gen_columns[27].gen_rows[3].pe_i_dut/WALLACE_CSA_DUMMY_OP_groupi_g11464/CO -       CI->CO F     FA1D0           1  1.0    31    85    2234    (-,-) 
  gen_columns[27].gen_rows[3].pe_i_dut/WALLACE_CSA_DUMMY_OP_groupi_g11449/CO -       CI->CO F     FA1D0           1  1.0    31    84    2318    (-,-) 
  gen_columns[27].gen_rows[3].pe_i_dut/WALLACE_CSA_DUMMY_OP_groupi_g11436/CO -       CI->CO F     FA1D0           1  1.0    31    84    2402    (-,-) 
  gen_columns[27].gen_rows[3].pe_i_dut/WALLACE_CSA_DUMMY_OP_groupi_g11424/CO -       CI->CO F     FA1D0           1  1.0    31    84    2487    (-,-) 
  gen_columns[27].gen_rows[3].pe_i_dut/WALLACE_CSA_DUMMY_OP_groupi_g11416/CO -       CI->CO F     FA1D0           3  2.9    48   100    2587    (-,-) 
  gen_columns[27].gen_rows[3].pe_i_dut/WALLACE_CSA_DUMMY_OP_groupi_g11415/ZN -       I->ZN  R     CKND1           1  1.0    24    26    2613    (-,-) 
  gen_columns[27].gen_rows[3].pe_i_dut/WALLACE_CSA_DUMMY_OP_groupi_g2/Z      -       A1->Z  R     OA21D1          3  3.1    38    56    2669    (-,-) 
  gen_columns[27].gen_rows[3].pe_i_dut/WALLACE_CSA_DUMMY_OP_groupi_g11410/ZN -       A1->ZN F     OAI21D1         1  2.0    42    34    2703    (-,-) 
  gen_columns[27].gen_rows[3].pe_i_dut/WALLACE_CSA_DUMMY_OP_groupi_g11409/CO -       CI->CO F     FA1D1           1  2.0    31    70    2774    (-,-) 
  gen_columns[27].gen_rows[3].pe_i_dut/WALLACE_CSA_DUMMY_OP_groupi_g11408/CO -       CI->CO F     FA1D1           1  1.0    25    62    2835    (-,-) 
  gen_columns[27].gen_rows[3].pe_i_dut/WALLACE_CSA_DUMMY_OP_groupi_g11407/CO -       CI->CO F     FA1D0           1  1.0    31    82    2917    (-,-) 
  gen_columns[27].gen_rows[3].pe_i_dut/WALLACE_CSA_DUMMY_OP_groupi_g11406/CO -       CI->CO F     FA1D0           1  1.0    31    84    3002    (-,-) 
  gen_columns[27].gen_rows[3].pe_i_dut/WALLACE_CSA_DUMMY_OP_groupi_g11405/CO -       CI->CO F     FA1D0           3  2.6    46    98    3099    (-,-) 
  gen_columns[27].gen_rows[3].pe_i_dut/WALLACE_CSA_DUMMY_OP_groupi_g11403/ZN -       A1->ZN F     IOA21D1         1  1.0    26    63    3162    (-,-) 
  gen_columns[27].gen_rows[3].pe_i_dut/WALLACE_CSA_DUMMY_OP_groupi_g11402/CO -       CI->CO F     FA1D0           3  2.9    48    97    3260    (-,-) 
  gen_columns[27].gen_rows[3].pe_i_dut/WALLACE_CSA_DUMMY_OP_groupi_g11400/Z  -       A1->Z  F     AO21D1          3  2.9    31    70    3330    (-,-) 
  gen_columns[27].gen_rows[3].pe_i_dut/WALLACE_CSA_DUMMY_OP_groupi_g11398/ZN -       A1->ZN R     AOI21D1         3  3.1    79    54    3384    (-,-) 
  gen_columns[27].gen_rows[3].pe_i_dut/WALLACE_CSA_DUMMY_OP_groupi_g11396/ZN -       A1->ZN F     OAI21D1         1  1.0    37    36    3420    (-,-) 
  gen_columns[27].gen_rows[3].pe_i_dut/WALLACE_CSA_DUMMY_OP_groupi_g11395/CO -       CI->CO F     FA1D0           1  1.0    31    86    3506    (-,-) 
  gen_columns[27].gen_rows[3].pe_i_dut/WALLACE_CSA_DUMMY_OP_groupi_g11394/CO -       CI->CO F     FA1D0           1  1.0    31    84    3591    (-,-) 
  gen_columns[27].gen_rows[3].pe_i_dut/WALLACE_CSA_DUMMY_OP_groupi_g11393/CO -       CI->CO F     FA1D0           3  2.9    48   100    3691    (-,-) 
  gen_columns[27].gen_rows[3].pe_i_dut/WALLACE_CSA_DUMMY_OP_groupi_g11391/ZN -       A1->ZN R     AOI21D1         1  1.1    48    41    3732    (-,-) 
  gen_columns[27].gen_rows[3].pe_i_dut/WALLACE_CSA_DUMMY_OP_groupi_g11390/CO -       CI->CO R     FA1D0           1  1.1    34    84    3816    (-,-) 
  gen_columns[27].gen_rows[3].pe_i_dut/WALLACE_CSA_DUMMY_OP_groupi_g11388/CO -       CI->CO R     FA1D0           3  2.9    58    96    3912    (-,-) 
  gen_columns[27].gen_rows[3].pe_i_dut/WALLACE_CSA_DUMMY_OP_groupi_g11386/ZN -       A1->ZN F     NR2XD0          2  1.5    36    37    3949    (-,-) 
  gen_columns[27].gen_rows[3].pe_i_dut/WALLACE_CSA_DUMMY_OP_groupi_g11383/ZN -       A1->ZN F     IOA21D1         1  1.0    43    60    4009    (-,-) 
  gen_columns[27].gen_rows[3].pe_i_dut/WALLACE_CSA_DUMMY_OP_groupi_g11381/CO -       CI->CO F     FA1D0           1  1.0    32    89    4098    (-,-) 
  gen_columns[27].gen_rows[3].pe_i_dut/WALLACE_CSA_DUMMY_OP_groupi_g11380/CO -       CI->CO F     FA1D0           3  2.6    46    98    4195    (-,-) 
  gen_columns[27].gen_rows[3].pe_i_dut/WALLACE_CSA_DUMMY_OP_groupi_g11379/ZN -       A1->ZN F     INR2XD0         2  1.4    34    63    4258    (-,-) 
  gen_columns[27].gen_rows[3].pe_i_dut/WALLACE_CSA_DUMMY_OP_groupi_g11376/ZN -       A1->ZN F     IOA21D1         1  1.0    59    59    4317    (-,-) 
  gen_columns[27].gen_rows[3].pe_i_dut/WALLACE_CSA_DUMMY_OP_groupi_g11374/CO -       CI->CO F     FA1D0           1  1.0    32    95    4412    (-,-) 
  gen_columns[27].gen_rows[3].pe_i_dut/WALLACE_CSA_DUMMY_OP_groupi_g11373/CO -       CI->CO F     FA1D0           2  2.0    40    93    4506    (-,-) 
  gen_columns[27].gen_rows[3].pe_i_dut/WALLACE_CSA_DUMMY_OP_groupi_g11372/Z  -       A1->Z  F     AN3XD1          2  1.9    26    51    4557    (-,-) 
  gen_columns[27].gen_rows[3].pe_i_dut/g11156/ZN                             -       I->ZN  R     CKND1           1  1.0    19    20    4577    (-,-) 
  gen_columns[27].gen_rows[3].pe_i_dut/g11135/Z                              -       A1->Z  R     AN3XD1         37 36.8   305   219    4796    (-,-) 
  gen_columns[27].gen_rows[3].pe_i_dut/g15692/ZN                             -       A1->ZN R     INR2D0          1  0.7    47    97    4894    (-,-) 
  gen_columns[27].gen_rows[3].pe_i_dut/g11012/Z                              -       C->Z   R     AO221D0         1  1.0    45    70    4964    (-,-) 
  gen_columns[27].gen_rows[3].pe_i_dut/mid_pipe_final_sign_q_reg[1]/D        -       -      R     DFCNQD1         1    -     -     0    4964    (-,-) 
#-----------------------------------------------------------------------------------------------------------------------------------------------------

Capture clock path:
#----------------------------------------------------------------------------------------------------------------------------------------------
#                            Timing Point                              Flags   Arc   Edge   Cell      Fanout Load Trans Delay Arrival Instance 
#                                                                                                            (fF)  (ps)  (ps)   (ps)  Location 
#----------------------------------------------------------------------------------------------------------------------------------------------
  clk                                                                  (i)     -     R     (arrival)  261922  0.0     0     0    5000    (-,-) 
  gen_columns[27].gen_rows[3].pe_i_dut/mid_pipe_final_sign_q_reg[1]/CP <<<     -     R     DFCNQD1    261922    -     0     0    5000    (-,-) 
#----------------------------------------------------------------------------------------------------------------------------------------------



Path 2: MET (0 ps) Setup Check with Pin gen_columns[27].gen_rows[4].pe_i_dut/mid_pipe_final_sign_q_reg[1]/CP->D
          Group: clk
     Startpoint: (R) gen_columns[27].gen_rows[4].pe_i_dut/inp_pipe_operands_q_reg[1][0][9]/CP
          Clock: (R) clk
       Endpoint: (R) gen_columns[27].gen_rows[4].pe_i_dut/mid_pipe_final_sign_q_reg[1]/D
          Clock: (R) clk

                     Capture       Launch     
        Clock Edge:+    5000            0     
       Src Latency:+       0            0     
       Net Latency:+       0 (I)        0 (I) 
           Arrival:=    5000            0     
                                              
             Setup:-      36                  
     Required Time:=    4964                  
      Launch Clock:-       0                  
         Data Path:-    4964                  
             Slack:=       0                  

Launch clock path:
#--------------------------------------------------------------------------------------------------------------------------------------------------
#                              Timing Point                                Flags   Arc   Edge   Cell      Fanout Load Trans Delay Arrival Instance 
#                                                                                                                (fF)  (ps)  (ps)   (ps)  Location 
#--------------------------------------------------------------------------------------------------------------------------------------------------
  clk                                                                      (i)     -     R     (arrival)  261922  0.0     0     0       0    (-,-) 
  gen_columns[27].gen_rows[4].pe_i_dut/inp_pipe_operands_q_reg[1][0][9]/CP <<<     -     R     SDFCNQD1   261922    -     0     0       0    (-,-) 
#--------------------------------------------------------------------------------------------------------------------------------------------------

#-----------------------------------------------------------------------------------------------------------------------------------------------------
#                               Timing Point                                 Flags    Arc   Edge   Cell      Fanout Load Trans Delay Arrival Instance 
#                                                                                                                   (fF)  (ps)  (ps)   (ps)  Location 
#-----------------------------------------------------------------------------------------------------------------------------------------------------
  gen_columns[27].gen_rows[4].pe_i_dut/inp_pipe_operands_q_reg[1][0][9]/CP   -       -      R     (arrival)  261922    -     0     0       0    (-,-) 
  gen_columns[27].gen_rows[4].pe_i_dut/inp_pipe_operands_q_reg[1][0][9]/Q    -       CP->Q  R     SDFCNQD1       10 10.9    98   169     169    (-,-) 
  gen_columns[27].gen_rows[4].pe_i_dut/g15669/ZN                             -       A2->ZN F     NR2XD0          1  1.0    40    45     214    (-,-) 
  gen_columns[27].gen_rows[4].pe_i_dut/g15649/ZN                             -       A2->ZN R     CKND2D1         1  0.9    29    32     245    (-,-) 
  gen_columns[27].gen_rows[4].pe_i_dut/g15638/ZN                             -       B1->ZN F     INR2D1          1  0.9    18    18     263    (-,-) 
  gen_columns[27].gen_rows[4].pe_i_dut/g15626/ZN                             -       A1->ZN R     CKND2D1         2  2.7    49    33     297    (-,-) 
  gen_columns[27].gen_rows[4].pe_i_dut/g15609/ZN                             -       A2->ZN F     NR2XD1          2  3.7    38    41     338    (-,-) 
  gen_columns[27].gen_rows[4].pe_i_dut/g15599/ZN                             -       A2->ZN R     NR2XD2          6  6.9    44    43     381    (-,-) 
  gen_columns[27].gen_rows[4].pe_i_dut/g15593/ZN                             -       B->ZN  F     IOA21D1         2  1.8    35    34     415    (-,-) 
  gen_columns[27].gen_rows[4].pe_i_dut/g15578/ZN                             -       A1->ZN R     NR2XD0          2  1.8    46    40     455    (-,-) 
  gen_columns[27].gen_rows[4].pe_i_dut/g15567/ZN                             -       A1->ZN R     IAO22D1         2  2.5    66    80     535    (-,-) 
  gen_columns[27].gen_rows[4].pe_i_dut/g15557/ZN                             -       A1->ZN F     NR2XD1          2  1.8    29    32     567    (-,-) 
  gen_columns[27].gen_rows[4].pe_i_dut/g15738/ZN                             -       A1->ZN F     IND2D1          1  1.1    27    57     624    (-,-) 
  gen_columns[27].gen_rows[4].pe_i_dut/g15688/Z                              -       A2->Z  R     CKXOR2D1        4  4.9    57   113     737    (-,-) 
  gen_columns[27].gen_rows[4].pe_i_dut/g15696/ZN                             -       A->ZN  F     MAOI222D1       3  3.1   110    80     816    (-,-) 
  gen_columns[27].gen_rows[4].pe_i_dut/g15488/ZN                             -       I->ZN  R     CKND1           1  1.0    39    37     854    (-,-) 
  gen_columns[27].gen_rows[4].pe_i_dut/g15481/ZN                             -       A1->ZN F     AOI21D1         2  2.0    38    35     889    (-,-) 
  gen_columns[27].gen_rows[4].pe_i_dut/g15461/ZN                             -       A1->ZN R     OAI21D1         3  3.4    77    60     949    (-,-) 
  gen_columns[27].gen_rows[4].pe_i_dut/g15448/ZN                             -       I->ZN  F     INVD1           1  0.9    25    25     974    (-,-) 
  gen_columns[27].gen_rows[4].pe_i_dut/g15438/ZN                             -       A1->ZN R     OAI21D1         3  3.4    76    56    1030    (-,-) 
  gen_columns[27].gen_rows[4].pe_i_dut/g15429/ZN                             -       B2->ZN R     MOAI22D1        4  3.6    83    80    1110    (-,-) 
  gen_columns[27].gen_rows[4].pe_i_dut/g15737/ZN                             -       A1->ZN R     IND2D1          1  1.1    25    60    1170    (-,-) 
  gen_columns[27].gen_rows[4].pe_i_dut/g15416/ZN                             -       A1->ZN R     IOA21D2         5  5.8    41    68    1238    (-,-) 
  gen_columns[27].gen_rows[4].pe_i_dut/g15411/ZN                             -       A1->ZN F     NR2XD1          4  5.6    50    40    1278    (-,-) 
  gen_columns[27].gen_rows[4].pe_i_dut/g15408/ZN                             -       I->ZN  R     INVD2           7  8.7    48    44    1322    (-,-) 
  gen_columns[27].gen_rows[4].pe_i_dut/g15378/Z                              -       A2->Z  R     AN2D2           9  7.4    43    75    1398    (-,-) 
  gen_columns[27].gen_rows[4].pe_i_dut/g15342/ZN                             -       A1->ZN R     IOA21D1         1  0.8    26    64    1462    (-,-) 
  gen_columns[27].gen_rows[4].pe_i_dut/g15314/ZN                             -       A1->ZN F     NR2XD0          2  1.6    32    28    1490    (-,-) 
  gen_columns[27].gen_rows[4].pe_i_dut/g15693/ZN                             -       I0->ZN R     MUX2ND0         4  5.1   147   102    1593    (-,-) 
  gen_columns[27].gen_rows[4].pe_i_dut/g15260/ZN                             -       B1->ZN F     AOI22D2         4  3.7    70    66    1658    (-,-) 
  gen_columns[27].gen_rows[4].pe_i_dut/g15231/Z                              -       A1->Z  F     AN2XD1          1  1.1    17    51    1709    (-,-) 
  gen_columns[27].gen_rows[4].pe_i_dut/g15197/ZN                             -       B2->ZN R     OAI32D1         1  1.0    86    52    1762    (-,-) 
  gen_columns[27].gen_rows[4].pe_i_dut/g15187/ZN                             -       A2->ZN F     NR2XD0          1  0.9    36    42    1803    (-,-) 
  gen_columns[27].gen_rows[4].pe_i_dut/g15186/ZN                             -       B2->ZN R     IND3D1          2  1.4    34    30    1833    (-,-) 
  gen_columns[27].gen_rows[4].pe_i_dut/g15182/ZN                             -       A1->ZN F     NR2XD0          2  1.9    89    32    1866    (-,-) 
  gen_columns[27].gen_rows[4].pe_i_dut/WALLACE_CSA_DUMMY_OP_groupi_g11844/ZN -       A1->ZN R     ND2D1           3  2.7    50    49    1915    (-,-) 
  gen_columns[27].gen_rows[4].pe_i_dut/WALLACE_CSA_DUMMY_OP_groupi_g11738/ZN -       B1->ZN F     INR2D1          4  3.8    34    35    1950    (-,-) 
  gen_columns[27].gen_rows[4].pe_i_dut/WALLACE_CSA_DUMMY_OP_groupi_g11604/ZN -       B1->ZN R     IND2D1          1  1.1    24    25    1974    (-,-) 
  gen_columns[27].gen_rows[4].pe_i_dut/WALLACE_CSA_DUMMY_OP_groupi_g11598/ZN -       A1->ZN F     ND2D1           1  1.0    25    24    1999    (-,-) 
  gen_columns[27].gen_rows[4].pe_i_dut/WALLACE_CSA_DUMMY_OP_groupi_g11515/CO -       CI->CO F     FA1D0           3  3.0    49    98    2097    (-,-) 
  gen_columns[27].gen_rows[4].pe_i_dut/WALLACE_CSA_DUMMY_OP_groupi_g11511/ZN -       I->ZN  R     INVD1           1  1.0    25    26    2124    (-,-) 
  gen_columns[27].gen_rows[4].pe_i_dut/WALLACE_CSA_DUMMY_OP_groupi_g11502/ZN -       A1->ZN F     OAI21D1         1  1.0    34    25    2148    (-,-) 
  gen_columns[27].gen_rows[4].pe_i_dut/WALLACE_CSA_DUMMY_OP_groupi_g11464/CO -       CI->CO F     FA1D0           1  1.0    31    85    2234    (-,-) 
  gen_columns[27].gen_rows[4].pe_i_dut/WALLACE_CSA_DUMMY_OP_groupi_g11449/CO -       CI->CO F     FA1D0           1  1.0    31    84    2318    (-,-) 
  gen_columns[27].gen_rows[4].pe_i_dut/WALLACE_CSA_DUMMY_OP_groupi_g11436/CO -       CI->CO F     FA1D0           1  1.0    31    84    2402    (-,-) 
  gen_columns[27].gen_rows[4].pe_i_dut/WALLACE_CSA_DUMMY_OP_groupi_g11424/CO -       CI->CO F     FA1D0           1  1.0    31    84    2487    (-,-) 
  gen_columns[27].gen_rows[4].pe_i_dut/WALLACE_CSA_DUMMY_OP_groupi_g11416/CO -       CI->CO F     FA1D0           3  2.9    48   100    2587    (-,-) 
  gen_columns[27].gen_rows[4].pe_i_dut/WALLACE_CSA_DUMMY_OP_groupi_g11415/ZN -       I->ZN  R     CKND1           1  1.0    24    26    2613    (-,-) 
  gen_columns[27].gen_rows[4].pe_i_dut/WALLACE_CSA_DUMMY_OP_groupi_g2/Z      -       A1->Z  R     OA21D1          3  3.1    38    56    2669    (-,-) 
  gen_columns[27].gen_rows[4].pe_i_dut/WALLACE_CSA_DUMMY_OP_groupi_g11410/ZN -       A1->ZN F     OAI21D1         1  2.0    42    34    2703    (-,-) 
  gen_columns[27].gen_rows[4].pe_i_dut/WALLACE_CSA_DUMMY_OP_groupi_g11409/CO -       CI->CO F     FA1D1           1  2.0    31    70    2774    (-,-) 
  gen_columns[27].gen_rows[4].pe_i_dut/WALLACE_CSA_DUMMY_OP_groupi_g11408/CO -       CI->CO F     FA1D1           1  1.0    25    62    2835    (-,-) 
  gen_columns[27].gen_rows[4].pe_i_dut/WALLACE_CSA_DUMMY_OP_groupi_g11407/CO -       CI->CO F     FA1D0           1  1.0    31    82    2917    (-,-) 
  gen_columns[27].gen_rows[4].pe_i_dut/WALLACE_CSA_DUMMY_OP_groupi_g11406/CO -       CI->CO F     FA1D0           1  1.0    31    84    3002    (-,-) 
  gen_columns[27].gen_rows[4].pe_i_dut/WALLACE_CSA_DUMMY_OP_groupi_g11405/CO -       CI->CO F     FA1D0           3  2.6    46    98    3099    (-,-) 
  gen_columns[27].gen_rows[4].pe_i_dut/WALLACE_CSA_DUMMY_OP_groupi_g11403/ZN -       A1->ZN F     IOA21D1         1  1.0    26    63    3162    (-,-) 
  gen_columns[27].gen_rows[4].pe_i_dut/WALLACE_CSA_DUMMY_OP_groupi_g11402/CO -       CI->CO F     FA1D0           3  2.9    48    97    3260    (-,-) 
  gen_columns[27].gen_rows[4].pe_i_dut/WALLACE_CSA_DUMMY_OP_groupi_g11400/Z  -       A1->Z  F     AO21D1          3  2.9    31    70    3330    (-,-) 
  gen_columns[27].gen_rows[4].pe_i_dut/WALLACE_CSA_DUMMY_OP_groupi_g11398/ZN -       A1->ZN R     AOI21D1         3  3.1    79    54    3384    (-,-) 
  gen_columns[27].gen_rows[4].pe_i_dut/WALLACE_CSA_DUMMY_OP_groupi_g11396/ZN -       A1->ZN F     OAI21D1         1  1.0    37    36    3420    (-,-) 
  gen_columns[27].gen_rows[4].pe_i_dut/WALLACE_CSA_DUMMY_OP_groupi_g11395/CO -       CI->CO F     FA1D0           1  1.0    31    86    3506    (-,-) 
  gen_columns[27].gen_rows[4].pe_i_dut/WALLACE_CSA_DUMMY_OP_groupi_g11394/CO -       CI->CO F     FA1D0           1  1.0    31    84    3591    (-,-) 
  gen_columns[27].gen_rows[4].pe_i_dut/WALLACE_CSA_DUMMY_OP_groupi_g11393/CO -       CI->CO F     FA1D0           3  2.9    48   100    3691    (-,-) 
  gen_columns[27].gen_rows[4].pe_i_dut/WALLACE_CSA_DUMMY_OP_groupi_g11391/ZN -       A1->ZN R     AOI21D1         1  1.1    48    41    3732    (-,-) 
  gen_columns[27].gen_rows[4].pe_i_dut/WALLACE_CSA_DUMMY_OP_groupi_g11390/CO -       CI->CO R     FA1D0           1  1.1    34    84    3816    (-,-) 
  gen_columns[27].gen_rows[4].pe_i_dut/WALLACE_CSA_DUMMY_OP_groupi_g11388/CO -       CI->CO R     FA1D0           3  2.9    58    96    3912    (-,-) 
  gen_columns[27].gen_rows[4].pe_i_dut/WALLACE_CSA_DUMMY_OP_groupi_g11386/ZN -       A1->ZN F     NR2XD0          2  1.5    36    37    3949    (-,-) 
  gen_columns[27].gen_rows[4].pe_i_dut/WALLACE_CSA_DUMMY_OP_groupi_g11383/ZN -       A1->ZN F     IOA21D1         1  1.0    43    60    4009    (-,-) 
  gen_columns[27].gen_rows[4].pe_i_dut/WALLACE_CSA_DUMMY_OP_groupi_g11381/CO -       CI->CO F     FA1D0           1  1.0    32    89    4098    (-,-) 
  gen_columns[27].gen_rows[4].pe_i_dut/WALLACE_CSA_DUMMY_OP_groupi_g11380/CO -       CI->CO F     FA1D0           3  2.6    46    98    4195    (-,-) 
  gen_columns[27].gen_rows[4].pe_i_dut/WALLACE_CSA_DUMMY_OP_groupi_g11379/ZN -       A1->ZN F     INR2XD0         2  1.4    34    63    4258    (-,-) 
  gen_columns[27].gen_rows[4].pe_i_dut/WALLACE_CSA_DUMMY_OP_groupi_g11376/ZN -       A1->ZN F     IOA21D1         1  1.0    59    59    4317    (-,-) 
  gen_columns[27].gen_rows[4].pe_i_dut/WALLACE_CSA_DUMMY_OP_groupi_g11374/CO -       CI->CO F     FA1D0           1  1.0    32    95    4412    (-,-) 
  gen_columns[27].gen_rows[4].pe_i_dut/WALLACE_CSA_DUMMY_OP_groupi_g11373/CO -       CI->CO F     FA1D0           2  2.0    40    93    4506    (-,-) 
  gen_columns[27].gen_rows[4].pe_i_dut/WALLACE_CSA_DUMMY_OP_groupi_g11372/Z  -       A1->Z  F     AN3XD1          2  1.9    26    51    4557    (-,-) 
  gen_columns[27].gen_rows[4].pe_i_dut/g11156/ZN                             -       I->ZN  R     CKND1           1  1.0    19    20    4577    (-,-) 
  gen_columns[27].gen_rows[4].pe_i_dut/g11135/Z                              -       A1->Z  R     AN3XD1         37 36.8   305   219    4796    (-,-) 
  gen_columns[27].gen_rows[4].pe_i_dut/g15692/ZN                             -       A1->ZN R     INR2D0          1  0.7    47    97    4894    (-,-) 
  gen_columns[27].gen_rows[4].pe_i_dut/g11012/Z                              -       C->Z   R     AO221D0         1  1.0    45    70    4964    (-,-) 
  gen_columns[27].gen_rows[4].pe_i_dut/mid_pipe_final_sign_q_reg[1]/D        -       -      R     DFCNQD1         1    -     -     0    4964    (-,-) 
#-----------------------------------------------------------------------------------------------------------------------------------------------------

Capture clock path:
#----------------------------------------------------------------------------------------------------------------------------------------------
#                            Timing Point                              Flags   Arc   Edge   Cell      Fanout Load Trans Delay Arrival Instance 
#                                                                                                            (fF)  (ps)  (ps)   (ps)  Location 
#----------------------------------------------------------------------------------------------------------------------------------------------
  clk                                                                  (i)     -     R     (arrival)  261922  0.0     0     0    5000    (-,-) 
  gen_columns[27].gen_rows[4].pe_i_dut/mid_pipe_final_sign_q_reg[1]/CP <<<     -     R     DFCNQD1    261922    -     0     0    5000    (-,-) 
#----------------------------------------------------------------------------------------------------------------------------------------------



Path 3: MET (0 ps) Setup Check with Pin gen_columns[27].gen_rows[5].pe_i_dut/mid_pipe_final_sign_q_reg[1]/CP->D
          Group: clk
     Startpoint: (R) gen_columns[27].gen_rows[5].pe_i_dut/inp_pipe_operands_q_reg[1][0][9]/CP
          Clock: (R) clk
       Endpoint: (R) gen_columns[27].gen_rows[5].pe_i_dut/mid_pipe_final_sign_q_reg[1]/D
          Clock: (R) clk

                     Capture       Launch     
        Clock Edge:+    5000            0     
       Src Latency:+       0            0     
       Net Latency:+       0 (I)        0 (I) 
           Arrival:=    5000            0     
                                              
             Setup:-      36                  
     Required Time:=    4964                  
      Launch Clock:-       0                  
         Data Path:-    4964                  
             Slack:=       0                  

Launch clock path:
#--------------------------------------------------------------------------------------------------------------------------------------------------
#                              Timing Point                                Flags   Arc   Edge   Cell      Fanout Load Trans Delay Arrival Instance 
#                                                                                                                (fF)  (ps)  (ps)   (ps)  Location 
#--------------------------------------------------------------------------------------------------------------------------------------------------
  clk                                                                      (i)     -     R     (arrival)  261922  0.0     0     0       0    (-,-) 
  gen_columns[27].gen_rows[5].pe_i_dut/inp_pipe_operands_q_reg[1][0][9]/CP <<<     -     R     SDFCNQD1   261922    -     0     0       0    (-,-) 
#--------------------------------------------------------------------------------------------------------------------------------------------------

#-----------------------------------------------------------------------------------------------------------------------------------------------------
#                               Timing Point                                 Flags    Arc   Edge   Cell      Fanout Load Trans Delay Arrival Instance 
#                                                                                                                   (fF)  (ps)  (ps)   (ps)  Location 
#-----------------------------------------------------------------------------------------------------------------------------------------------------
  gen_columns[27].gen_rows[5].pe_i_dut/inp_pipe_operands_q_reg[1][0][9]/CP   -       -      R     (arrival)  261922    -     0     0       0    (-,-) 
  gen_columns[27].gen_rows[5].pe_i_dut/inp_pipe_operands_q_reg[1][0][9]/Q    -       CP->Q  R     SDFCNQD1       10 10.9    98   169     169    (-,-) 
  gen_columns[27].gen_rows[5].pe_i_dut/g15669/ZN                             -       A2->ZN F     NR2XD0          1  1.0    40    45     214    (-,-) 
  gen_columns[27].gen_rows[5].pe_i_dut/g15649/ZN                             -       A2->ZN R     CKND2D1         1  0.9    29    32     245    (-,-) 
  gen_columns[27].gen_rows[5].pe_i_dut/g15638/ZN                             -       B1->ZN F     INR2D1          1  0.9    18    18     263    (-,-) 
  gen_columns[27].gen_rows[5].pe_i_dut/g15626/ZN                             -       A1->ZN R     CKND2D1         2  2.7    49    33     297    (-,-) 
  gen_columns[27].gen_rows[5].pe_i_dut/g15609/ZN                             -       A2->ZN F     NR2XD1          2  3.7    38    41     338    (-,-) 
  gen_columns[27].gen_rows[5].pe_i_dut/g15599/ZN                             -       A2->ZN R     NR2XD2          6  6.9    44    43     381    (-,-) 
  gen_columns[27].gen_rows[5].pe_i_dut/g15593/ZN                             -       B->ZN  F     IOA21D1         2  1.8    35    34     415    (-,-) 
  gen_columns[27].gen_rows[5].pe_i_dut/g15578/ZN                             -       A1->ZN R     NR2XD0          2  1.8    46    40     455    (-,-) 
  gen_columns[27].gen_rows[5].pe_i_dut/g15567/ZN                             -       A1->ZN R     IAO22D1         2  2.5    66    80     535    (-,-) 
  gen_columns[27].gen_rows[5].pe_i_dut/g15557/ZN                             -       A1->ZN F     NR2XD1          2  1.8    29    32     567    (-,-) 
  gen_columns[27].gen_rows[5].pe_i_dut/g15738/ZN                             -       A1->ZN F     IND2D1          1  1.1    27    57     624    (-,-) 
  gen_columns[27].gen_rows[5].pe_i_dut/g15688/Z                              -       A2->Z  R     CKXOR2D1        4  4.9    57   113     737    (-,-) 
  gen_columns[27].gen_rows[5].pe_i_dut/g15696/ZN                             -       A->ZN  F     MAOI222D1       3  3.1   110    80     816    (-,-) 
  gen_columns[27].gen_rows[5].pe_i_dut/g15488/ZN                             -       I->ZN  R     CKND1           1  1.0    39    37     854    (-,-) 
  gen_columns[27].gen_rows[5].pe_i_dut/g15481/ZN                             -       A1->ZN F     AOI21D1         2  2.0    38    35     889    (-,-) 
  gen_columns[27].gen_rows[5].pe_i_dut/g15461/ZN                             -       A1->ZN R     OAI21D1         3  3.4    77    60     949    (-,-) 
  gen_columns[27].gen_rows[5].pe_i_dut/g15448/ZN                             -       I->ZN  F     INVD1           1  0.9    25    25     974    (-,-) 
  gen_columns[27].gen_rows[5].pe_i_dut/g15438/ZN                             -       A1->ZN R     OAI21D1         3  3.4    76    56    1030    (-,-) 
  gen_columns[27].gen_rows[5].pe_i_dut/g15429/ZN                             -       B2->ZN R     MOAI22D1        4  3.6    83    80    1110    (-,-) 
  gen_columns[27].gen_rows[5].pe_i_dut/g15737/ZN                             -       A1->ZN R     IND2D1          1  1.1    25    60    1170    (-,-) 
  gen_columns[27].gen_rows[5].pe_i_dut/g15416/ZN                             -       A1->ZN R     IOA21D2         5  5.8    41    68    1238    (-,-) 
  gen_columns[27].gen_rows[5].pe_i_dut/g15411/ZN                             -       A1->ZN F     NR2XD1          4  5.6    50    40    1278    (-,-) 
  gen_columns[27].gen_rows[5].pe_i_dut/g15408/ZN                             -       I->ZN  R     INVD2           7  8.7    48    44    1322    (-,-) 
  gen_columns[27].gen_rows[5].pe_i_dut/g15378/Z                              -       A2->Z  R     AN2D2           9  7.4    43    75    1398    (-,-) 
  gen_columns[27].gen_rows[5].pe_i_dut/g15342/ZN                             -       A1->ZN R     IOA21D1         1  0.8    26    64    1462    (-,-) 
  gen_columns[27].gen_rows[5].pe_i_dut/g15314/ZN                             -       A1->ZN F     NR2XD0          2  1.6    32    28    1490    (-,-) 
  gen_columns[27].gen_rows[5].pe_i_dut/g15693/ZN                             -       I0->ZN R     MUX2ND0         4  5.1   147   102    1593    (-,-) 
  gen_columns[27].gen_rows[5].pe_i_dut/g15260/ZN                             -       B1->ZN F     AOI22D2         4  3.7    70    66    1658    (-,-) 
  gen_columns[27].gen_rows[5].pe_i_dut/g15231/Z                              -       A1->Z  F     AN2XD1          1  1.1    17    51    1709    (-,-) 
  gen_columns[27].gen_rows[5].pe_i_dut/g15197/ZN                             -       B2->ZN R     OAI32D1         1  1.0    86    52    1762    (-,-) 
  gen_columns[27].gen_rows[5].pe_i_dut/g15187/ZN                             -       A2->ZN F     NR2XD0          1  0.9    36    42    1803    (-,-) 
  gen_columns[27].gen_rows[5].pe_i_dut/g15186/ZN                             -       B2->ZN R     IND3D1          2  1.4    34    30    1833    (-,-) 
  gen_columns[27].gen_rows[5].pe_i_dut/g15182/ZN                             -       A1->ZN F     NR2XD0          2  1.9    89    32    1866    (-,-) 
  gen_columns[27].gen_rows[5].pe_i_dut/WALLACE_CSA_DUMMY_OP_groupi_g11844/ZN -       A1->ZN R     ND2D1           3  2.7    50    49    1915    (-,-) 
  gen_columns[27].gen_rows[5].pe_i_dut/WALLACE_CSA_DUMMY_OP_groupi_g11738/ZN -       B1->ZN F     INR2D1          4  3.8    34    35    1950    (-,-) 
  gen_columns[27].gen_rows[5].pe_i_dut/WALLACE_CSA_DUMMY_OP_groupi_g11604/ZN -       B1->ZN R     IND2D1          1  1.1    24    25    1974    (-,-) 
  gen_columns[27].gen_rows[5].pe_i_dut/WALLACE_CSA_DUMMY_OP_groupi_g11598/ZN -       A1->ZN F     ND2D1           1  1.0    25    24    1999    (-,-) 
  gen_columns[27].gen_rows[5].pe_i_dut/WALLACE_CSA_DUMMY_OP_groupi_g11515/CO -       CI->CO F     FA1D0           3  3.0    49    98    2097    (-,-) 
  gen_columns[27].gen_rows[5].pe_i_dut/WALLACE_CSA_DUMMY_OP_groupi_g11511/ZN -       I->ZN  R     INVD1           1  1.0    25    26    2124    (-,-) 
  gen_columns[27].gen_rows[5].pe_i_dut/WALLACE_CSA_DUMMY_OP_groupi_g11502/ZN -       A1->ZN F     OAI21D1         1  1.0    34    25    2148    (-,-) 
  gen_columns[27].gen_rows[5].pe_i_dut/WALLACE_CSA_DUMMY_OP_groupi_g11464/CO -       CI->CO F     FA1D0           1  1.0    31    85    2234    (-,-) 
  gen_columns[27].gen_rows[5].pe_i_dut/WALLACE_CSA_DUMMY_OP_groupi_g11449/CO -       CI->CO F     FA1D0           1  1.0    31    84    2318    (-,-) 
  gen_columns[27].gen_rows[5].pe_i_dut/WALLACE_CSA_DUMMY_OP_groupi_g11436/CO -       CI->CO F     FA1D0           1  1.0    31    84    2402    (-,-) 
  gen_columns[27].gen_rows[5].pe_i_dut/WALLACE_CSA_DUMMY_OP_groupi_g11424/CO -       CI->CO F     FA1D0           1  1.0    31    84    2487    (-,-) 
  gen_columns[27].gen_rows[5].pe_i_dut/WALLACE_CSA_DUMMY_OP_groupi_g11416/CO -       CI->CO F     FA1D0           3  2.9    48   100    2587    (-,-) 
  gen_columns[27].gen_rows[5].pe_i_dut/WALLACE_CSA_DUMMY_OP_groupi_g11415/ZN -       I->ZN  R     CKND1           1  1.0    24    26    2613    (-,-) 
  gen_columns[27].gen_rows[5].pe_i_dut/WALLACE_CSA_DUMMY_OP_groupi_g2/Z      -       A1->Z  R     OA21D1          3  3.1    38    56    2669    (-,-) 
  gen_columns[27].gen_rows[5].pe_i_dut/WALLACE_CSA_DUMMY_OP_groupi_g11410/ZN -       A1->ZN F     OAI21D1         1  2.0    42    34    2703    (-,-) 
  gen_columns[27].gen_rows[5].pe_i_dut/WALLACE_CSA_DUMMY_OP_groupi_g11409/CO -       CI->CO F     FA1D1           1  2.0    31    70    2774    (-,-) 
  gen_columns[27].gen_rows[5].pe_i_dut/WALLACE_CSA_DUMMY_OP_groupi_g11408/CO -       CI->CO F     FA1D1           1  1.0    25    62    2835    (-,-) 
  gen_columns[27].gen_rows[5].pe_i_dut/WALLACE_CSA_DUMMY_OP_groupi_g11407/CO -       CI->CO F     FA1D0           1  1.0    31    82    2917    (-,-) 
  gen_columns[27].gen_rows[5].pe_i_dut/WALLACE_CSA_DUMMY_OP_groupi_g11406/CO -       CI->CO F     FA1D0           1  1.0    31    84    3002    (-,-) 
  gen_columns[27].gen_rows[5].pe_i_dut/WALLACE_CSA_DUMMY_OP_groupi_g11405/CO -       CI->CO F     FA1D0           3  2.6    46    98    3099    (-,-) 
  gen_columns[27].gen_rows[5].pe_i_dut/WALLACE_CSA_DUMMY_OP_groupi_g11403/ZN -       A1->ZN F     IOA21D1         1  1.0    26    63    3162    (-,-) 
  gen_columns[27].gen_rows[5].pe_i_dut/WALLACE_CSA_DUMMY_OP_groupi_g11402/CO -       CI->CO F     FA1D0           3  2.9    48    97    3260    (-,-) 
  gen_columns[27].gen_rows[5].pe_i_dut/WALLACE_CSA_DUMMY_OP_groupi_g11400/Z  -       A1->Z  F     AO21D1          3  2.9    31    70    3330    (-,-) 
  gen_columns[27].gen_rows[5].pe_i_dut/WALLACE_CSA_DUMMY_OP_groupi_g11398/ZN -       A1->ZN R     AOI21D1         3  3.1    79    54    3384    (-,-) 
  gen_columns[27].gen_rows[5].pe_i_dut/WALLACE_CSA_DUMMY_OP_groupi_g11396/ZN -       A1->ZN F     OAI21D1         1  1.0    37    36    3420    (-,-) 
  gen_columns[27].gen_rows[5].pe_i_dut/WALLACE_CSA_DUMMY_OP_groupi_g11395/CO -       CI->CO F     FA1D0           1  1.0    31    86    3506    (-,-) 
  gen_columns[27].gen_rows[5].pe_i_dut/WALLACE_CSA_DUMMY_OP_groupi_g11394/CO -       CI->CO F     FA1D0           1  1.0    31    84    3591    (-,-) 
  gen_columns[27].gen_rows[5].pe_i_dut/WALLACE_CSA_DUMMY_OP_groupi_g11393/CO -       CI->CO F     FA1D0           3  2.9    48   100    3691    (-,-) 
  gen_columns[27].gen_rows[5].pe_i_dut/WALLACE_CSA_DUMMY_OP_groupi_g11391/ZN -       A1->ZN R     AOI21D1         1  1.1    48    41    3732    (-,-) 
  gen_columns[27].gen_rows[5].pe_i_dut/WALLACE_CSA_DUMMY_OP_groupi_g11390/CO -       CI->CO R     FA1D0           1  1.1    34    84    3816    (-,-) 
  gen_columns[27].gen_rows[5].pe_i_dut/WALLACE_CSA_DUMMY_OP_groupi_g11388/CO -       CI->CO R     FA1D0           3  2.9    58    96    3912    (-,-) 
  gen_columns[27].gen_rows[5].pe_i_dut/WALLACE_CSA_DUMMY_OP_groupi_g11386/ZN -       A1->ZN F     NR2XD0          2  1.5    36    37    3949    (-,-) 
  gen_columns[27].gen_rows[5].pe_i_dut/WALLACE_CSA_DUMMY_OP_groupi_g11383/ZN -       A1->ZN F     IOA21D1         1  1.0    43    60    4009    (-,-) 
  gen_columns[27].gen_rows[5].pe_i_dut/WALLACE_CSA_DUMMY_OP_groupi_g11381/CO -       CI->CO F     FA1D0           1  1.0    32    89    4098    (-,-) 
  gen_columns[27].gen_rows[5].pe_i_dut/WALLACE_CSA_DUMMY_OP_groupi_g11380/CO -       CI->CO F     FA1D0           3  2.6    46    98    4195    (-,-) 
  gen_columns[27].gen_rows[5].pe_i_dut/WALLACE_CSA_DUMMY_OP_groupi_g11379/ZN -       A1->ZN F     INR2XD0         2  1.4    34    63    4258    (-,-) 
  gen_columns[27].gen_rows[5].pe_i_dut/WALLACE_CSA_DUMMY_OP_groupi_g11376/ZN -       A1->ZN F     IOA21D1         1  1.0    59    59    4317    (-,-) 
  gen_columns[27].gen_rows[5].pe_i_dut/WALLACE_CSA_DUMMY_OP_groupi_g11374/CO -       CI->CO F     FA1D0           1  1.0    32    95    4412    (-,-) 
  gen_columns[27].gen_rows[5].pe_i_dut/WALLACE_CSA_DUMMY_OP_groupi_g11373/CO -       CI->CO F     FA1D0           2  2.0    40    93    4506    (-,-) 
  gen_columns[27].gen_rows[5].pe_i_dut/WALLACE_CSA_DUMMY_OP_groupi_g11372/Z  -       A1->Z  F     AN3XD1          2  1.9    26    51    4557    (-,-) 
  gen_columns[27].gen_rows[5].pe_i_dut/g11156/ZN                             -       I->ZN  R     CKND1           1  1.0    19    20    4577    (-,-) 
  gen_columns[27].gen_rows[5].pe_i_dut/g11135/Z                              -       A1->Z  R     AN3XD1         37 36.8   305   219    4796    (-,-) 
  gen_columns[27].gen_rows[5].pe_i_dut/g15692/ZN                             -       A1->ZN R     INR2D0          1  0.7    47    97    4894    (-,-) 
  gen_columns[27].gen_rows[5].pe_i_dut/g11012/Z                              -       C->Z   R     AO221D0         1  1.0    45    70    4964    (-,-) 
  gen_columns[27].gen_rows[5].pe_i_dut/mid_pipe_final_sign_q_reg[1]/D        -       -      R     DFCNQD1         1    -     -     0    4964    (-,-) 
#-----------------------------------------------------------------------------------------------------------------------------------------------------

Capture clock path:
#----------------------------------------------------------------------------------------------------------------------------------------------
#                            Timing Point                              Flags   Arc   Edge   Cell      Fanout Load Trans Delay Arrival Instance 
#                                                                                                            (fF)  (ps)  (ps)   (ps)  Location 
#----------------------------------------------------------------------------------------------------------------------------------------------
  clk                                                                  (i)     -     R     (arrival)  261922  0.0     0     0    5000    (-,-) 
  gen_columns[27].gen_rows[5].pe_i_dut/mid_pipe_final_sign_q_reg[1]/CP <<<     -     R     DFCNQD1    261922    -     0     0    5000    (-,-) 
#----------------------------------------------------------------------------------------------------------------------------------------------



Path 4: MET (0 ps) Setup Check with Pin gen_columns[27].gen_rows[6].pe_i_dut/mid_pipe_final_sign_q_reg[1]/CP->D
          Group: clk
     Startpoint: (R) gen_columns[27].gen_rows[6].pe_i_dut/inp_pipe_operands_q_reg[1][0][9]/CP
          Clock: (R) clk
       Endpoint: (R) gen_columns[27].gen_rows[6].pe_i_dut/mid_pipe_final_sign_q_reg[1]/D
          Clock: (R) clk

                     Capture       Launch     
        Clock Edge:+    5000            0     
       Src Latency:+       0            0     
       Net Latency:+       0 (I)        0 (I) 
           Arrival:=    5000            0     
                                              
             Setup:-      36                  
     Required Time:=    4964                  
      Launch Clock:-       0                  
         Data Path:-    4964                  
             Slack:=       0                  

Launch clock path:
#--------------------------------------------------------------------------------------------------------------------------------------------------
#                              Timing Point                                Flags   Arc   Edge   Cell      Fanout Load Trans Delay Arrival Instance 
#                                                                                                                (fF)  (ps)  (ps)   (ps)  Location 
#--------------------------------------------------------------------------------------------------------------------------------------------------
  clk                                                                      (i)     -     R     (arrival)  261922  0.0     0     0       0    (-,-) 
  gen_columns[27].gen_rows[6].pe_i_dut/inp_pipe_operands_q_reg[1][0][9]/CP <<<     -     R     SDFCNQD1   261922    -     0     0       0    (-,-) 
#--------------------------------------------------------------------------------------------------------------------------------------------------

#-----------------------------------------------------------------------------------------------------------------------------------------------------
#                               Timing Point                                 Flags    Arc   Edge   Cell      Fanout Load Trans Delay Arrival Instance 
#                                                                                                                   (fF)  (ps)  (ps)   (ps)  Location 
#-----------------------------------------------------------------------------------------------------------------------------------------------------
  gen_columns[27].gen_rows[6].pe_i_dut/inp_pipe_operands_q_reg[1][0][9]/CP   -       -      R     (arrival)  261922    -     0     0       0    (-,-) 
  gen_columns[27].gen_rows[6].pe_i_dut/inp_pipe_operands_q_reg[1][0][9]/Q    -       CP->Q  R     SDFCNQD1       10 10.9    98   169     169    (-,-) 
  gen_columns[27].gen_rows[6].pe_i_dut/g15669/ZN                             -       A2->ZN F     NR2XD0          1  1.0    40    45     214    (-,-) 
  gen_columns[27].gen_rows[6].pe_i_dut/g15649/ZN                             -       A2->ZN R     CKND2D1         1  0.9    29    32     245    (-,-) 
  gen_columns[27].gen_rows[6].pe_i_dut/g15638/ZN                             -       B1->ZN F     INR2D1          1  0.9    18    18     263    (-,-) 
  gen_columns[27].gen_rows[6].pe_i_dut/g15626/ZN                             -       A1->ZN R     CKND2D1         2  2.7    49    33     297    (-,-) 
  gen_columns[27].gen_rows[6].pe_i_dut/g15609/ZN                             -       A2->ZN F     NR2XD1          2  3.7    38    41     338    (-,-) 
  gen_columns[27].gen_rows[6].pe_i_dut/g15599/ZN                             -       A2->ZN R     NR2XD2          6  6.9    44    43     381    (-,-) 
  gen_columns[27].gen_rows[6].pe_i_dut/g15593/ZN                             -       B->ZN  F     IOA21D1         2  1.8    35    34     415    (-,-) 
  gen_columns[27].gen_rows[6].pe_i_dut/g15578/ZN                             -       A1->ZN R     NR2XD0          2  1.8    46    40     455    (-,-) 
  gen_columns[27].gen_rows[6].pe_i_dut/g15567/ZN                             -       A1->ZN R     IAO22D1         2  2.5    66    80     535    (-,-) 
  gen_columns[27].gen_rows[6].pe_i_dut/g15557/ZN                             -       A1->ZN F     NR2XD1          2  1.8    29    32     567    (-,-) 
  gen_columns[27].gen_rows[6].pe_i_dut/g15738/ZN                             -       A1->ZN F     IND2D1          1  1.1    27    57     624    (-,-) 
  gen_columns[27].gen_rows[6].pe_i_dut/g15688/Z                              -       A2->Z  R     CKXOR2D1        4  4.9    57   113     737    (-,-) 
  gen_columns[27].gen_rows[6].pe_i_dut/g15696/ZN                             -       A->ZN  F     MAOI222D1       3  3.1   110    80     816    (-,-) 
  gen_columns[27].gen_rows[6].pe_i_dut/g15488/ZN                             -       I->ZN  R     CKND1           1  1.0    39    37     854    (-,-) 
  gen_columns[27].gen_rows[6].pe_i_dut/g15481/ZN                             -       A1->ZN F     AOI21D1         2  2.0    38    35     889    (-,-) 
  gen_columns[27].gen_rows[6].pe_i_dut/g15461/ZN                             -       A1->ZN R     OAI21D1         3  3.4    77    60     949    (-,-) 
  gen_columns[27].gen_rows[6].pe_i_dut/g15448/ZN                             -       I->ZN  F     INVD1           1  0.9    25    25     974    (-,-) 
  gen_columns[27].gen_rows[6].pe_i_dut/g15438/ZN                             -       A1->ZN R     OAI21D1         3  3.4    76    56    1030    (-,-) 
  gen_columns[27].gen_rows[6].pe_i_dut/g15429/ZN                             -       B2->ZN R     MOAI22D1        4  3.6    83    80    1110    (-,-) 
  gen_columns[27].gen_rows[6].pe_i_dut/g15737/ZN                             -       A1->ZN R     IND2D1          1  1.1    25    60    1170    (-,-) 
  gen_columns[27].gen_rows[6].pe_i_dut/g15416/ZN                             -       A1->ZN R     IOA21D2         5  5.8    41    68    1238    (-,-) 
  gen_columns[27].gen_rows[6].pe_i_dut/g15411/ZN                             -       A1->ZN F     NR2XD1          4  5.6    50    40    1278    (-,-) 
  gen_columns[27].gen_rows[6].pe_i_dut/g15408/ZN                             -       I->ZN  R     INVD2           7  8.7    48    44    1322    (-,-) 
  gen_columns[27].gen_rows[6].pe_i_dut/g15378/Z                              -       A2->Z  R     AN2D2           9  7.4    43    75    1398    (-,-) 
  gen_columns[27].gen_rows[6].pe_i_dut/g15342/ZN                             -       A1->ZN R     IOA21D1         1  0.8    26    64    1462    (-,-) 
  gen_columns[27].gen_rows[6].pe_i_dut/g15314/ZN                             -       A1->ZN F     NR2XD0          2  1.6    32    28    1490    (-,-) 
  gen_columns[27].gen_rows[6].pe_i_dut/g15693/ZN                             -       I0->ZN R     MUX2ND0         4  5.1   147   102    1593    (-,-) 
  gen_columns[27].gen_rows[6].pe_i_dut/g15260/ZN                             -       B1->ZN F     AOI22D2         4  3.7    70    66    1658    (-,-) 
  gen_columns[27].gen_rows[6].pe_i_dut/g15231/Z                              -       A1->Z  F     AN2XD1          1  1.1    17    51    1709    (-,-) 
  gen_columns[27].gen_rows[6].pe_i_dut/g15197/ZN                             -       B2->ZN R     OAI32D1         1  1.0    86    52    1762    (-,-) 
  gen_columns[27].gen_rows[6].pe_i_dut/g15187/ZN                             -       A2->ZN F     NR2XD0          1  0.9    36    42    1803    (-,-) 
  gen_columns[27].gen_rows[6].pe_i_dut/g15186/ZN                             -       B2->ZN R     IND3D1          2  1.4    34    30    1833    (-,-) 
  gen_columns[27].gen_rows[6].pe_i_dut/g15182/ZN                             -       A1->ZN F     NR2XD0          2  1.9    89    32    1866    (-,-) 
  gen_columns[27].gen_rows[6].pe_i_dut/WALLACE_CSA_DUMMY_OP_groupi_g11844/ZN -       A1->ZN R     ND2D1           3  2.7    50    49    1915    (-,-) 
  gen_columns[27].gen_rows[6].pe_i_dut/WALLACE_CSA_DUMMY_OP_groupi_g11738/ZN -       B1->ZN F     INR2D1          4  3.8    34    35    1950    (-,-) 
  gen_columns[27].gen_rows[6].pe_i_dut/WALLACE_CSA_DUMMY_OP_groupi_g11604/ZN -       B1->ZN R     IND2D1          1  1.1    24    25    1974    (-,-) 
  gen_columns[27].gen_rows[6].pe_i_dut/WALLACE_CSA_DUMMY_OP_groupi_g11598/ZN -       A1->ZN F     ND2D1           1  1.0    25    24    1999    (-,-) 
  gen_columns[27].gen_rows[6].pe_i_dut/WALLACE_CSA_DUMMY_OP_groupi_g11515/CO -       CI->CO F     FA1D0           3  3.0    49    98    2097    (-,-) 
  gen_columns[27].gen_rows[6].pe_i_dut/WALLACE_CSA_DUMMY_OP_groupi_g11511/ZN -       I->ZN  R     INVD1           1  1.0    25    26    2124    (-,-) 
  gen_columns[27].gen_rows[6].pe_i_dut/WALLACE_CSA_DUMMY_OP_groupi_g11502/ZN -       A1->ZN F     OAI21D1         1  1.0    34    25    2148    (-,-) 
  gen_columns[27].gen_rows[6].pe_i_dut/WALLACE_CSA_DUMMY_OP_groupi_g11464/CO -       CI->CO F     FA1D0           1  1.0    31    85    2234    (-,-) 
  gen_columns[27].gen_rows[6].pe_i_dut/WALLACE_CSA_DUMMY_OP_groupi_g11449/CO -       CI->CO F     FA1D0           1  1.0    31    84    2318    (-,-) 
  gen_columns[27].gen_rows[6].pe_i_dut/WALLACE_CSA_DUMMY_OP_groupi_g11436/CO -       CI->CO F     FA1D0           1  1.0    31    84    2402    (-,-) 
  gen_columns[27].gen_rows[6].pe_i_dut/WALLACE_CSA_DUMMY_OP_groupi_g11424/CO -       CI->CO F     FA1D0           1  1.0    31    84    2487    (-,-) 
  gen_columns[27].gen_rows[6].pe_i_dut/WALLACE_CSA_DUMMY_OP_groupi_g11416/CO -       CI->CO F     FA1D0           3  2.9    48   100    2587    (-,-) 
  gen_columns[27].gen_rows[6].pe_i_dut/WALLACE_CSA_DUMMY_OP_groupi_g11415/ZN -       I->ZN  R     CKND1           1  1.0    24    26    2613    (-,-) 
  gen_columns[27].gen_rows[6].pe_i_dut/WALLACE_CSA_DUMMY_OP_groupi_g2/Z      -       A1->Z  R     OA21D1          3  3.1    38    56    2669    (-,-) 
  gen_columns[27].gen_rows[6].pe_i_dut/WALLACE_CSA_DUMMY_OP_groupi_g11410/ZN -       A1->ZN F     OAI21D1         1  2.0    42    34    2703    (-,-) 
  gen_columns[27].gen_rows[6].pe_i_dut/WALLACE_CSA_DUMMY_OP_groupi_g11409/CO -       CI->CO F     FA1D1           1  2.0    31    70    2774    (-,-) 
  gen_columns[27].gen_rows[6].pe_i_dut/WALLACE_CSA_DUMMY_OP_groupi_g11408/CO -       CI->CO F     FA1D1           1  1.0    25    62    2835    (-,-) 
  gen_columns[27].gen_rows[6].pe_i_dut/WALLACE_CSA_DUMMY_OP_groupi_g11407/CO -       CI->CO F     FA1D0           1  1.0    31    82    2917    (-,-) 
  gen_columns[27].gen_rows[6].pe_i_dut/WALLACE_CSA_DUMMY_OP_groupi_g11406/CO -       CI->CO F     FA1D0           1  1.0    31    84    3002    (-,-) 
  gen_columns[27].gen_rows[6].pe_i_dut/WALLACE_CSA_DUMMY_OP_groupi_g11405/CO -       CI->CO F     FA1D0           3  2.6    46    98    3099    (-,-) 
  gen_columns[27].gen_rows[6].pe_i_dut/WALLACE_CSA_DUMMY_OP_groupi_g11403/ZN -       A1->ZN F     IOA21D1         1  1.0    26    63    3162    (-,-) 
  gen_columns[27].gen_rows[6].pe_i_dut/WALLACE_CSA_DUMMY_OP_groupi_g11402/CO -       CI->CO F     FA1D0           3  2.9    48    97    3260    (-,-) 
  gen_columns[27].gen_rows[6].pe_i_dut/WALLACE_CSA_DUMMY_OP_groupi_g11400/Z  -       A1->Z  F     AO21D1          3  2.9    31    70    3330    (-,-) 
  gen_columns[27].gen_rows[6].pe_i_dut/WALLACE_CSA_DUMMY_OP_groupi_g11398/ZN -       A1->ZN R     AOI21D1         3  3.1    79    54    3384    (-,-) 
  gen_columns[27].gen_rows[6].pe_i_dut/WALLACE_CSA_DUMMY_OP_groupi_g11396/ZN -       A1->ZN F     OAI21D1         1  1.0    37    36    3420    (-,-) 
  gen_columns[27].gen_rows[6].pe_i_dut/WALLACE_CSA_DUMMY_OP_groupi_g11395/CO -       CI->CO F     FA1D0           1  1.0    31    86    3506    (-,-) 
  gen_columns[27].gen_rows[6].pe_i_dut/WALLACE_CSA_DUMMY_OP_groupi_g11394/CO -       CI->CO F     FA1D0           1  1.0    31    84    3591    (-,-) 
  gen_columns[27].gen_rows[6].pe_i_dut/WALLACE_CSA_DUMMY_OP_groupi_g11393/CO -       CI->CO F     FA1D0           3  2.9    48   100    3691    (-,-) 
  gen_columns[27].gen_rows[6].pe_i_dut/WALLACE_CSA_DUMMY_OP_groupi_g11391/ZN -       A1->ZN R     AOI21D1         1  1.1    48    41    3732    (-,-) 
  gen_columns[27].gen_rows[6].pe_i_dut/WALLACE_CSA_DUMMY_OP_groupi_g11390/CO -       CI->CO R     FA1D0           1  1.1    34    84    3816    (-,-) 
  gen_columns[27].gen_rows[6].pe_i_dut/WALLACE_CSA_DUMMY_OP_groupi_g11388/CO -       CI->CO R     FA1D0           3  2.9    58    96    3912    (-,-) 
  gen_columns[27].gen_rows[6].pe_i_dut/WALLACE_CSA_DUMMY_OP_groupi_g11386/ZN -       A1->ZN F     NR2XD0          2  1.5    36    37    3949    (-,-) 
  gen_columns[27].gen_rows[6].pe_i_dut/WALLACE_CSA_DUMMY_OP_groupi_g11383/ZN -       A1->ZN F     IOA21D1         1  1.0    43    60    4009    (-,-) 
  gen_columns[27].gen_rows[6].pe_i_dut/WALLACE_CSA_DUMMY_OP_groupi_g11381/CO -       CI->CO F     FA1D0           1  1.0    32    89    4098    (-,-) 
  gen_columns[27].gen_rows[6].pe_i_dut/WALLACE_CSA_DUMMY_OP_groupi_g11380/CO -       CI->CO F     FA1D0           3  2.6    46    98    4195    (-,-) 
  gen_columns[27].gen_rows[6].pe_i_dut/WALLACE_CSA_DUMMY_OP_groupi_g11379/ZN -       A1->ZN F     INR2XD0         2  1.4    34    63    4258    (-,-) 
  gen_columns[27].gen_rows[6].pe_i_dut/WALLACE_CSA_DUMMY_OP_groupi_g11376/ZN -       A1->ZN F     IOA21D1         1  1.0    59    59    4317    (-,-) 
  gen_columns[27].gen_rows[6].pe_i_dut/WALLACE_CSA_DUMMY_OP_groupi_g11374/CO -       CI->CO F     FA1D0           1  1.0    32    95    4412    (-,-) 
  gen_columns[27].gen_rows[6].pe_i_dut/WALLACE_CSA_DUMMY_OP_groupi_g11373/CO -       CI->CO F     FA1D0           2  2.0    40    93    4506    (-,-) 
  gen_columns[27].gen_rows[6].pe_i_dut/WALLACE_CSA_DUMMY_OP_groupi_g11372/Z  -       A1->Z  F     AN3XD1          2  1.9    26    51    4557    (-,-) 
  gen_columns[27].gen_rows[6].pe_i_dut/g11156/ZN                             -       I->ZN  R     CKND1           1  1.0    19    20    4577    (-,-) 
  gen_columns[27].gen_rows[6].pe_i_dut/g11135/Z                              -       A1->Z  R     AN3XD1         37 36.8   305   219    4796    (-,-) 
  gen_columns[27].gen_rows[6].pe_i_dut/g15692/ZN                             -       A1->ZN R     INR2D0          1  0.7    47    97    4894    (-,-) 
  gen_columns[27].gen_rows[6].pe_i_dut/g11012/Z                              -       C->Z   R     AO221D0         1  1.0    45    70    4964    (-,-) 
  gen_columns[27].gen_rows[6].pe_i_dut/mid_pipe_final_sign_q_reg[1]/D        -       -      R     DFCNQD1         1    -     -     0    4964    (-,-) 
#-----------------------------------------------------------------------------------------------------------------------------------------------------

Capture clock path:
#----------------------------------------------------------------------------------------------------------------------------------------------
#                            Timing Point                              Flags   Arc   Edge   Cell      Fanout Load Trans Delay Arrival Instance 
#                                                                                                            (fF)  (ps)  (ps)   (ps)  Location 
#----------------------------------------------------------------------------------------------------------------------------------------------
  clk                                                                  (i)     -     R     (arrival)  261922  0.0     0     0    5000    (-,-) 
  gen_columns[27].gen_rows[6].pe_i_dut/mid_pipe_final_sign_q_reg[1]/CP <<<     -     R     DFCNQD1    261922    -     0     0    5000    (-,-) 
#----------------------------------------------------------------------------------------------------------------------------------------------



Path 5: MET (0 ps) Setup Check with Pin gen_columns[14].gen_rows[1].pe_i_dut/mid_pipe_final_sign_q_reg[1]/CP->D
          Group: clk
     Startpoint: (R) gen_columns[14].gen_rows[1].pe_i_dut/inp_pipe_operands_q_reg[1][0][13]/CP
          Clock: (R) clk
       Endpoint: (R) gen_columns[14].gen_rows[1].pe_i_dut/mid_pipe_final_sign_q_reg[1]/D
          Clock: (R) clk

                     Capture       Launch     
        Clock Edge:+    5000            0     
       Src Latency:+       0            0     
       Net Latency:+       0 (I)        0 (I) 
           Arrival:=    5000            0     
                                              
             Setup:-      36                  
     Required Time:=    4964                  
      Launch Clock:-       0                  
         Data Path:-    4964                  
             Slack:=       0                  

Launch clock path:
#---------------------------------------------------------------------------------------------------------------------------------------------------
#                               Timing Point                                Flags   Arc   Edge   Cell      Fanout Load Trans Delay Arrival Instance 
#                                                                                                                 (fF)  (ps)  (ps)   (ps)  Location 
#---------------------------------------------------------------------------------------------------------------------------------------------------
  clk                                                                       (i)     -     R     (arrival)  261922  0.0     0     0       0    (-,-) 
  gen_columns[14].gen_rows[1].pe_i_dut/inp_pipe_operands_q_reg[1][0][13]/CP <<<     -     R     SDFCNQD1   261922    -     0     0       0    (-,-) 
#---------------------------------------------------------------------------------------------------------------------------------------------------

#-----------------------------------------------------------------------------------------------------------------------------------------------------
#                               Timing Point                                 Flags    Arc   Edge   Cell      Fanout Load Trans Delay Arrival Instance 
#                                                                                                                   (fF)  (ps)  (ps)   (ps)  Location 
#-----------------------------------------------------------------------------------------------------------------------------------------------------
  gen_columns[14].gen_rows[1].pe_i_dut/inp_pipe_operands_q_reg[1][0][13]/CP  -       -      R     (arrival)  261922    -     0     0       0    (-,-) 
  gen_columns[14].gen_rows[1].pe_i_dut/inp_pipe_operands_q_reg[1][0][13]/Q   -       CP->Q  F     SDFCNQD1        5  5.4    40   144     144    (-,-) 
  gen_columns[14].gen_rows[1].pe_i_dut/g15650/ZN                             -       A3->ZN R     NR3D0           1  1.0    56    58     202    (-,-) 
  gen_columns[14].gen_rows[1].pe_i_dut/g15643/ZN                             -       A1->ZN F     CKND2D1         2  1.8    36    36     239    (-,-) 
  gen_columns[14].gen_rows[1].pe_i_dut/g15623/ZN                             -       A1->ZN R     NR2XD0          2  2.7    60    49     288    (-,-) 
  gen_columns[14].gen_rows[1].pe_i_dut/g15612/ZN                             -       A1->ZN F     CKND2D2         2  3.7    37    34     322    (-,-) 
  gen_columns[14].gen_rows[1].pe_i_dut/g15604/ZN                             -       A2->ZN R     CKND2D3         9  9.6    50    44     366    (-,-) 
  gen_columns[14].gen_rows[1].pe_i_dut/g15706/ZN                             -       B1->ZN F     INR2D2          3  2.9    22    23     389    (-,-) 
  gen_columns[14].gen_rows[1].pe_i_dut/g15590/ZN                             -       I->ZN  R     CKND1           1  1.0    18    19     409    (-,-) 
  gen_columns[14].gen_rows[1].pe_i_dut/g15587/ZN                             -       A1->ZN F     CKND2D1         1  1.0    27    22     430    (-,-) 
  gen_columns[14].gen_rows[1].pe_i_dut/g15573/ZN                             -       A2->ZN R     CKND2D1         3  3.2    51    42     472    (-,-) 
  gen_columns[14].gen_rows[1].pe_i_dut/g15756/ZN                             -       A1->ZN R     INR2D2          3  4.1    53    71     543    (-,-) 
  gen_columns[14].gen_rows[1].pe_i_dut/g15543/ZN                             -       A2->ZN F     AOI21D2         2  2.4    32    35     579    (-,-) 
  gen_columns[14].gen_rows[1].pe_i_dut/g15510/ZN                             -       A1->ZN R     OAI21D1         3  2.8    67    53     632    (-,-) 
  gen_columns[14].gen_rows[1].pe_i_dut/g15498/ZN                             -       B1->ZN R     MOAI22D1        5  4.7    98    82     713    (-,-) 
  gen_columns[14].gen_rows[1].pe_i_dut/g15496/ZN                             -       I->ZN  F     INVD1           2  1.9    36    35     748    (-,-) 
  gen_columns[14].gen_rows[1].pe_i_dut/g15492/ZN                             -       A1->ZN R     NR2D1           1  2.0    52    44     792    (-,-) 
  gen_columns[14].gen_rows[1].pe_i_dut/g15463/ZN                             -       A2->ZN F     OAI21D2         2  2.6    36    37     830    (-,-) 
  gen_columns[14].gen_rows[1].pe_i_dut/g15709/Z                              -       A1->Z  F     XOR4D0          4  3.5    71   167     997    (-,-) 
  gen_columns[14].gen_rows[1].pe_i_dut/g15434/ZN                             -       I->ZN  R     CKND1           2  2.0    36    38    1035    (-,-) 
  gen_columns[14].gen_rows[1].pe_i_dut/g15432/ZN                             -       A1->ZN F     CKND2D1         1  1.0    25    26    1061    (-,-) 
  gen_columns[14].gen_rows[1].pe_i_dut/g15422/ZN                             -       A2->ZN R     CKND2D1         1  2.4    44    36    1098    (-,-) 
  gen_columns[14].gen_rows[1].pe_i_dut/g15700/ZN                             -       B1->ZN F     IND2D2          3  4.9    38    39    1137    (-,-) 
  gen_columns[14].gen_rows[1].pe_i_dut/g15417/ZN                             -       I->ZN  R     INVD1           2  3.0    37    34    1171    (-,-) 
  gen_columns[14].gen_rows[1].pe_i_dut/g15416/ZN                             -       I->ZN  F     CKND2           1  3.6    22    24    1195    (-,-) 
  gen_columns[14].gen_rows[1].pe_i_dut/g15401/ZN                             -       B->ZN  R     OAI21D4         7  9.2    62    32    1227    (-,-) 
  gen_columns[14].gen_rows[1].pe_i_dut/g15397/ZN                             -       I->ZN  F     INVD2           2  2.3    23    23    1251    (-,-) 
  gen_columns[14].gen_rows[1].pe_i_dut/g15390/ZN                             -       A1->ZN R     NR2XD1          8  7.4    69    50    1301    (-,-) 
  gen_columns[14].gen_rows[1].pe_i_dut/g15383/ZN                             -       I->ZN  F     INVD1           2  1.7    28    29    1330    (-,-) 
  gen_columns[14].gen_rows[1].pe_i_dut/g15340/ZN                             -       B1->ZN R     OAI22D1         1  1.0    63    52    1382    (-,-) 
  gen_columns[14].gen_rows[1].pe_i_dut/g15306/ZN                             -       A2->ZN F     NR2XD0          2  1.9    40    44    1426    (-,-) 
  gen_columns[14].gen_rows[1].pe_i_dut/g15285/ZN                             -       A1->ZN R     OAI21D1         3  2.8    69    55    1481    (-,-) 
  gen_columns[14].gen_rows[1].pe_i_dut/g15278/ZN                             -       I->ZN  F     INVD1           4  3.1    34    36    1517    (-,-) 
  gen_columns[14].gen_rows[1].pe_i_dut/g15252/ZN                             -       A1->ZN R     OAI22D1         2  2.1    84    50    1567    (-,-) 
  gen_columns[14].gen_rows[1].pe_i_dut/g15226/ZN                             -       A2->ZN F     NR2XD0          1  1.1    38    43    1610    (-,-) 
  gen_columns[14].gen_rows[1].pe_i_dut/g15192/ZN                             -       B2->ZN R     OAI32D1         1  1.0    85    59    1669    (-,-) 
  gen_columns[14].gen_rows[1].pe_i_dut/g15182/ZN                             -       A2->ZN F     NR2XD0          1  0.9    36    41    1710    (-,-) 
  gen_columns[14].gen_rows[1].pe_i_dut/g15181/ZN                             -       B2->ZN R     IND3D1          2  1.4    34    30    1740    (-,-) 
  gen_columns[14].gen_rows[1].pe_i_dut/g15177/ZN                             -       A1->ZN F     NR2XD0          2  1.6    81    30    1770    (-,-) 
  gen_columns[14].gen_rows[1].pe_i_dut/WALLACE_CSA_DUMMY_OP_groupi_g11780/Z  -       A1->Z  F     AN2XD1          3  2.9    26    60    1831    (-,-) 
  gen_columns[14].gen_rows[1].pe_i_dut/WALLACE_CSA_DUMMY_OP_groupi_g11675/ZN -       A1->ZN R     ND2D1           3  3.6    54    36    1866    (-,-) 
  gen_columns[14].gen_rows[1].pe_i_dut/WALLACE_CSA_DUMMY_OP_groupi_g11538/ZN -       A1->ZN F     OAI21D1         1  1.0    33    32    1898    (-,-) 
  gen_columns[14].gen_rows[1].pe_i_dut/WALLACE_CSA_DUMMY_OP_groupi_g11457/CO -       CI->CO F     FA1D0           1  1.0    31    85    1983    (-,-) 
  gen_columns[14].gen_rows[1].pe_i_dut/WALLACE_CSA_DUMMY_OP_groupi_g11427/CO -       CI->CO F     FA1D0           3  2.9    48   100    2083    (-,-) 
  gen_columns[14].gen_rows[1].pe_i_dut/WALLACE_CSA_DUMMY_OP_groupi_g11426/ZN -       I->ZN  R     CKND1           1  1.0    24    26    2109    (-,-) 
  gen_columns[14].gen_rows[1].pe_i_dut/WALLACE_CSA_DUMMY_OP_groupi_g11415/ZN -       A1->ZN F     OAI21D1         1  1.0    33    24    2134    (-,-) 
  gen_columns[14].gen_rows[1].pe_i_dut/WALLACE_CSA_DUMMY_OP_groupi_g11398/CO -       CI->CO F     FA1D0           1  1.0    31    85    2219    (-,-) 
  gen_columns[14].gen_rows[1].pe_i_dut/WALLACE_CSA_DUMMY_OP_groupi_g11390/CO -       CI->CO F     FA1D0           1  1.0    31    84    2303    (-,-) 
  gen_columns[14].gen_rows[1].pe_i_dut/WALLACE_CSA_DUMMY_OP_groupi_g11378/CO -       CI->CO F     FA1D0           1  1.0    31    84    2388    (-,-) 
  gen_columns[14].gen_rows[1].pe_i_dut/WALLACE_CSA_DUMMY_OP_groupi_g11370/CO -       CI->CO F     FA1D0           3  2.9    48   100    2488    (-,-) 
  gen_columns[14].gen_rows[1].pe_i_dut/WALLACE_CSA_DUMMY_OP_groupi_g11369/ZN -       I->ZN  R     CKND1           1  1.0    24    26    2514    (-,-) 
  gen_columns[14].gen_rows[1].pe_i_dut/WALLACE_CSA_DUMMY_OP_groupi_g2/Z      -       A1->Z  R     OA21D1          3  3.1    38    56    2570    (-,-) 
  gen_columns[14].gen_rows[1].pe_i_dut/WALLACE_CSA_DUMMY_OP_groupi_g11364/ZN -       A1->ZN F     OAI21D1         1  1.0    33    28    2598    (-,-) 
  gen_columns[14].gen_rows[1].pe_i_dut/WALLACE_CSA_DUMMY_OP_groupi_g11363/CO -       CI->CO F     FA1D0           1  1.0    31    85    2683    (-,-) 
  gen_columns[14].gen_rows[1].pe_i_dut/WALLACE_CSA_DUMMY_OP_groupi_g11362/CO -       CI->CO F     FA1D0           1  1.0    31    84    2768    (-,-) 
  gen_columns[14].gen_rows[1].pe_i_dut/WALLACE_CSA_DUMMY_OP_groupi_g11361/CO -       CI->CO F     FA1D0           1  1.0    31    84    2852    (-,-) 
  gen_columns[14].gen_rows[1].pe_i_dut/WALLACE_CSA_DUMMY_OP_groupi_g11360/CO -       CI->CO F     FA1D0           1  1.0    31    84    2937    (-,-) 
  gen_columns[14].gen_rows[1].pe_i_dut/WALLACE_CSA_DUMMY_OP_groupi_g11359/CO -       CI->CO F     FA1D0           3  2.6    46    98    3034    (-,-) 
  gen_columns[14].gen_rows[1].pe_i_dut/WALLACE_CSA_DUMMY_OP_groupi_g11357/ZN -       A1->ZN F     IOA21D1         1  1.0    26    63    3097    (-,-) 
  gen_columns[14].gen_rows[1].pe_i_dut/WALLACE_CSA_DUMMY_OP_groupi_g11356/CO -       CI->CO F     FA1D0           3  2.6    46    95    3192    (-,-) 
  gen_columns[14].gen_rows[1].pe_i_dut/WALLACE_CSA_DUMMY_OP_groupi_g11354/ZN -       A1->ZN F     IOA21D1         1  1.0    25    63    3256    (-,-) 
  gen_columns[14].gen_rows[1].pe_i_dut/WALLACE_CSA_DUMMY_OP_groupi_g11353/CO -       CI->CO F     FA1D0           1  1.0    31    82    3338    (-,-) 
  gen_columns[14].gen_rows[1].pe_i_dut/WALLACE_CSA_DUMMY_OP_groupi_g11352/CO -       CI->CO F     FA1D0           1  1.0    31    84    3422    (-,-) 
  gen_columns[14].gen_rows[1].pe_i_dut/WALLACE_CSA_DUMMY_OP_groupi_g11351/CO -       CI->CO F     FA1D0           1  1.0    31    84    3507    (-,-) 
  gen_columns[14].gen_rows[1].pe_i_dut/WALLACE_CSA_DUMMY_OP_groupi_g11350/CO -       CI->CO F     FA1D0           1  1.0    31    84    3591    (-,-) 
  gen_columns[14].gen_rows[1].pe_i_dut/WALLACE_CSA_DUMMY_OP_groupi_g11349/CO -       CI->CO F     FA1D0           3  2.9    48   100    3691    (-,-) 
  gen_columns[14].gen_rows[1].pe_i_dut/WALLACE_CSA_DUMMY_OP_groupi_g11347/ZN -       A1->ZN R     AOI21D1         1  1.1    48    41    3732    (-,-) 
  gen_columns[14].gen_rows[1].pe_i_dut/WALLACE_CSA_DUMMY_OP_groupi_g11346/CO -       CI->CO R     FA1D0           1  1.1    34    84    3816    (-,-) 
  gen_columns[14].gen_rows[1].pe_i_dut/WALLACE_CSA_DUMMY_OP_groupi_g11344/CO -       CI->CO R     FA1D0           3  2.9    58    96    3912    (-,-) 
  gen_columns[14].gen_rows[1].pe_i_dut/WALLACE_CSA_DUMMY_OP_groupi_g11342/ZN -       A1->ZN F     NR2XD0          2  1.5    36    37    3949    (-,-) 
  gen_columns[14].gen_rows[1].pe_i_dut/WALLACE_CSA_DUMMY_OP_groupi_g11339/ZN -       A1->ZN F     IOA21D1         1  1.0    42    60    4009    (-,-) 
  gen_columns[14].gen_rows[1].pe_i_dut/WALLACE_CSA_DUMMY_OP_groupi_g11337/CO -       CI->CO F     FA1D0           1  1.0    32    89    4098    (-,-) 
  gen_columns[14].gen_rows[1].pe_i_dut/WALLACE_CSA_DUMMY_OP_groupi_g11336/CO -       CI->CO F     FA1D0           3  2.6    46    98    4195    (-,-) 
  gen_columns[14].gen_rows[1].pe_i_dut/WALLACE_CSA_DUMMY_OP_groupi_g11335/ZN -       A1->ZN F     INR2XD0         2  1.4    34    63    4258    (-,-) 
  gen_columns[14].gen_rows[1].pe_i_dut/WALLACE_CSA_DUMMY_OP_groupi_g11332/ZN -       A1->ZN F     IOA21D1         1  1.0    59    59    4317    (-,-) 
  gen_columns[14].gen_rows[1].pe_i_dut/WALLACE_CSA_DUMMY_OP_groupi_g11330/CO -       CI->CO F     FA1D0           1  1.0    32    95    4412    (-,-) 
  gen_columns[14].gen_rows[1].pe_i_dut/WALLACE_CSA_DUMMY_OP_groupi_g11329/CO -       CI->CO F     FA1D0           2  2.0    40    93    4506    (-,-) 
  gen_columns[14].gen_rows[1].pe_i_dut/WALLACE_CSA_DUMMY_OP_groupi_g11328/Z  -       A1->Z  F     AN3XD1          2  1.9    26    51    4557    (-,-) 
  gen_columns[14].gen_rows[1].pe_i_dut/g11155/ZN                             -       I->ZN  R     CKND1           1  1.0    19    20    4577    (-,-) 
  gen_columns[14].gen_rows[1].pe_i_dut/g11134/Z                              -       A1->Z  R     AN3XD1         37 36.8   305   219    4796    (-,-) 
  gen_columns[14].gen_rows[1].pe_i_dut/g15708/ZN                             -       A1->ZN R     INR2D0          1  0.7    47    97    4894    (-,-) 
  gen_columns[14].gen_rows[1].pe_i_dut/g11011/Z                              -       C->Z   R     AO221D0         1  1.0    45    70    4964    (-,-) 
  gen_columns[14].gen_rows[1].pe_i_dut/mid_pipe_final_sign_q_reg[1]/D        -       -      R     DFCNQD1         1    -     -     0    4964    (-,-) 
#-----------------------------------------------------------------------------------------------------------------------------------------------------

Capture clock path:
#----------------------------------------------------------------------------------------------------------------------------------------------
#                            Timing Point                              Flags   Arc   Edge   Cell      Fanout Load Trans Delay Arrival Instance 
#                                                                                                            (fF)  (ps)  (ps)   (ps)  Location 
#----------------------------------------------------------------------------------------------------------------------------------------------
  clk                                                                  (i)     -     R     (arrival)  261922  0.0     0     0    5000    (-,-) 
  gen_columns[14].gen_rows[1].pe_i_dut/mid_pipe_final_sign_q_reg[1]/CP <<<     -     R     DFCNQD1    261922    -     0     0    5000    (-,-) 
#----------------------------------------------------------------------------------------------------------------------------------------------



Path 6: MET (0 ps) Setup Check with Pin gen_columns[23].gen_rows[6].pe_i_dut/mid_pipe_final_sign_q_reg[1]/CP->D
          Group: clk
     Startpoint: (R) gen_columns[23].gen_rows[6].pe_i_dut/inp_pipe_operands_q_reg[1][0][9]/CP
          Clock: (R) clk
       Endpoint: (R) gen_columns[23].gen_rows[6].pe_i_dut/mid_pipe_final_sign_q_reg[1]/D
          Clock: (R) clk

                     Capture       Launch     
        Clock Edge:+    5000            0     
       Src Latency:+       0            0     
       Net Latency:+       0 (I)        0 (I) 
           Arrival:=    5000            0     
                                              
             Setup:-      36                  
     Required Time:=    4964                  
      Launch Clock:-       0                  
         Data Path:-    4964                  
             Slack:=       0                  

Launch clock path:
#--------------------------------------------------------------------------------------------------------------------------------------------------
#                              Timing Point                                Flags   Arc   Edge   Cell      Fanout Load Trans Delay Arrival Instance 
#                                                                                                                (fF)  (ps)  (ps)   (ps)  Location 
#--------------------------------------------------------------------------------------------------------------------------------------------------
  clk                                                                      (i)     -     R     (arrival)  261922  0.0     0     0       0    (-,-) 
  gen_columns[23].gen_rows[6].pe_i_dut/inp_pipe_operands_q_reg[1][0][9]/CP <<<     -     R     SDFCNQD1   261922    -     0     0       0    (-,-) 
#--------------------------------------------------------------------------------------------------------------------------------------------------

#-----------------------------------------------------------------------------------------------------------------------------------------------------
#                               Timing Point                                 Flags    Arc   Edge   Cell      Fanout Load Trans Delay Arrival Instance 
#                                                                                                                   (fF)  (ps)  (ps)   (ps)  Location 
#-----------------------------------------------------------------------------------------------------------------------------------------------------
  gen_columns[23].gen_rows[6].pe_i_dut/inp_pipe_operands_q_reg[1][0][9]/CP   -       -      R     (arrival)  261922    -     0     0       0    (-,-) 
  gen_columns[23].gen_rows[6].pe_i_dut/inp_pipe_operands_q_reg[1][0][9]/Q    -       CP->Q  R     SDFCNQD1       10 10.9    98   169     169    (-,-) 
  gen_columns[23].gen_rows[6].pe_i_dut/g15669/ZN                             -       A2->ZN F     NR2XD0          1  1.0    40    45     214    (-,-) 
  gen_columns[23].gen_rows[6].pe_i_dut/g15649/ZN                             -       A2->ZN R     CKND2D1         1  0.9    29    32     245    (-,-) 
  gen_columns[23].gen_rows[6].pe_i_dut/g15638/ZN                             -       B1->ZN F     INR2D1          1  0.9    18    18     263    (-,-) 
  gen_columns[23].gen_rows[6].pe_i_dut/g15626/ZN                             -       A1->ZN R     CKND2D1         2  2.7    49    33     297    (-,-) 
  gen_columns[23].gen_rows[6].pe_i_dut/g15609/ZN                             -       A2->ZN F     NR2XD1          2  3.7    38    41     338    (-,-) 
  gen_columns[23].gen_rows[6].pe_i_dut/g15599/ZN                             -       A2->ZN R     NR2XD2          6  6.9    44    43     381    (-,-) 
  gen_columns[23].gen_rows[6].pe_i_dut/g15593/ZN                             -       B->ZN  F     IOA21D1         2  1.8    35    34     415    (-,-) 
  gen_columns[23].gen_rows[6].pe_i_dut/g15578/ZN                             -       A1->ZN R     NR2XD0          2  1.8    46    40     455    (-,-) 
  gen_columns[23].gen_rows[6].pe_i_dut/g15567/ZN                             -       A1->ZN R     IAO22D1         2  2.5    66    80     535    (-,-) 
  gen_columns[23].gen_rows[6].pe_i_dut/g15557/ZN                             -       A1->ZN F     NR2XD1          2  1.8    29    32     567    (-,-) 
  gen_columns[23].gen_rows[6].pe_i_dut/g15738/ZN                             -       A1->ZN F     IND2D1          1  1.1    27    57     624    (-,-) 
  gen_columns[23].gen_rows[6].pe_i_dut/g15688/Z                              -       A2->Z  R     CKXOR2D1        4  4.9    57   113     737    (-,-) 
  gen_columns[23].gen_rows[6].pe_i_dut/g15696/ZN                             -       A->ZN  F     MAOI222D1       3  3.1   110    80     816    (-,-) 
  gen_columns[23].gen_rows[6].pe_i_dut/g15488/ZN                             -       I->ZN  R     CKND1           1  1.0    39    37     854    (-,-) 
  gen_columns[23].gen_rows[6].pe_i_dut/g15481/ZN                             -       A1->ZN F     AOI21D1         2  2.0    38    35     889    (-,-) 
  gen_columns[23].gen_rows[6].pe_i_dut/g15461/ZN                             -       A1->ZN R     OAI21D1         3  3.4    77    60     949    (-,-) 
  gen_columns[23].gen_rows[6].pe_i_dut/g15448/ZN                             -       I->ZN  F     INVD1           1  0.9    25    25     974    (-,-) 
  gen_columns[23].gen_rows[6].pe_i_dut/g15438/ZN                             -       A1->ZN R     OAI21D1         3  3.4    76    56    1030    (-,-) 
  gen_columns[23].gen_rows[6].pe_i_dut/g15429/ZN                             -       B2->ZN R     MOAI22D1        4  3.6    83    80    1110    (-,-) 
  gen_columns[23].gen_rows[6].pe_i_dut/g15737/ZN                             -       A1->ZN R     IND2D1          1  1.1    25    60    1170    (-,-) 
  gen_columns[23].gen_rows[6].pe_i_dut/g15416/ZN                             -       A1->ZN R     IOA21D2         5  5.8    41    68    1238    (-,-) 
  gen_columns[23].gen_rows[6].pe_i_dut/g15411/ZN                             -       A1->ZN F     NR2XD1          4  5.6    50    40    1278    (-,-) 
  gen_columns[23].gen_rows[6].pe_i_dut/g15408/ZN                             -       I->ZN  R     INVD2           7  8.7    48    44    1322    (-,-) 
  gen_columns[23].gen_rows[6].pe_i_dut/g15378/Z                              -       A2->Z  R     AN2D2           9  7.4    43    75    1398    (-,-) 
  gen_columns[23].gen_rows[6].pe_i_dut/g15342/ZN                             -       A1->ZN R     IOA21D1         1  0.8    26    64    1462    (-,-) 
  gen_columns[23].gen_rows[6].pe_i_dut/g15314/ZN                             -       A1->ZN F     NR2XD0          2  1.6    32    28    1490    (-,-) 
  gen_columns[23].gen_rows[6].pe_i_dut/g15693/ZN                             -       I0->ZN R     MUX2ND0         4  5.1   147   102    1593    (-,-) 
  gen_columns[23].gen_rows[6].pe_i_dut/g15260/ZN                             -       B1->ZN F     AOI22D2         4  3.7    70    66    1658    (-,-) 
  gen_columns[23].gen_rows[6].pe_i_dut/g15231/Z                              -       A1->Z  F     AN2XD1          1  1.1    17    51    1709    (-,-) 
  gen_columns[23].gen_rows[6].pe_i_dut/g15197/ZN                             -       B2->ZN R     OAI32D1         1  1.0    86    52    1762    (-,-) 
  gen_columns[23].gen_rows[6].pe_i_dut/g15187/ZN                             -       A2->ZN F     NR2XD0          1  0.9    36    42    1803    (-,-) 
  gen_columns[23].gen_rows[6].pe_i_dut/g15186/ZN                             -       B2->ZN R     IND3D1          2  1.4    34    30    1833    (-,-) 
  gen_columns[23].gen_rows[6].pe_i_dut/g15182/ZN                             -       A1->ZN F     NR2XD0          2  1.9    89    32    1866    (-,-) 
  gen_columns[23].gen_rows[6].pe_i_dut/WALLACE_CSA_DUMMY_OP_groupi_g11844/ZN -       A1->ZN R     ND2D1           3  2.7    50    49    1915    (-,-) 
  gen_columns[23].gen_rows[6].pe_i_dut/WALLACE_CSA_DUMMY_OP_groupi_g11738/ZN -       B1->ZN F     INR2D1          4  3.8    34    35    1950    (-,-) 
  gen_columns[23].gen_rows[6].pe_i_dut/WALLACE_CSA_DUMMY_OP_groupi_g11604/ZN -       B1->ZN R     IND2D1          1  1.1    24    25    1974    (-,-) 
  gen_columns[23].gen_rows[6].pe_i_dut/WALLACE_CSA_DUMMY_OP_groupi_g11598/ZN -       A1->ZN F     ND2D1           1  1.0    25    24    1999    (-,-) 
  gen_columns[23].gen_rows[6].pe_i_dut/WALLACE_CSA_DUMMY_OP_groupi_g11515/CO -       CI->CO F     FA1D0           3  3.0    49    98    2097    (-,-) 
  gen_columns[23].gen_rows[6].pe_i_dut/WALLACE_CSA_DUMMY_OP_groupi_g11511/ZN -       I->ZN  R     INVD1           1  1.0    25    26    2124    (-,-) 
  gen_columns[23].gen_rows[6].pe_i_dut/WALLACE_CSA_DUMMY_OP_groupi_g11502/ZN -       A1->ZN F     OAI21D1         1  1.0    34    25    2148    (-,-) 
  gen_columns[23].gen_rows[6].pe_i_dut/WALLACE_CSA_DUMMY_OP_groupi_g11464/CO -       CI->CO F     FA1D0           1  1.0    31    85    2234    (-,-) 
  gen_columns[23].gen_rows[6].pe_i_dut/WALLACE_CSA_DUMMY_OP_groupi_g11449/CO -       CI->CO F     FA1D0           1  1.0    31    84    2318    (-,-) 
  gen_columns[23].gen_rows[6].pe_i_dut/WALLACE_CSA_DUMMY_OP_groupi_g11436/CO -       CI->CO F     FA1D0           1  1.0    31    84    2402    (-,-) 
  gen_columns[23].gen_rows[6].pe_i_dut/WALLACE_CSA_DUMMY_OP_groupi_g11424/CO -       CI->CO F     FA1D0           1  1.0    31    84    2487    (-,-) 
  gen_columns[23].gen_rows[6].pe_i_dut/WALLACE_CSA_DUMMY_OP_groupi_g11416/CO -       CI->CO F     FA1D0           3  2.9    48   100    2587    (-,-) 
  gen_columns[23].gen_rows[6].pe_i_dut/WALLACE_CSA_DUMMY_OP_groupi_g11415/ZN -       I->ZN  R     CKND1           1  1.0    24    26    2613    (-,-) 
  gen_columns[23].gen_rows[6].pe_i_dut/WALLACE_CSA_DUMMY_OP_groupi_g2/Z      -       A1->Z  R     OA21D1          3  3.1    38    56    2669    (-,-) 
  gen_columns[23].gen_rows[6].pe_i_dut/WALLACE_CSA_DUMMY_OP_groupi_g11410/ZN -       A1->ZN F     OAI21D1         1  2.0    42    34    2703    (-,-) 
  gen_columns[23].gen_rows[6].pe_i_dut/WALLACE_CSA_DUMMY_OP_groupi_g11409/CO -       CI->CO F     FA1D1           1  2.0    31    70    2774    (-,-) 
  gen_columns[23].gen_rows[6].pe_i_dut/WALLACE_CSA_DUMMY_OP_groupi_g11408/CO -       CI->CO F     FA1D1           1  1.0    25    62    2835    (-,-) 
  gen_columns[23].gen_rows[6].pe_i_dut/WALLACE_CSA_DUMMY_OP_groupi_g11407/CO -       CI->CO F     FA1D0           1  1.0    31    82    2917    (-,-) 
  gen_columns[23].gen_rows[6].pe_i_dut/WALLACE_CSA_DUMMY_OP_groupi_g11406/CO -       CI->CO F     FA1D0           1  1.0    31    84    3002    (-,-) 
  gen_columns[23].gen_rows[6].pe_i_dut/WALLACE_CSA_DUMMY_OP_groupi_g11405/CO -       CI->CO F     FA1D0           3  2.6    46    98    3099    (-,-) 
  gen_columns[23].gen_rows[6].pe_i_dut/WALLACE_CSA_DUMMY_OP_groupi_g11403/ZN -       A1->ZN F     IOA21D1         1  1.0    26    63    3162    (-,-) 
  gen_columns[23].gen_rows[6].pe_i_dut/WALLACE_CSA_DUMMY_OP_groupi_g11402/CO -       CI->CO F     FA1D0           3  2.9    48    97    3260    (-,-) 
  gen_columns[23].gen_rows[6].pe_i_dut/WALLACE_CSA_DUMMY_OP_groupi_g11400/Z  -       A1->Z  F     AO21D1          3  2.9    31    70    3330    (-,-) 
  gen_columns[23].gen_rows[6].pe_i_dut/WALLACE_CSA_DUMMY_OP_groupi_g11398/ZN -       A1->ZN R     AOI21D1         3  3.1    79    54    3384    (-,-) 
  gen_columns[23].gen_rows[6].pe_i_dut/WALLACE_CSA_DUMMY_OP_groupi_g11396/ZN -       A1->ZN F     OAI21D1         1  1.0    37    36    3420    (-,-) 
  gen_columns[23].gen_rows[6].pe_i_dut/WALLACE_CSA_DUMMY_OP_groupi_g11395/CO -       CI->CO F     FA1D0           1  1.0    31    86    3506    (-,-) 
  gen_columns[23].gen_rows[6].pe_i_dut/WALLACE_CSA_DUMMY_OP_groupi_g11394/CO -       CI->CO F     FA1D0           1  1.0    31    84    3591    (-,-) 
  gen_columns[23].gen_rows[6].pe_i_dut/WALLACE_CSA_DUMMY_OP_groupi_g11393/CO -       CI->CO F     FA1D0           3  2.9    48   100    3691    (-,-) 
  gen_columns[23].gen_rows[6].pe_i_dut/WALLACE_CSA_DUMMY_OP_groupi_g11391/ZN -       A1->ZN R     AOI21D1         1  1.1    48    41    3732    (-,-) 
  gen_columns[23].gen_rows[6].pe_i_dut/WALLACE_CSA_DUMMY_OP_groupi_g11390/CO -       CI->CO R     FA1D0           1  1.1    34    84    3816    (-,-) 
  gen_columns[23].gen_rows[6].pe_i_dut/WALLACE_CSA_DUMMY_OP_groupi_g11388/CO -       CI->CO R     FA1D0           3  2.9    58    96    3912    (-,-) 
  gen_columns[23].gen_rows[6].pe_i_dut/WALLACE_CSA_DUMMY_OP_groupi_g11386/ZN -       A1->ZN F     NR2XD0          2  1.5    36    37    3949    (-,-) 
  gen_columns[23].gen_rows[6].pe_i_dut/WALLACE_CSA_DUMMY_OP_groupi_g11383/ZN -       A1->ZN F     IOA21D1         1  1.0    43    60    4009    (-,-) 
  gen_columns[23].gen_rows[6].pe_i_dut/WALLACE_CSA_DUMMY_OP_groupi_g11381/CO -       CI->CO F     FA1D0           1  1.0    32    89    4098    (-,-) 
  gen_columns[23].gen_rows[6].pe_i_dut/WALLACE_CSA_DUMMY_OP_groupi_g11380/CO -       CI->CO F     FA1D0           3  2.6    46    98    4195    (-,-) 
  gen_columns[23].gen_rows[6].pe_i_dut/WALLACE_CSA_DUMMY_OP_groupi_g11379/ZN -       A1->ZN F     INR2XD0         2  1.4    34    63    4258    (-,-) 
  gen_columns[23].gen_rows[6].pe_i_dut/WALLACE_CSA_DUMMY_OP_groupi_g11376/ZN -       A1->ZN F     IOA21D1         1  1.0    59    59    4317    (-,-) 
  gen_columns[23].gen_rows[6].pe_i_dut/WALLACE_CSA_DUMMY_OP_groupi_g11374/CO -       CI->CO F     FA1D0           1  1.0    32    95    4412    (-,-) 
  gen_columns[23].gen_rows[6].pe_i_dut/WALLACE_CSA_DUMMY_OP_groupi_g11373/CO -       CI->CO F     FA1D0           2  2.0    40    93    4506    (-,-) 
  gen_columns[23].gen_rows[6].pe_i_dut/WALLACE_CSA_DUMMY_OP_groupi_g11372/Z  -       A1->Z  F     AN3XD1          2  1.9    26    51    4557    (-,-) 
  gen_columns[23].gen_rows[6].pe_i_dut/g11156/ZN                             -       I->ZN  R     CKND1           1  1.0    19    20    4577    (-,-) 
  gen_columns[23].gen_rows[6].pe_i_dut/g11135/Z                              -       A1->Z  R     AN3XD1         37 36.8   305   219    4796    (-,-) 
  gen_columns[23].gen_rows[6].pe_i_dut/g15692/ZN                             -       A1->ZN R     INR2D0          1  0.7    47    97    4894    (-,-) 
  gen_columns[23].gen_rows[6].pe_i_dut/g11012/Z                              -       C->Z   R     AO221D0         1  1.0    45    70    4964    (-,-) 
  gen_columns[23].gen_rows[6].pe_i_dut/mid_pipe_final_sign_q_reg[1]/D        -       -      R     DFCNQD1         1    -     -     0    4964    (-,-) 
#-----------------------------------------------------------------------------------------------------------------------------------------------------

Capture clock path:
#----------------------------------------------------------------------------------------------------------------------------------------------
#                            Timing Point                              Flags   Arc   Edge   Cell      Fanout Load Trans Delay Arrival Instance 
#                                                                                                            (fF)  (ps)  (ps)   (ps)  Location 
#----------------------------------------------------------------------------------------------------------------------------------------------
  clk                                                                  (i)     -     R     (arrival)  261922  0.0     0     0    5000    (-,-) 
  gen_columns[23].gen_rows[6].pe_i_dut/mid_pipe_final_sign_q_reg[1]/CP <<<     -     R     DFCNQD1    261922    -     0     0    5000    (-,-) 
#----------------------------------------------------------------------------------------------------------------------------------------------



Path 7: MET (0 ps) Setup Check with Pin gen_columns[7].gen_rows[1].pe_i_dut/mid_pipe_final_sign_q_reg[1]/CP->D
          Group: clk
     Startpoint: (R) gen_columns[7].gen_rows[1].pe_i_dut/inp_pipe_operands_q_reg[1][0][13]/CP
          Clock: (R) clk
       Endpoint: (R) gen_columns[7].gen_rows[1].pe_i_dut/mid_pipe_final_sign_q_reg[1]/D
          Clock: (R) clk

                     Capture       Launch     
        Clock Edge:+    5000            0     
       Src Latency:+       0            0     
       Net Latency:+       0 (I)        0 (I) 
           Arrival:=    5000            0     
                                              
             Setup:-      36                  
     Required Time:=    4964                  
      Launch Clock:-       0                  
         Data Path:-    4964                  
             Slack:=       0                  

Launch clock path:
#--------------------------------------------------------------------------------------------------------------------------------------------------
#                              Timing Point                                Flags   Arc   Edge   Cell      Fanout Load Trans Delay Arrival Instance 
#                                                                                                                (fF)  (ps)  (ps)   (ps)  Location 
#--------------------------------------------------------------------------------------------------------------------------------------------------
  clk                                                                      (i)     -     R     (arrival)  261922  0.0     0     0       0    (-,-) 
  gen_columns[7].gen_rows[1].pe_i_dut/inp_pipe_operands_q_reg[1][0][13]/CP <<<     -     R     SDFCNQD1   261922    -     0     0       0    (-,-) 
#--------------------------------------------------------------------------------------------------------------------------------------------------

#----------------------------------------------------------------------------------------------------------------------------------------------------
#                               Timing Point                                Flags    Arc   Edge   Cell      Fanout Load Trans Delay Arrival Instance 
#                                                                                                                  (fF)  (ps)  (ps)   (ps)  Location 
#----------------------------------------------------------------------------------------------------------------------------------------------------
  gen_columns[7].gen_rows[1].pe_i_dut/inp_pipe_operands_q_reg[1][0][13]/CP  -       -      R     (arrival)  261922    -     0     0       0    (-,-) 
  gen_columns[7].gen_rows[1].pe_i_dut/inp_pipe_operands_q_reg[1][0][13]/Q   -       CP->Q  F     SDFCNQD1        5  5.4    40   144     144    (-,-) 
  gen_columns[7].gen_rows[1].pe_i_dut/g15650/ZN                             -       A3->ZN R     NR3D0           1  1.0    56    58     202    (-,-) 
  gen_columns[7].gen_rows[1].pe_i_dut/g15643/ZN                             -       A1->ZN F     CKND2D1         2  1.8    36    36     239    (-,-) 
  gen_columns[7].gen_rows[1].pe_i_dut/g15623/ZN                             -       A1->ZN R     NR2XD0          2  2.7    60    49     288    (-,-) 
  gen_columns[7].gen_rows[1].pe_i_dut/g15612/ZN                             -       A1->ZN F     CKND2D2         2  3.7    37    34     322    (-,-) 
  gen_columns[7].gen_rows[1].pe_i_dut/g15604/ZN                             -       A2->ZN R     CKND2D3         9  9.6    50    44     366    (-,-) 
  gen_columns[7].gen_rows[1].pe_i_dut/g15706/ZN                             -       B1->ZN F     INR2D2          3  2.9    22    23     389    (-,-) 
  gen_columns[7].gen_rows[1].pe_i_dut/g15590/ZN                             -       I->ZN  R     CKND1           1  1.0    18    19     409    (-,-) 
  gen_columns[7].gen_rows[1].pe_i_dut/g15587/ZN                             -       A1->ZN F     CKND2D1         1  1.0    27    22     430    (-,-) 
  gen_columns[7].gen_rows[1].pe_i_dut/g15573/ZN                             -       A2->ZN R     CKND2D1         3  3.2    51    42     472    (-,-) 
  gen_columns[7].gen_rows[1].pe_i_dut/g15756/ZN                             -       A1->ZN R     INR2D2          3  4.1    53    71     543    (-,-) 
  gen_columns[7].gen_rows[1].pe_i_dut/g15543/ZN                             -       A2->ZN F     AOI21D2         2  2.4    32    35     579    (-,-) 
  gen_columns[7].gen_rows[1].pe_i_dut/g15510/ZN                             -       A1->ZN R     OAI21D1         3  2.8    67    53     632    (-,-) 
  gen_columns[7].gen_rows[1].pe_i_dut/g15498/ZN                             -       B1->ZN R     MOAI22D1        5  4.7    98    82     713    (-,-) 
  gen_columns[7].gen_rows[1].pe_i_dut/g15496/ZN                             -       I->ZN  F     INVD1           2  1.9    36    35     748    (-,-) 
  gen_columns[7].gen_rows[1].pe_i_dut/g15492/ZN                             -       A1->ZN R     NR2D1           1  2.0    52    44     792    (-,-) 
  gen_columns[7].gen_rows[1].pe_i_dut/g15463/ZN                             -       A2->ZN F     OAI21D2         2  2.6    36    37     830    (-,-) 
  gen_columns[7].gen_rows[1].pe_i_dut/g15709/Z                              -       A1->Z  F     XOR4D0          4  3.5    71   167     997    (-,-) 
  gen_columns[7].gen_rows[1].pe_i_dut/g15434/ZN                             -       I->ZN  R     CKND1           2  2.0    36    38    1035    (-,-) 
  gen_columns[7].gen_rows[1].pe_i_dut/g15432/ZN                             -       A1->ZN F     CKND2D1         1  1.0    25    26    1061    (-,-) 
  gen_columns[7].gen_rows[1].pe_i_dut/g15422/ZN                             -       A2->ZN R     CKND2D1         1  2.4    44    36    1098    (-,-) 
  gen_columns[7].gen_rows[1].pe_i_dut/g15700/ZN                             -       B1->ZN F     IND2D2          3  4.9    38    39    1137    (-,-) 
  gen_columns[7].gen_rows[1].pe_i_dut/g15417/ZN                             -       I->ZN  R     INVD1           2  3.0    37    34    1171    (-,-) 
  gen_columns[7].gen_rows[1].pe_i_dut/g15416/ZN                             -       I->ZN  F     CKND2           1  3.6    22    24    1195    (-,-) 
  gen_columns[7].gen_rows[1].pe_i_dut/g15401/ZN                             -       B->ZN  R     OAI21D4         7  9.2    62    32    1227    (-,-) 
  gen_columns[7].gen_rows[1].pe_i_dut/g15397/ZN                             -       I->ZN  F     INVD2           2  2.3    23    23    1251    (-,-) 
  gen_columns[7].gen_rows[1].pe_i_dut/g15390/ZN                             -       A1->ZN R     NR2XD1          8  7.4    69    50    1301    (-,-) 
  gen_columns[7].gen_rows[1].pe_i_dut/g15383/ZN                             -       I->ZN  F     INVD1           2  1.7    28    29    1330    (-,-) 
  gen_columns[7].gen_rows[1].pe_i_dut/g15340/ZN                             -       B1->ZN R     OAI22D1         1  1.0    63    52    1382    (-,-) 
  gen_columns[7].gen_rows[1].pe_i_dut/g15306/ZN                             -       A2->ZN F     NR2XD0          2  1.9    40    44    1426    (-,-) 
  gen_columns[7].gen_rows[1].pe_i_dut/g15285/ZN                             -       A1->ZN R     OAI21D1         3  2.8    69    55    1481    (-,-) 
  gen_columns[7].gen_rows[1].pe_i_dut/g15278/ZN                             -       I->ZN  F     INVD1           4  3.1    34    36    1517    (-,-) 
  gen_columns[7].gen_rows[1].pe_i_dut/g15252/ZN                             -       A1->ZN R     OAI22D1         2  2.1    84    50    1567    (-,-) 
  gen_columns[7].gen_rows[1].pe_i_dut/g15226/ZN                             -       A2->ZN F     NR2XD0          1  1.1    38    43    1610    (-,-) 
  gen_columns[7].gen_rows[1].pe_i_dut/g15192/ZN                             -       B2->ZN R     OAI32D1         1  1.0    85    59    1669    (-,-) 
  gen_columns[7].gen_rows[1].pe_i_dut/g15182/ZN                             -       A2->ZN F     NR2XD0          1  0.9    36    41    1710    (-,-) 
  gen_columns[7].gen_rows[1].pe_i_dut/g15181/ZN                             -       B2->ZN R     IND3D1          2  1.4    34    30    1740    (-,-) 
  gen_columns[7].gen_rows[1].pe_i_dut/g15177/ZN                             -       A1->ZN F     NR2XD0          2  1.6    81    30    1770    (-,-) 
  gen_columns[7].gen_rows[1].pe_i_dut/WALLACE_CSA_DUMMY_OP_groupi_g11780/Z  -       A1->Z  F     AN2XD1          3  2.9    26    60    1831    (-,-) 
  gen_columns[7].gen_rows[1].pe_i_dut/WALLACE_CSA_DUMMY_OP_groupi_g11675/ZN -       A1->ZN R     ND2D1           3  3.6    54    36    1866    (-,-) 
  gen_columns[7].gen_rows[1].pe_i_dut/WALLACE_CSA_DUMMY_OP_groupi_g11538/ZN -       A1->ZN F     OAI21D1         1  1.0    33    32    1898    (-,-) 
  gen_columns[7].gen_rows[1].pe_i_dut/WALLACE_CSA_DUMMY_OP_groupi_g11457/CO -       CI->CO F     FA1D0           1  1.0    31    85    1983    (-,-) 
  gen_columns[7].gen_rows[1].pe_i_dut/WALLACE_CSA_DUMMY_OP_groupi_g11427/CO -       CI->CO F     FA1D0           3  2.9    48   100    2083    (-,-) 
  gen_columns[7].gen_rows[1].pe_i_dut/WALLACE_CSA_DUMMY_OP_groupi_g11426/ZN -       I->ZN  R     CKND1           1  1.0    24    26    2109    (-,-) 
  gen_columns[7].gen_rows[1].pe_i_dut/WALLACE_CSA_DUMMY_OP_groupi_g11415/ZN -       A1->ZN F     OAI21D1         1  1.0    33    24    2134    (-,-) 
  gen_columns[7].gen_rows[1].pe_i_dut/WALLACE_CSA_DUMMY_OP_groupi_g11398/CO -       CI->CO F     FA1D0           1  1.0    31    85    2219    (-,-) 
  gen_columns[7].gen_rows[1].pe_i_dut/WALLACE_CSA_DUMMY_OP_groupi_g11390/CO -       CI->CO F     FA1D0           1  1.0    31    84    2303    (-,-) 
  gen_columns[7].gen_rows[1].pe_i_dut/WALLACE_CSA_DUMMY_OP_groupi_g11378/CO -       CI->CO F     FA1D0           1  1.0    31    84    2388    (-,-) 
  gen_columns[7].gen_rows[1].pe_i_dut/WALLACE_CSA_DUMMY_OP_groupi_g11370/CO -       CI->CO F     FA1D0           3  2.9    48   100    2488    (-,-) 
  gen_columns[7].gen_rows[1].pe_i_dut/WALLACE_CSA_DUMMY_OP_groupi_g11369/ZN -       I->ZN  R     CKND1           1  1.0    24    26    2514    (-,-) 
  gen_columns[7].gen_rows[1].pe_i_dut/WALLACE_CSA_DUMMY_OP_groupi_g2/Z      -       A1->Z  R     OA21D1          3  3.1    38    56    2570    (-,-) 
  gen_columns[7].gen_rows[1].pe_i_dut/WALLACE_CSA_DUMMY_OP_groupi_g11364/ZN -       A1->ZN F     OAI21D1         1  1.0    33    28    2598    (-,-) 
  gen_columns[7].gen_rows[1].pe_i_dut/WALLACE_CSA_DUMMY_OP_groupi_g11363/CO -       CI->CO F     FA1D0           1  1.0    31    85    2683    (-,-) 
  gen_columns[7].gen_rows[1].pe_i_dut/WALLACE_CSA_DUMMY_OP_groupi_g11362/CO -       CI->CO F     FA1D0           1  1.0    31    84    2768    (-,-) 
  gen_columns[7].gen_rows[1].pe_i_dut/WALLACE_CSA_DUMMY_OP_groupi_g11361/CO -       CI->CO F     FA1D0           1  1.0    31    84    2852    (-,-) 
  gen_columns[7].gen_rows[1].pe_i_dut/WALLACE_CSA_DUMMY_OP_groupi_g11360/CO -       CI->CO F     FA1D0           1  1.0    31    84    2937    (-,-) 
  gen_columns[7].gen_rows[1].pe_i_dut/WALLACE_CSA_DUMMY_OP_groupi_g11359/CO -       CI->CO F     FA1D0           3  2.6    46    98    3034    (-,-) 
  gen_columns[7].gen_rows[1].pe_i_dut/WALLACE_CSA_DUMMY_OP_groupi_g11357/ZN -       A1->ZN F     IOA21D1         1  1.0    26    63    3097    (-,-) 
  gen_columns[7].gen_rows[1].pe_i_dut/WALLACE_CSA_DUMMY_OP_groupi_g11356/CO -       CI->CO F     FA1D0           3  2.6    46    95    3192    (-,-) 
  gen_columns[7].gen_rows[1].pe_i_dut/WALLACE_CSA_DUMMY_OP_groupi_g11354/ZN -       A1->ZN F     IOA21D1         1  1.0    25    63    3256    (-,-) 
  gen_columns[7].gen_rows[1].pe_i_dut/WALLACE_CSA_DUMMY_OP_groupi_g11353/CO -       CI->CO F     FA1D0           1  1.0    31    82    3338    (-,-) 
  gen_columns[7].gen_rows[1].pe_i_dut/WALLACE_CSA_DUMMY_OP_groupi_g11352/CO -       CI->CO F     FA1D0           1  1.0    31    84    3422    (-,-) 
  gen_columns[7].gen_rows[1].pe_i_dut/WALLACE_CSA_DUMMY_OP_groupi_g11351/CO -       CI->CO F     FA1D0           1  1.0    31    84    3507    (-,-) 
  gen_columns[7].gen_rows[1].pe_i_dut/WALLACE_CSA_DUMMY_OP_groupi_g11350/CO -       CI->CO F     FA1D0           1  1.0    31    84    3591    (-,-) 
  gen_columns[7].gen_rows[1].pe_i_dut/WALLACE_CSA_DUMMY_OP_groupi_g11349/CO -       CI->CO F     FA1D0           3  2.9    48   100    3691    (-,-) 
  gen_columns[7].gen_rows[1].pe_i_dut/WALLACE_CSA_DUMMY_OP_groupi_g11347/ZN -       A1->ZN R     AOI21D1         1  1.1    48    41    3732    (-,-) 
  gen_columns[7].gen_rows[1].pe_i_dut/WALLACE_CSA_DUMMY_OP_groupi_g11346/CO -       CI->CO R     FA1D0           1  1.1    34    84    3816    (-,-) 
  gen_columns[7].gen_rows[1].pe_i_dut/WALLACE_CSA_DUMMY_OP_groupi_g11344/CO -       CI->CO R     FA1D0           3  2.9    58    96    3912    (-,-) 
  gen_columns[7].gen_rows[1].pe_i_dut/WALLACE_CSA_DUMMY_OP_groupi_g11342/ZN -       A1->ZN F     NR2XD0          2  1.5    36    37    3949    (-,-) 
  gen_columns[7].gen_rows[1].pe_i_dut/WALLACE_CSA_DUMMY_OP_groupi_g11339/ZN -       A1->ZN F     IOA21D1         1  1.0    42    60    4009    (-,-) 
  gen_columns[7].gen_rows[1].pe_i_dut/WALLACE_CSA_DUMMY_OP_groupi_g11337/CO -       CI->CO F     FA1D0           1  1.0    32    89    4098    (-,-) 
  gen_columns[7].gen_rows[1].pe_i_dut/WALLACE_CSA_DUMMY_OP_groupi_g11336/CO -       CI->CO F     FA1D0           3  2.6    46    98    4195    (-,-) 
  gen_columns[7].gen_rows[1].pe_i_dut/WALLACE_CSA_DUMMY_OP_groupi_g11335/ZN -       A1->ZN F     INR2XD0         2  1.4    34    63    4258    (-,-) 
  gen_columns[7].gen_rows[1].pe_i_dut/WALLACE_CSA_DUMMY_OP_groupi_g11332/ZN -       A1->ZN F     IOA21D1         1  1.0    59    59    4317    (-,-) 
  gen_columns[7].gen_rows[1].pe_i_dut/WALLACE_CSA_DUMMY_OP_groupi_g11330/CO -       CI->CO F     FA1D0           1  1.0    32    95    4412    (-,-) 
  gen_columns[7].gen_rows[1].pe_i_dut/WALLACE_CSA_DUMMY_OP_groupi_g11329/CO -       CI->CO F     FA1D0           2  2.0    40    93    4506    (-,-) 
  gen_columns[7].gen_rows[1].pe_i_dut/WALLACE_CSA_DUMMY_OP_groupi_g11328/Z  -       A1->Z  F     AN3XD1          2  1.9    26    51    4557    (-,-) 
  gen_columns[7].gen_rows[1].pe_i_dut/g11155/ZN                             -       I->ZN  R     CKND1           1  1.0    19    20    4577    (-,-) 
  gen_columns[7].gen_rows[1].pe_i_dut/g11134/Z                              -       A1->Z  R     AN3XD1         37 36.8   305   219    4796    (-,-) 
  gen_columns[7].gen_rows[1].pe_i_dut/g15708/ZN                             -       A1->ZN R     INR2D0          1  0.7    47    97    4894    (-,-) 
  gen_columns[7].gen_rows[1].pe_i_dut/g11011/Z                              -       C->Z   R     AO221D0         1  1.0    45    70    4964    (-,-) 
  gen_columns[7].gen_rows[1].pe_i_dut/mid_pipe_final_sign_q_reg[1]/D        -       -      R     DFCNQD1         1    -     -     0    4964    (-,-) 
#----------------------------------------------------------------------------------------------------------------------------------------------------

Capture clock path:
#---------------------------------------------------------------------------------------------------------------------------------------------
#                            Timing Point                             Flags   Arc   Edge   Cell      Fanout Load Trans Delay Arrival Instance 
#                                                                                                           (fF)  (ps)  (ps)   (ps)  Location 
#---------------------------------------------------------------------------------------------------------------------------------------------
  clk                                                                 (i)     -     R     (arrival)  261922  0.0     0     0    5000    (-,-) 
  gen_columns[7].gen_rows[1].pe_i_dut/mid_pipe_final_sign_q_reg[1]/CP <<<     -     R     DFCNQD1    261922    -     0     0    5000    (-,-) 
#---------------------------------------------------------------------------------------------------------------------------------------------



Path 8: MET (0 ps) Setup Check with Pin gen_columns[29].gen_rows[7].pe_i_dut_mid_pipe_sum_q_reg[1][30]/CP->D
          Group: clk
     Startpoint: (R) gen_columns[29].gen_rows[7].pe_i_dut_inp_pipe_operands_q_reg[1][0][8]/CP
          Clock: (R) clk
       Endpoint: (R) gen_columns[29].gen_rows[7].pe_i_dut_mid_pipe_sum_q_reg[1][30]/D
          Clock: (R) clk

                     Capture       Launch     
        Clock Edge:+    5000            0     
       Src Latency:+       0            0     
       Net Latency:+       0 (I)        0 (I) 
           Arrival:=    5000            0     
                                              
             Setup:-      35                  
     Required Time:=    4965                  
      Launch Clock:-       0                  
         Data Path:-    4965                  
             Slack:=       0                  

Launch clock path:
#--------------------------------------------------------------------------------------------------------------------------------------------------
#                              Timing Point                                Flags   Arc   Edge   Cell      Fanout Load Trans Delay Arrival Instance 
#                                                                                                                (fF)  (ps)  (ps)   (ps)  Location 
#--------------------------------------------------------------------------------------------------------------------------------------------------
  clk                                                                      (i)     -     R     (arrival)  261922  0.0     0     0       0    (-,-) 
  gen_columns[29].gen_rows[7].pe_i_dut_inp_pipe_operands_q_reg[1][0][8]/CP <<<     -     R     SDFCNQD1   261922    -     0     0       0    (-,-) 
#--------------------------------------------------------------------------------------------------------------------------------------------------

#------------------------------------------------------------------------------------------------------------------------------------------------------
#                               Timing Point                                 Flags    Arc    Edge   Cell      Fanout Load Trans Delay Arrival Instance 
#                                                                                                                    (fF)  (ps)  (ps)   (ps)  Location 
#------------------------------------------------------------------------------------------------------------------------------------------------------
  gen_columns[29].gen_rows[7].pe_i_dut_inp_pipe_operands_q_reg[1][0][8]/CP   -       -       R     (arrival)  261922    -     0     0       0    (-,-) 
  gen_columns[29].gen_rows[7].pe_i_dut_inp_pipe_operands_q_reg[1][0][8]/Q    -       CP->Q   R     SDFCNQD1       10 10.2    93   166     166    (-,-) 
  gen_columns[29].gen_rows[7].pe_i_dut_g15982/Z                              -       A1->Z   R     OR2D1           1  1.0    23    65     231    (-,-) 
  gen_columns[29].gen_rows[7].pe_i_dut_g15944/ZN                             -       A2->ZN  F     NR2XD0          1  0.9    24    25     256    (-,-) 
  gen_columns[29].gen_rows[7].pe_i_dut_g15924/ZN                             -       A1->ZN  R     CKND2D1         2  1.8    39    30     286    (-,-) 
  gen_columns[29].gen_rows[7].pe_i_dut_g16000/Z                              -       A1->Z   R     OR2D1           2  3.2    37    61     347    (-,-) 
  gen_columns[29].gen_rows[7].pe_i_dut_g15903/ZN                             -       A2->ZN  F     ND2D2           6  6.7    45    42     389    (-,-) 
  gen_columns[29].gen_rows[7].pe_i_dut_g15900/ZN                             -       I->ZN   R     CKND3           5  5.1    27    28     417    (-,-) 
  gen_columns[29].gen_rows[7].pe_i_dut_g15890/ZN                             -       B->ZN   F     IOA21D1         2  2.4    38    33     450    (-,-) 
  gen_columns[29].gen_rows[7].pe_i_dut_g15880/ZN                             -       A1->ZN  R     NR2XD1          2  1.8    29    29     479    (-,-) 
  gen_columns[29].gen_rows[7].pe_i_dut_g15869/ZN                             -       A1->ZN  R     IAO22D1         2  2.4    66    74     553    (-,-) 
  gen_columns[29].gen_rows[7].pe_i_dut_g15855/ZN                             -       A1->ZN  F     NR2XD1          2  1.8    29    32     585    (-,-) 
  gen_columns[29].gen_rows[7].pe_i_dut_g15999/ZN                             -       A1->ZN  F     IND2D1          2  1.9    35    62     647    (-,-) 
  gen_columns[29].gen_rows[7].pe_i_dut_g15825/ZN                             -       B1->ZN  F     MOAI22D1        4  3.7    62    75     722    (-,-) 
  gen_columns[29].gen_rows[7].pe_i_dut_g15804/ZN                             -       B1->ZN  F     MAOI22D1        3  3.1    52    77     799    (-,-) 
  gen_columns[29].gen_rows[7].pe_i_dut_g15782/ZN                             -       I->ZN   R     CKND1           1  1.0    25    27     826    (-,-) 
  gen_columns[29].gen_rows[7].pe_i_dut_g15772/ZN                             -       A1->ZN  F     AOI21D1         2  2.2    38    32     859    (-,-) 
  g87524/CO                                                                  -       CIN->CO R     FCICIND1        3  3.4    54   127     986    (-,-) 
  gen_columns[29].gen_rows[7].pe_i_dut_g15751/ZN                             -       I->ZN   F     INVD1           1  0.9    21    22    1008    (-,-) 
  gen_columns[29].gen_rows[7].pe_i_dut_g15739/ZN                             -       A1->ZN  R     OAI21D1         3  3.4    76    54    1063    (-,-) 
  g87522/CO                                                                  -       CIN->CO F     FCICIND1        1  1.0    37   116    1178    (-,-) 
  g87521/ZN                                                                  -       A1->ZN  R     ND2D1           5  4.8    58    45    1224    (-,-) 
  gen_columns[29].gen_rows[7].pe_i_dut_g15997/ZN                             -       A1->ZN  R     IND2D1          3  5.7    60    75    1298    (-,-) 
  gen_columns[29].gen_rows[7].pe_i_dut_g15718/ZN                             -       A1->ZN  F     CKND2D3         4  5.9    36    36    1334    (-,-) 
  gen_columns[29].gen_rows[7].pe_i_dut_g15711/ZN                             -       A1->ZN  R     NR2D1           1  2.8    64    52    1386    (-,-) 
  gen_columns[29].gen_rows[7].pe_i_dut_g15707/ZN                             -       A1->ZN  F     NR2XD2          7  6.9    37    38    1425    (-,-) 
  gen_columns[29].gen_rows[7].pe_i_dut_g15693/ZN                             -       A1->ZN  R     ND2D1           3  2.8    40    35    1460    (-,-) 
  gen_columns[29].gen_rows[7].pe_i_dut_g15687/ZN                             -       I->ZN   F     INVD1           7  6.8    47    42    1502    (-,-) 
  gen_columns[29].gen_rows[7].pe_i_dut_g15657/ZN                             -       A1->ZN  R     ND2D1           1  1.1    28    29    1531    (-,-) 
  gen_columns[29].gen_rows[7].pe_i_dut_g15641/ZN                             -       B->ZN   F     IOA21D1         1  0.8    23    23    1554    (-,-) 
  gen_columns[29].gen_rows[7].pe_i_dut_g15613/ZN                             -       A1->ZN  R     NR2XD0          2  2.0    47    38    1592    (-,-) 
  gen_columns[29].gen_rows[7].pe_i_dut_g15607/ZN                             -       A2->ZN  R     IAO22D2         4  3.8    31    70    1662    (-,-) 
  gen_columns[29].gen_rows[7].pe_i_dut_g15581/Z                              -       B1->Z   R     OA22D0          4  4.2    76   104    1766    (-,-) 
  gen_columns[29].gen_rows[7].pe_i_dut_g15529/ZN                             -       A4->ZN  F     ND4D1           1  0.9    67    67    1834    (-,-) 
  gen_columns[29].gen_rows[7].pe_i_dut_g15494/ZN                             -       A3->ZN  R     OAI31D1         1  1.0    72    62    1896    (-,-) 
  gen_columns[29].gen_rows[7].pe_i_dut_g15491/ZN                             -       A2->ZN  F     CKND2D1         2  1.4    35    39    1934    (-,-) 
  gen_columns[29].gen_rows[7].pe_i_dut_g15489/ZN                             -       A1->ZN  R     NR2XD0          2  2.1    67    43    1977    (-,-) 
  gen_columns[29].gen_rows[7].pe_i_dut_WALLACE_CSA_DUMMY_OP_groupi_g11876/ZN -       A1->ZN  F     ND2D1           3  2.8    48    47    2024    (-,-) 
  gen_columns[29].gen_rows[7].pe_i_dut_WALLACE_CSA_DUMMY_OP_groupi_g11760/ZN -       B1->ZN  R     INR2D1          4  4.1    85    68    2092    (-,-) 
  gen_columns[29].gen_rows[7].pe_i_dut_WALLACE_CSA_DUMMY_OP_groupi_g11621/ZN -       A1->ZN  F     AOI21D1         2  2.4    50    48    2139    (-,-) 
  gen_columns[29].gen_rows[7].pe_i_dut_WALLACE_CSA_DUMMY_OP_groupi_g11560/ZN -       A1->ZN  R     OAI21D1         1  1.1    45    42    2182    (-,-) 
  gen_columns[29].gen_rows[7].pe_i_dut_WALLACE_CSA_DUMMY_OP_groupi_g11502/CO -       CI->CO  R     FA1D0           1  1.1    34    83    2265    (-,-) 
  gen_columns[29].gen_rows[7].pe_i_dut_WALLACE_CSA_DUMMY_OP_groupi_g11480/CO -       CI->CO  R     FA1D0           1  1.1    34    80    2344    (-,-) 
  gen_columns[29].gen_rows[7].pe_i_dut_WALLACE_CSA_DUMMY_OP_groupi_g11465/CO -       CI->CO  R     FA1D0           1  1.1    34    80    2424    (-,-) 
  gen_columns[29].gen_rows[7].pe_i_dut_WALLACE_CSA_DUMMY_OP_groupi_g11446/CO -       CI->CO  R     FA1D0           3  3.1    61    98    2522    (-,-) 
  gen_columns[29].gen_rows[7].pe_i_dut_WALLACE_CSA_DUMMY_OP_groupi_g11445/ZN -       I->ZN   F     CKND1           1  0.9    24    26    2548    (-,-) 
  gen_columns[29].gen_rows[7].pe_i_dut_WALLACE_CSA_DUMMY_OP_groupi_g11441/ZN -       A1->ZN  R     OAI21D1         1  1.1    41    35    2583    (-,-) 
  gen_columns[29].gen_rows[7].pe_i_dut_WALLACE_CSA_DUMMY_OP_groupi_g11422/CO -       CI->CO  R     FA1D0           3  3.1    61   100    2684    (-,-) 
  gen_columns[29].gen_rows[7].pe_i_dut_WALLACE_CSA_DUMMY_OP_groupi_g11421/ZN -       I->ZN   F     CKND1           1  0.9    24    26    2710    (-,-) 
  gen_columns[29].gen_rows[7].pe_i_dut_WALLACE_CSA_DUMMY_OP_groupi_g2/Z      -       A1->Z   F     OA21D1          3  2.8    30    64    2773    (-,-) 
  gen_columns[29].gen_rows[7].pe_i_dut_WALLACE_CSA_DUMMY_OP_groupi_g11416/ZN -       A1->ZN  R     OAI21D1         1  1.1    42    37    2810    (-,-) 
  gen_columns[29].gen_rows[7].pe_i_dut_WALLACE_CSA_DUMMY_OP_groupi_g11415/CO -       CI->CO  R     FA1D0           1  1.1    34    82    2892    (-,-) 
  gen_columns[29].gen_rows[7].pe_i_dut_WALLACE_CSA_DUMMY_OP_groupi_g11414/CO -       CI->CO  R     FA1D0           1  1.1    34    80    2972    (-,-) 
  gen_columns[29].gen_rows[7].pe_i_dut_WALLACE_CSA_DUMMY_OP_groupi_g11413/CO -       CI->CO  R     FA1D0           3  2.8    57    95    3067    (-,-) 
  gen_columns[29].gen_rows[7].pe_i_dut_WALLACE_CSA_DUMMY_OP_groupi_g11411/ZN -       A1->ZN  R     IOA21D1         1  1.1    29    70    3137    (-,-) 
  gen_columns[29].gen_rows[7].pe_i_dut_WALLACE_CSA_DUMMY_OP_groupi_g11410/CO -       CI->CO  R     FA1D0           3  2.8    57    94    3231    (-,-) 
  gen_columns[29].gen_rows[7].pe_i_dut_WALLACE_CSA_DUMMY_OP_groupi_g11408/ZN -       A1->ZN  R     IOA21D1         1  1.1    29    70    3301    (-,-) 
  gen_columns[29].gen_rows[7].pe_i_dut_WALLACE_CSA_DUMMY_OP_groupi_g11407/CO -       CI->CO  R     FA1D0           3  3.1    61    96    3397    (-,-) 
  gen_columns[29].gen_rows[7].pe_i_dut_WALLACE_CSA_DUMMY_OP_groupi_g11405/Z  -       A1->Z   R     AO21D1          3  3.1    37    67    3464    (-,-) 
  gen_columns[29].gen_rows[7].pe_i_dut_WALLACE_CSA_DUMMY_OP_groupi_g11403/ZN -       A1->ZN  F     AOI21D1         3  2.8    45    39    3503    (-,-) 
  gen_columns[29].gen_rows[7].pe_i_dut_WALLACE_CSA_DUMMY_OP_groupi_g11401/ZN -       A1->ZN  R     OAI21D1         1  1.1    44    41    3544    (-,-) 
  gen_columns[29].gen_rows[7].pe_i_dut_WALLACE_CSA_DUMMY_OP_groupi_g11400/CO -       CI->CO  R     FA1D0           3  2.8    57    99    3643    (-,-) 
  gen_columns[29].gen_rows[7].pe_i_dut_WALLACE_CSA_DUMMY_OP_groupi_g11398/ZN -       A1->ZN  R     IOA21D1         1  1.1    29    70    3713    (-,-) 
  gen_columns[29].gen_rows[7].pe_i_dut_WALLACE_CSA_DUMMY_OP_groupi_g11397/CO -       CI->CO  R     FA1D0           3  3.1    61    96    3809    (-,-) 
  gen_columns[29].gen_rows[7].pe_i_dut_WALLACE_CSA_DUMMY_OP_groupi_g11395/ZN -       A1->ZN  F     AOI21D1         1  1.0    33    34    3842    (-,-) 
  gen_columns[29].gen_rows[7].pe_i_dut_WALLACE_CSA_DUMMY_OP_groupi_g11394/CO -       CI->CO  F     FA1D0           1  1.0    31    85    3928    (-,-) 
  gen_columns[29].gen_rows[7].pe_i_dut_WALLACE_CSA_DUMMY_OP_groupi_g11392/CO -       CI->CO  F     FA1D0           3  2.9    48   100    4027    (-,-) 
  gen_columns[29].gen_rows[7].pe_i_dut_WALLACE_CSA_DUMMY_OP_groupi_g11390/ZN -       A1->ZN  R     NR2D1           2  1.5    46    43    4071    (-,-) 
  gen_columns[29].gen_rows[7].pe_i_dut_WALLACE_CSA_DUMMY_OP_groupi_g11387/ZN -       A1->ZN  R     IOA21D1         3  3.1    57    77    4148    (-,-) 
  gen_columns[29].gen_rows[7].pe_i_dut_WALLACE_CSA_DUMMY_OP_groupi_g11384/ZN -       A1->ZN  F     AOI21D1         3  2.8    47    45    4193    (-,-) 
  gen_columns[29].gen_rows[7].pe_i_dut_WALLACE_CSA_DUMMY_OP_groupi_g11382/ZN -       A1->ZN  R     OAI21D1         3  2.9    71    58    4251    (-,-) 
  gen_columns[29].gen_rows[7].pe_i_dut_WALLACE_CSA_DUMMY_OP_groupi_g11381/ZN -       A1->ZN  R     INR2D1          2  1.5    48    72    4324    (-,-) 
  gen_columns[29].gen_rows[7].pe_i_dut_WALLACE_CSA_DUMMY_OP_groupi_g11378/ZN -       A1->ZN  R     IOA21D1         3  3.1    71    78    4401    (-,-) 
  gen_columns[29].gen_rows[7].pe_i_dut_WALLACE_CSA_DUMMY_OP_groupi_g11375/ZN -       A1->ZN  F     AOI21D1         3  2.8    50    48    4449    (-,-) 
  gen_columns[29].gen_rows[7].pe_i_dut_WALLACE_CSA_DUMMY_OP_groupi_g11373/ZN -       A1->ZN  R     OAI21D1         2  2.1    59    52    4501    (-,-) 
  gen_columns[29].gen_rows[7].pe_i_dut_WALLACE_CSA_DUMMY_OP_groupi_g11372/Z  -       A1->Z   R     AN3XD1          1  0.8    28    69    4570    (-,-) 
  gen_columns[29].gen_rows[7].pe_i_dut_g11639/ZN                             -       A1->ZN  R     IND2D1          4  4.9    71    63    4633    (-,-) 
  gen_columns[29].gen_rows[7].pe_i_dut_g11630/Z                              -       A1->Z   R     AN2XD1         36 36.0   297   208    4841    (-,-) 
  gen_columns[29].gen_rows[7].pe_i_dut_g11537/Z                              -       B1->Z   R     AO222D1         1  1.0    40   124    4965    (-,-) 
  gen_columns[29].gen_rows[7].pe_i_dut_mid_pipe_sum_q_reg[1][30]/D           -       -       R     DFCNQD1         1    -     -     0    4965    (-,-) 
#------------------------------------------------------------------------------------------------------------------------------------------------------

Capture clock path:
#-------------------------------------------------------------------------------------------------------------------------------------------
#                           Timing Point                            Flags   Arc   Edge   Cell      Fanout Load Trans Delay Arrival Instance 
#                                                                                                         (fF)  (ps)  (ps)   (ps)  Location 
#-------------------------------------------------------------------------------------------------------------------------------------------
  clk                                                               (i)     -     R     (arrival)  261922  0.0     0     0    5000    (-,-) 
  gen_columns[29].gen_rows[7].pe_i_dut_mid_pipe_sum_q_reg[1][30]/CP <<<     -     R     DFCNQD1    261922    -     0     0    5000    (-,-) 
#-------------------------------------------------------------------------------------------------------------------------------------------



Path 9: MET (0 ps) Setup Check with Pin gen_columns[29].gen_rows[7].pe_i_dut_mid_pipe_sum_q_reg[1][31]/CP->D
          Group: clk
     Startpoint: (R) gen_columns[29].gen_rows[7].pe_i_dut_inp_pipe_operands_q_reg[1][0][8]/CP
          Clock: (R) clk
       Endpoint: (R) gen_columns[29].gen_rows[7].pe_i_dut_mid_pipe_sum_q_reg[1][31]/D
          Clock: (R) clk

                     Capture       Launch     
        Clock Edge:+    5000            0     
       Src Latency:+       0            0     
       Net Latency:+       0 (I)        0 (I) 
           Arrival:=    5000            0     
                                              
             Setup:-      35                  
     Required Time:=    4965                  
      Launch Clock:-       0                  
         Data Path:-    4965                  
             Slack:=       0                  

Launch clock path:
#--------------------------------------------------------------------------------------------------------------------------------------------------
#                              Timing Point                                Flags   Arc   Edge   Cell      Fanout Load Trans Delay Arrival Instance 
#                                                                                                                (fF)  (ps)  (ps)   (ps)  Location 
#--------------------------------------------------------------------------------------------------------------------------------------------------
  clk                                                                      (i)     -     R     (arrival)  261922  0.0     0     0       0    (-,-) 
  gen_columns[29].gen_rows[7].pe_i_dut_inp_pipe_operands_q_reg[1][0][8]/CP <<<     -     R     SDFCNQD1   261922    -     0     0       0    (-,-) 
#--------------------------------------------------------------------------------------------------------------------------------------------------

#------------------------------------------------------------------------------------------------------------------------------------------------------
#                               Timing Point                                 Flags    Arc    Edge   Cell      Fanout Load Trans Delay Arrival Instance 
#                                                                                                                    (fF)  (ps)  (ps)   (ps)  Location 
#------------------------------------------------------------------------------------------------------------------------------------------------------
  gen_columns[29].gen_rows[7].pe_i_dut_inp_pipe_operands_q_reg[1][0][8]/CP   -       -       R     (arrival)  261922    -     0     0       0    (-,-) 
  gen_columns[29].gen_rows[7].pe_i_dut_inp_pipe_operands_q_reg[1][0][8]/Q    -       CP->Q   R     SDFCNQD1       10 10.2    93   166     166    (-,-) 
  gen_columns[29].gen_rows[7].pe_i_dut_g15982/Z                              -       A1->Z   R     OR2D1           1  1.0    23    65     231    (-,-) 
  gen_columns[29].gen_rows[7].pe_i_dut_g15944/ZN                             -       A2->ZN  F     NR2XD0          1  0.9    24    25     256    (-,-) 
  gen_columns[29].gen_rows[7].pe_i_dut_g15924/ZN                             -       A1->ZN  R     CKND2D1         2  1.8    39    30     286    (-,-) 
  gen_columns[29].gen_rows[7].pe_i_dut_g16000/Z                              -       A1->Z   R     OR2D1           2  3.2    37    61     347    (-,-) 
  gen_columns[29].gen_rows[7].pe_i_dut_g15903/ZN                             -       A2->ZN  F     ND2D2           6  6.7    45    42     389    (-,-) 
  gen_columns[29].gen_rows[7].pe_i_dut_g15900/ZN                             -       I->ZN   R     CKND3           5  5.1    27    28     417    (-,-) 
  gen_columns[29].gen_rows[7].pe_i_dut_g15890/ZN                             -       B->ZN   F     IOA21D1         2  2.4    38    33     450    (-,-) 
  gen_columns[29].gen_rows[7].pe_i_dut_g15880/ZN                             -       A1->ZN  R     NR2XD1          2  1.8    29    29     479    (-,-) 
  gen_columns[29].gen_rows[7].pe_i_dut_g15869/ZN                             -       A1->ZN  R     IAO22D1         2  2.4    66    74     553    (-,-) 
  gen_columns[29].gen_rows[7].pe_i_dut_g15855/ZN                             -       A1->ZN  F     NR2XD1          2  1.8    29    32     585    (-,-) 
  gen_columns[29].gen_rows[7].pe_i_dut_g15999/ZN                             -       A1->ZN  F     IND2D1          2  1.9    35    62     647    (-,-) 
  gen_columns[29].gen_rows[7].pe_i_dut_g15825/ZN                             -       B1->ZN  F     MOAI22D1        4  3.7    62    75     722    (-,-) 
  gen_columns[29].gen_rows[7].pe_i_dut_g15804/ZN                             -       B1->ZN  F     MAOI22D1        3  3.1    52    77     799    (-,-) 
  gen_columns[29].gen_rows[7].pe_i_dut_g15782/ZN                             -       I->ZN   R     CKND1           1  1.0    25    27     826    (-,-) 
  gen_columns[29].gen_rows[7].pe_i_dut_g15772/ZN                             -       A1->ZN  F     AOI21D1         2  2.2    38    32     859    (-,-) 
  g87524/CO                                                                  -       CIN->CO R     FCICIND1        3  3.4    54   127     986    (-,-) 
  gen_columns[29].gen_rows[7].pe_i_dut_g15751/ZN                             -       I->ZN   F     INVD1           1  0.9    21    22    1008    (-,-) 
  gen_columns[29].gen_rows[7].pe_i_dut_g15739/ZN                             -       A1->ZN  R     OAI21D1         3  3.4    76    54    1063    (-,-) 
  g87522/CO                                                                  -       CIN->CO F     FCICIND1        1  1.0    37   116    1178    (-,-) 
  g87521/ZN                                                                  -       A1->ZN  R     ND2D1           5  4.8    58    45    1224    (-,-) 
  gen_columns[29].gen_rows[7].pe_i_dut_g15997/ZN                             -       A1->ZN  R     IND2D1          3  5.7    60    75    1298    (-,-) 
  gen_columns[29].gen_rows[7].pe_i_dut_g15718/ZN                             -       A1->ZN  F     CKND2D3         4  5.9    36    36    1334    (-,-) 
  gen_columns[29].gen_rows[7].pe_i_dut_g15711/ZN                             -       A1->ZN  R     NR2D1           1  2.8    64    52    1386    (-,-) 
  gen_columns[29].gen_rows[7].pe_i_dut_g15707/ZN                             -       A1->ZN  F     NR2XD2          7  6.9    37    38    1425    (-,-) 
  gen_columns[29].gen_rows[7].pe_i_dut_g15693/ZN                             -       A1->ZN  R     ND2D1           3  2.8    40    35    1460    (-,-) 
  gen_columns[29].gen_rows[7].pe_i_dut_g15687/ZN                             -       I->ZN   F     INVD1           7  6.8    47    42    1502    (-,-) 
  gen_columns[29].gen_rows[7].pe_i_dut_g15657/ZN                             -       A1->ZN  R     ND2D1           1  1.1    28    29    1531    (-,-) 
  gen_columns[29].gen_rows[7].pe_i_dut_g15641/ZN                             -       B->ZN   F     IOA21D1         1  0.8    23    23    1554    (-,-) 
  gen_columns[29].gen_rows[7].pe_i_dut_g15613/ZN                             -       A1->ZN  R     NR2XD0          2  2.0    47    38    1592    (-,-) 
  gen_columns[29].gen_rows[7].pe_i_dut_g15607/ZN                             -       A2->ZN  R     IAO22D2         4  3.8    31    70    1662    (-,-) 
  gen_columns[29].gen_rows[7].pe_i_dut_g15581/Z                              -       B1->Z   R     OA22D0          4  4.2    76   104    1766    (-,-) 
  gen_columns[29].gen_rows[7].pe_i_dut_g15529/ZN                             -       A4->ZN  F     ND4D1           1  0.9    67    67    1834    (-,-) 
  gen_columns[29].gen_rows[7].pe_i_dut_g15494/ZN                             -       A3->ZN  R     OAI31D1         1  1.0    72    62    1896    (-,-) 
  gen_columns[29].gen_rows[7].pe_i_dut_g15491/ZN                             -       A2->ZN  F     CKND2D1         2  1.4    35    39    1934    (-,-) 
  gen_columns[29].gen_rows[7].pe_i_dut_g15489/ZN                             -       A1->ZN  R     NR2XD0          2  2.1    67    43    1977    (-,-) 
  gen_columns[29].gen_rows[7].pe_i_dut_WALLACE_CSA_DUMMY_OP_groupi_g11876/ZN -       A1->ZN  F     ND2D1           3  2.8    48    47    2024    (-,-) 
  gen_columns[29].gen_rows[7].pe_i_dut_WALLACE_CSA_DUMMY_OP_groupi_g11760/ZN -       B1->ZN  R     INR2D1          4  4.1    85    68    2092    (-,-) 
  gen_columns[29].gen_rows[7].pe_i_dut_WALLACE_CSA_DUMMY_OP_groupi_g11621/ZN -       A1->ZN  F     AOI21D1         2  2.4    50    48    2139    (-,-) 
  gen_columns[29].gen_rows[7].pe_i_dut_WALLACE_CSA_DUMMY_OP_groupi_g11560/ZN -       A1->ZN  R     OAI21D1         1  1.1    45    42    2182    (-,-) 
  gen_columns[29].gen_rows[7].pe_i_dut_WALLACE_CSA_DUMMY_OP_groupi_g11502/CO -       CI->CO  R     FA1D0           1  1.1    34    83    2265    (-,-) 
  gen_columns[29].gen_rows[7].pe_i_dut_WALLACE_CSA_DUMMY_OP_groupi_g11480/CO -       CI->CO  R     FA1D0           1  1.1    34    80    2344    (-,-) 
  gen_columns[29].gen_rows[7].pe_i_dut_WALLACE_CSA_DUMMY_OP_groupi_g11465/CO -       CI->CO  R     FA1D0           1  1.1    34    80    2424    (-,-) 
  gen_columns[29].gen_rows[7].pe_i_dut_WALLACE_CSA_DUMMY_OP_groupi_g11446/CO -       CI->CO  R     FA1D0           3  3.1    61    98    2522    (-,-) 
  gen_columns[29].gen_rows[7].pe_i_dut_WALLACE_CSA_DUMMY_OP_groupi_g11445/ZN -       I->ZN   F     CKND1           1  0.9    24    26    2548    (-,-) 
  gen_columns[29].gen_rows[7].pe_i_dut_WALLACE_CSA_DUMMY_OP_groupi_g11441/ZN -       A1->ZN  R     OAI21D1         1  1.1    41    35    2583    (-,-) 
  gen_columns[29].gen_rows[7].pe_i_dut_WALLACE_CSA_DUMMY_OP_groupi_g11422/CO -       CI->CO  R     FA1D0           3  3.1    61   100    2684    (-,-) 
  gen_columns[29].gen_rows[7].pe_i_dut_WALLACE_CSA_DUMMY_OP_groupi_g11421/ZN -       I->ZN   F     CKND1           1  0.9    24    26    2710    (-,-) 
  gen_columns[29].gen_rows[7].pe_i_dut_WALLACE_CSA_DUMMY_OP_groupi_g2/Z      -       A1->Z   F     OA21D1          3  2.8    30    64    2773    (-,-) 
  gen_columns[29].gen_rows[7].pe_i_dut_WALLACE_CSA_DUMMY_OP_groupi_g11416/ZN -       A1->ZN  R     OAI21D1         1  1.1    42    37    2810    (-,-) 
  gen_columns[29].gen_rows[7].pe_i_dut_WALLACE_CSA_DUMMY_OP_groupi_g11415/CO -       CI->CO  R     FA1D0           1  1.1    34    82    2892    (-,-) 
  gen_columns[29].gen_rows[7].pe_i_dut_WALLACE_CSA_DUMMY_OP_groupi_g11414/CO -       CI->CO  R     FA1D0           1  1.1    34    80    2972    (-,-) 
  gen_columns[29].gen_rows[7].pe_i_dut_WALLACE_CSA_DUMMY_OP_groupi_g11413/CO -       CI->CO  R     FA1D0           3  2.8    57    95    3067    (-,-) 
  gen_columns[29].gen_rows[7].pe_i_dut_WALLACE_CSA_DUMMY_OP_groupi_g11411/ZN -       A1->ZN  R     IOA21D1         1  1.1    29    70    3137    (-,-) 
  gen_columns[29].gen_rows[7].pe_i_dut_WALLACE_CSA_DUMMY_OP_groupi_g11410/CO -       CI->CO  R     FA1D0           3  2.8    57    94    3231    (-,-) 
  gen_columns[29].gen_rows[7].pe_i_dut_WALLACE_CSA_DUMMY_OP_groupi_g11408/ZN -       A1->ZN  R     IOA21D1         1  1.1    29    70    3301    (-,-) 
  gen_columns[29].gen_rows[7].pe_i_dut_WALLACE_CSA_DUMMY_OP_groupi_g11407/CO -       CI->CO  R     FA1D0           3  3.1    61    96    3397    (-,-) 
  gen_columns[29].gen_rows[7].pe_i_dut_WALLACE_CSA_DUMMY_OP_groupi_g11405/Z  -       A1->Z   R     AO21D1          3  3.1    37    67    3464    (-,-) 
  gen_columns[29].gen_rows[7].pe_i_dut_WALLACE_CSA_DUMMY_OP_groupi_g11403/ZN -       A1->ZN  F     AOI21D1         3  2.8    45    39    3503    (-,-) 
  gen_columns[29].gen_rows[7].pe_i_dut_WALLACE_CSA_DUMMY_OP_groupi_g11401/ZN -       A1->ZN  R     OAI21D1         1  1.1    44    41    3544    (-,-) 
  gen_columns[29].gen_rows[7].pe_i_dut_WALLACE_CSA_DUMMY_OP_groupi_g11400/CO -       CI->CO  R     FA1D0           3  2.8    57    99    3643    (-,-) 
  gen_columns[29].gen_rows[7].pe_i_dut_WALLACE_CSA_DUMMY_OP_groupi_g11398/ZN -       A1->ZN  R     IOA21D1         1  1.1    29    70    3713    (-,-) 
  gen_columns[29].gen_rows[7].pe_i_dut_WALLACE_CSA_DUMMY_OP_groupi_g11397/CO -       CI->CO  R     FA1D0           3  3.1    61    96    3809    (-,-) 
  gen_columns[29].gen_rows[7].pe_i_dut_WALLACE_CSA_DUMMY_OP_groupi_g11395/ZN -       A1->ZN  F     AOI21D1         1  1.0    33    34    3842    (-,-) 
  gen_columns[29].gen_rows[7].pe_i_dut_WALLACE_CSA_DUMMY_OP_groupi_g11394/CO -       CI->CO  F     FA1D0           1  1.0    31    85    3928    (-,-) 
  gen_columns[29].gen_rows[7].pe_i_dut_WALLACE_CSA_DUMMY_OP_groupi_g11392/CO -       CI->CO  F     FA1D0           3  2.9    48   100    4027    (-,-) 
  gen_columns[29].gen_rows[7].pe_i_dut_WALLACE_CSA_DUMMY_OP_groupi_g11390/ZN -       A1->ZN  R     NR2D1           2  1.5    46    43    4071    (-,-) 
  gen_columns[29].gen_rows[7].pe_i_dut_WALLACE_CSA_DUMMY_OP_groupi_g11387/ZN -       A1->ZN  R     IOA21D1         3  3.1    57    77    4148    (-,-) 
  gen_columns[29].gen_rows[7].pe_i_dut_WALLACE_CSA_DUMMY_OP_groupi_g11384/ZN -       A1->ZN  F     AOI21D1         3  2.8    47    45    4193    (-,-) 
  gen_columns[29].gen_rows[7].pe_i_dut_WALLACE_CSA_DUMMY_OP_groupi_g11382/ZN -       A1->ZN  R     OAI21D1         3  2.9    71    58    4251    (-,-) 
  gen_columns[29].gen_rows[7].pe_i_dut_WALLACE_CSA_DUMMY_OP_groupi_g11381/ZN -       A1->ZN  R     INR2D1          2  1.5    48    72    4324    (-,-) 
  gen_columns[29].gen_rows[7].pe_i_dut_WALLACE_CSA_DUMMY_OP_groupi_g11378/ZN -       A1->ZN  R     IOA21D1         3  3.1    71    78    4401    (-,-) 
  gen_columns[29].gen_rows[7].pe_i_dut_WALLACE_CSA_DUMMY_OP_groupi_g11375/ZN -       A1->ZN  F     AOI21D1         3  2.8    50    48    4449    (-,-) 
  gen_columns[29].gen_rows[7].pe_i_dut_WALLACE_CSA_DUMMY_OP_groupi_g11373/ZN -       A1->ZN  R     OAI21D1         2  2.1    59    52    4501    (-,-) 
  gen_columns[29].gen_rows[7].pe_i_dut_WALLACE_CSA_DUMMY_OP_groupi_g11372/Z  -       A1->Z   R     AN3XD1          1  0.8    28    69    4570    (-,-) 
  gen_columns[29].gen_rows[7].pe_i_dut_g11639/ZN                             -       A1->ZN  R     IND2D1          4  4.9    71    63    4633    (-,-) 
  gen_columns[29].gen_rows[7].pe_i_dut_g11630/Z                              -       A1->Z   R     AN2XD1         36 36.0   297   208    4841    (-,-) 
  gen_columns[29].gen_rows[7].pe_i_dut_g11539/Z                              -       B1->Z   R     AO222D1         1  1.0    40   124    4965    (-,-) 
  gen_columns[29].gen_rows[7].pe_i_dut_mid_pipe_sum_q_reg[1][31]/D           -       -       R     DFCNQD1         1    -     -     0    4965    (-,-) 
#------------------------------------------------------------------------------------------------------------------------------------------------------

Capture clock path:
#-------------------------------------------------------------------------------------------------------------------------------------------
#                           Timing Point                            Flags   Arc   Edge   Cell      Fanout Load Trans Delay Arrival Instance 
#                                                                                                         (fF)  (ps)  (ps)   (ps)  Location 
#-------------------------------------------------------------------------------------------------------------------------------------------
  clk                                                               (i)     -     R     (arrival)  261922  0.0     0     0    5000    (-,-) 
  gen_columns[29].gen_rows[7].pe_i_dut_mid_pipe_sum_q_reg[1][31]/CP <<<     -     R     DFCNQD1    261922    -     0     0    5000    (-,-) 
#-------------------------------------------------------------------------------------------------------------------------------------------



Path 10: MET (0 ps) Setup Check with Pin gen_columns[29].gen_rows[7].pe_i_dut_mid_pipe_sum_q_reg[1][32]/CP->D
          Group: clk
     Startpoint: (R) gen_columns[29].gen_rows[7].pe_i_dut_inp_pipe_operands_q_reg[1][0][8]/CP
          Clock: (R) clk
       Endpoint: (R) gen_columns[29].gen_rows[7].pe_i_dut_mid_pipe_sum_q_reg[1][32]/D
          Clock: (R) clk

                     Capture       Launch     
        Clock Edge:+    5000            0     
       Src Latency:+       0            0     
       Net Latency:+       0 (I)        0 (I) 
           Arrival:=    5000            0     
                                              
             Setup:-      35                  
     Required Time:=    4965                  
      Launch Clock:-       0                  
         Data Path:-    4965                  
             Slack:=       0                  

Launch clock path:
#--------------------------------------------------------------------------------------------------------------------------------------------------
#                              Timing Point                                Flags   Arc   Edge   Cell      Fanout Load Trans Delay Arrival Instance 
#                                                                                                                (fF)  (ps)  (ps)   (ps)  Location 
#--------------------------------------------------------------------------------------------------------------------------------------------------
  clk                                                                      (i)     -     R     (arrival)  261922  0.0     0     0       0    (-,-) 
  gen_columns[29].gen_rows[7].pe_i_dut_inp_pipe_operands_q_reg[1][0][8]/CP <<<     -     R     SDFCNQD1   261922    -     0     0       0    (-,-) 
#--------------------------------------------------------------------------------------------------------------------------------------------------

#------------------------------------------------------------------------------------------------------------------------------------------------------
#                               Timing Point                                 Flags    Arc    Edge   Cell      Fanout Load Trans Delay Arrival Instance 
#                                                                                                                    (fF)  (ps)  (ps)   (ps)  Location 
#------------------------------------------------------------------------------------------------------------------------------------------------------
  gen_columns[29].gen_rows[7].pe_i_dut_inp_pipe_operands_q_reg[1][0][8]/CP   -       -       R     (arrival)  261922    -     0     0       0    (-,-) 
  gen_columns[29].gen_rows[7].pe_i_dut_inp_pipe_operands_q_reg[1][0][8]/Q    -       CP->Q   R     SDFCNQD1       10 10.2    93   166     166    (-,-) 
  gen_columns[29].gen_rows[7].pe_i_dut_g15982/Z                              -       A1->Z   R     OR2D1           1  1.0    23    65     231    (-,-) 
  gen_columns[29].gen_rows[7].pe_i_dut_g15944/ZN                             -       A2->ZN  F     NR2XD0          1  0.9    24    25     256    (-,-) 
  gen_columns[29].gen_rows[7].pe_i_dut_g15924/ZN                             -       A1->ZN  R     CKND2D1         2  1.8    39    30     286    (-,-) 
  gen_columns[29].gen_rows[7].pe_i_dut_g16000/Z                              -       A1->Z   R     OR2D1           2  3.2    37    61     347    (-,-) 
  gen_columns[29].gen_rows[7].pe_i_dut_g15903/ZN                             -       A2->ZN  F     ND2D2           6  6.7    45    42     389    (-,-) 
  gen_columns[29].gen_rows[7].pe_i_dut_g15900/ZN                             -       I->ZN   R     CKND3           5  5.1    27    28     417    (-,-) 
  gen_columns[29].gen_rows[7].pe_i_dut_g15890/ZN                             -       B->ZN   F     IOA21D1         2  2.4    38    33     450    (-,-) 
  gen_columns[29].gen_rows[7].pe_i_dut_g15880/ZN                             -       A1->ZN  R     NR2XD1          2  1.8    29    29     479    (-,-) 
  gen_columns[29].gen_rows[7].pe_i_dut_g15869/ZN                             -       A1->ZN  R     IAO22D1         2  2.4    66    74     553    (-,-) 
  gen_columns[29].gen_rows[7].pe_i_dut_g15855/ZN                             -       A1->ZN  F     NR2XD1          2  1.8    29    32     585    (-,-) 
  gen_columns[29].gen_rows[7].pe_i_dut_g15999/ZN                             -       A1->ZN  F     IND2D1          2  1.9    35    62     647    (-,-) 
  gen_columns[29].gen_rows[7].pe_i_dut_g15825/ZN                             -       B1->ZN  F     MOAI22D1        4  3.7    62    75     722    (-,-) 
  gen_columns[29].gen_rows[7].pe_i_dut_g15804/ZN                             -       B1->ZN  F     MAOI22D1        3  3.1    52    77     799    (-,-) 
  gen_columns[29].gen_rows[7].pe_i_dut_g15782/ZN                             -       I->ZN   R     CKND1           1  1.0    25    27     826    (-,-) 
  gen_columns[29].gen_rows[7].pe_i_dut_g15772/ZN                             -       A1->ZN  F     AOI21D1         2  2.2    38    32     859    (-,-) 
  g87524/CO                                                                  -       CIN->CO R     FCICIND1        3  3.4    54   127     986    (-,-) 
  gen_columns[29].gen_rows[7].pe_i_dut_g15751/ZN                             -       I->ZN   F     INVD1           1  0.9    21    22    1008    (-,-) 
  gen_columns[29].gen_rows[7].pe_i_dut_g15739/ZN                             -       A1->ZN  R     OAI21D1         3  3.4    76    54    1063    (-,-) 
  g87522/CO                                                                  -       CIN->CO F     FCICIND1        1  1.0    37   116    1178    (-,-) 
  g87521/ZN                                                                  -       A1->ZN  R     ND2D1           5  4.8    58    45    1224    (-,-) 
  gen_columns[29].gen_rows[7].pe_i_dut_g15997/ZN                             -       A1->ZN  R     IND2D1          3  5.7    60    75    1298    (-,-) 
  gen_columns[29].gen_rows[7].pe_i_dut_g15718/ZN                             -       A1->ZN  F     CKND2D3         4  5.9    36    36    1334    (-,-) 
  gen_columns[29].gen_rows[7].pe_i_dut_g15711/ZN                             -       A1->ZN  R     NR2D1           1  2.8    64    52    1386    (-,-) 
  gen_columns[29].gen_rows[7].pe_i_dut_g15707/ZN                             -       A1->ZN  F     NR2XD2          7  6.9    37    38    1425    (-,-) 
  gen_columns[29].gen_rows[7].pe_i_dut_g15693/ZN                             -       A1->ZN  R     ND2D1           3  2.8    40    35    1460    (-,-) 
  gen_columns[29].gen_rows[7].pe_i_dut_g15687/ZN                             -       I->ZN   F     INVD1           7  6.8    47    42    1502    (-,-) 
  gen_columns[29].gen_rows[7].pe_i_dut_g15657/ZN                             -       A1->ZN  R     ND2D1           1  1.1    28    29    1531    (-,-) 
  gen_columns[29].gen_rows[7].pe_i_dut_g15641/ZN                             -       B->ZN   F     IOA21D1         1  0.8    23    23    1554    (-,-) 
  gen_columns[29].gen_rows[7].pe_i_dut_g15613/ZN                             -       A1->ZN  R     NR2XD0          2  2.0    47    38    1592    (-,-) 
  gen_columns[29].gen_rows[7].pe_i_dut_g15607/ZN                             -       A2->ZN  R     IAO22D2         4  3.8    31    70    1662    (-,-) 
  gen_columns[29].gen_rows[7].pe_i_dut_g15581/Z                              -       B1->Z   R     OA22D0          4  4.2    76   104    1766    (-,-) 
  gen_columns[29].gen_rows[7].pe_i_dut_g15529/ZN                             -       A4->ZN  F     ND4D1           1  0.9    67    67    1834    (-,-) 
  gen_columns[29].gen_rows[7].pe_i_dut_g15494/ZN                             -       A3->ZN  R     OAI31D1         1  1.0    72    62    1896    (-,-) 
  gen_columns[29].gen_rows[7].pe_i_dut_g15491/ZN                             -       A2->ZN  F     CKND2D1         2  1.4    35    39    1934    (-,-) 
  gen_columns[29].gen_rows[7].pe_i_dut_g15489/ZN                             -       A1->ZN  R     NR2XD0          2  2.1    67    43    1977    (-,-) 
  gen_columns[29].gen_rows[7].pe_i_dut_WALLACE_CSA_DUMMY_OP_groupi_g11876/ZN -       A1->ZN  F     ND2D1           3  2.8    48    47    2024    (-,-) 
  gen_columns[29].gen_rows[7].pe_i_dut_WALLACE_CSA_DUMMY_OP_groupi_g11760/ZN -       B1->ZN  R     INR2D1          4  4.1    85    68    2092    (-,-) 
  gen_columns[29].gen_rows[7].pe_i_dut_WALLACE_CSA_DUMMY_OP_groupi_g11621/ZN -       A1->ZN  F     AOI21D1         2  2.4    50    48    2139    (-,-) 
  gen_columns[29].gen_rows[7].pe_i_dut_WALLACE_CSA_DUMMY_OP_groupi_g11560/ZN -       A1->ZN  R     OAI21D1         1  1.1    45    42    2182    (-,-) 
  gen_columns[29].gen_rows[7].pe_i_dut_WALLACE_CSA_DUMMY_OP_groupi_g11502/CO -       CI->CO  R     FA1D0           1  1.1    34    83    2265    (-,-) 
  gen_columns[29].gen_rows[7].pe_i_dut_WALLACE_CSA_DUMMY_OP_groupi_g11480/CO -       CI->CO  R     FA1D0           1  1.1    34    80    2344    (-,-) 
  gen_columns[29].gen_rows[7].pe_i_dut_WALLACE_CSA_DUMMY_OP_groupi_g11465/CO -       CI->CO  R     FA1D0           1  1.1    34    80    2424    (-,-) 
  gen_columns[29].gen_rows[7].pe_i_dut_WALLACE_CSA_DUMMY_OP_groupi_g11446/CO -       CI->CO  R     FA1D0           3  3.1    61    98    2522    (-,-) 
  gen_columns[29].gen_rows[7].pe_i_dut_WALLACE_CSA_DUMMY_OP_groupi_g11445/ZN -       I->ZN   F     CKND1           1  0.9    24    26    2548    (-,-) 
  gen_columns[29].gen_rows[7].pe_i_dut_WALLACE_CSA_DUMMY_OP_groupi_g11441/ZN -       A1->ZN  R     OAI21D1         1  1.1    41    35    2583    (-,-) 
  gen_columns[29].gen_rows[7].pe_i_dut_WALLACE_CSA_DUMMY_OP_groupi_g11422/CO -       CI->CO  R     FA1D0           3  3.1    61   100    2684    (-,-) 
  gen_columns[29].gen_rows[7].pe_i_dut_WALLACE_CSA_DUMMY_OP_groupi_g11421/ZN -       I->ZN   F     CKND1           1  0.9    24    26    2710    (-,-) 
  gen_columns[29].gen_rows[7].pe_i_dut_WALLACE_CSA_DUMMY_OP_groupi_g2/Z      -       A1->Z   F     OA21D1          3  2.8    30    64    2773    (-,-) 
  gen_columns[29].gen_rows[7].pe_i_dut_WALLACE_CSA_DUMMY_OP_groupi_g11416/ZN -       A1->ZN  R     OAI21D1         1  1.1    42    37    2810    (-,-) 
  gen_columns[29].gen_rows[7].pe_i_dut_WALLACE_CSA_DUMMY_OP_groupi_g11415/CO -       CI->CO  R     FA1D0           1  1.1    34    82    2892    (-,-) 
  gen_columns[29].gen_rows[7].pe_i_dut_WALLACE_CSA_DUMMY_OP_groupi_g11414/CO -       CI->CO  R     FA1D0           1  1.1    34    80    2972    (-,-) 
  gen_columns[29].gen_rows[7].pe_i_dut_WALLACE_CSA_DUMMY_OP_groupi_g11413/CO -       CI->CO  R     FA1D0           3  2.8    57    95    3067    (-,-) 
  gen_columns[29].gen_rows[7].pe_i_dut_WALLACE_CSA_DUMMY_OP_groupi_g11411/ZN -       A1->ZN  R     IOA21D1         1  1.1    29    70    3137    (-,-) 
  gen_columns[29].gen_rows[7].pe_i_dut_WALLACE_CSA_DUMMY_OP_groupi_g11410/CO -       CI->CO  R     FA1D0           3  2.8    57    94    3231    (-,-) 
  gen_columns[29].gen_rows[7].pe_i_dut_WALLACE_CSA_DUMMY_OP_groupi_g11408/ZN -       A1->ZN  R     IOA21D1         1  1.1    29    70    3301    (-,-) 
  gen_columns[29].gen_rows[7].pe_i_dut_WALLACE_CSA_DUMMY_OP_groupi_g11407/CO -       CI->CO  R     FA1D0           3  3.1    61    96    3397    (-,-) 
  gen_columns[29].gen_rows[7].pe_i_dut_WALLACE_CSA_DUMMY_OP_groupi_g11405/Z  -       A1->Z   R     AO21D1          3  3.1    37    67    3464    (-,-) 
  gen_columns[29].gen_rows[7].pe_i_dut_WALLACE_CSA_DUMMY_OP_groupi_g11403/ZN -       A1->ZN  F     AOI21D1         3  2.8    45    39    3503    (-,-) 
  gen_columns[29].gen_rows[7].pe_i_dut_WALLACE_CSA_DUMMY_OP_groupi_g11401/ZN -       A1->ZN  R     OAI21D1         1  1.1    44    41    3544    (-,-) 
  gen_columns[29].gen_rows[7].pe_i_dut_WALLACE_CSA_DUMMY_OP_groupi_g11400/CO -       CI->CO  R     FA1D0           3  2.8    57    99    3643    (-,-) 
  gen_columns[29].gen_rows[7].pe_i_dut_WALLACE_CSA_DUMMY_OP_groupi_g11398/ZN -       A1->ZN  R     IOA21D1         1  1.1    29    70    3713    (-,-) 
  gen_columns[29].gen_rows[7].pe_i_dut_WALLACE_CSA_DUMMY_OP_groupi_g11397/CO -       CI->CO  R     FA1D0           3  3.1    61    96    3809    (-,-) 
  gen_columns[29].gen_rows[7].pe_i_dut_WALLACE_CSA_DUMMY_OP_groupi_g11395/ZN -       A1->ZN  F     AOI21D1         1  1.0    33    34    3842    (-,-) 
  gen_columns[29].gen_rows[7].pe_i_dut_WALLACE_CSA_DUMMY_OP_groupi_g11394/CO -       CI->CO  F     FA1D0           1  1.0    31    85    3928    (-,-) 
  gen_columns[29].gen_rows[7].pe_i_dut_WALLACE_CSA_DUMMY_OP_groupi_g11392/CO -       CI->CO  F     FA1D0           3  2.9    48   100    4027    (-,-) 
  gen_columns[29].gen_rows[7].pe_i_dut_WALLACE_CSA_DUMMY_OP_groupi_g11390/ZN -       A1->ZN  R     NR2D1           2  1.5    46    43    4071    (-,-) 
  gen_columns[29].gen_rows[7].pe_i_dut_WALLACE_CSA_DUMMY_OP_groupi_g11387/ZN -       A1->ZN  R     IOA21D1         3  3.1    57    77    4148    (-,-) 
  gen_columns[29].gen_rows[7].pe_i_dut_WALLACE_CSA_DUMMY_OP_groupi_g11384/ZN -       A1->ZN  F     AOI21D1         3  2.8    47    45    4193    (-,-) 
  gen_columns[29].gen_rows[7].pe_i_dut_WALLACE_CSA_DUMMY_OP_groupi_g11382/ZN -       A1->ZN  R     OAI21D1         3  2.9    71    58    4251    (-,-) 
  gen_columns[29].gen_rows[7].pe_i_dut_WALLACE_CSA_DUMMY_OP_groupi_g11381/ZN -       A1->ZN  R     INR2D1          2  1.5    48    72    4324    (-,-) 
  gen_columns[29].gen_rows[7].pe_i_dut_WALLACE_CSA_DUMMY_OP_groupi_g11378/ZN -       A1->ZN  R     IOA21D1         3  3.1    71    78    4401    (-,-) 
  gen_columns[29].gen_rows[7].pe_i_dut_WALLACE_CSA_DUMMY_OP_groupi_g11375/ZN -       A1->ZN  F     AOI21D1         3  2.8    50    48    4449    (-,-) 
  gen_columns[29].gen_rows[7].pe_i_dut_WALLACE_CSA_DUMMY_OP_groupi_g11373/ZN -       A1->ZN  R     OAI21D1         2  2.1    59    52    4501    (-,-) 
  gen_columns[29].gen_rows[7].pe_i_dut_WALLACE_CSA_DUMMY_OP_groupi_g11372/Z  -       A1->Z   R     AN3XD1          1  0.8    28    69    4570    (-,-) 
  gen_columns[29].gen_rows[7].pe_i_dut_g11639/ZN                             -       A1->ZN  R     IND2D1          4  4.9    71    63    4633    (-,-) 
  gen_columns[29].gen_rows[7].pe_i_dut_g11630/Z                              -       A1->Z   R     AN2XD1         36 36.0   297   208    4841    (-,-) 
  gen_columns[29].gen_rows[7].pe_i_dut_g11538/Z                              -       B1->Z   R     AO222D1         1  1.0    40   124    4965    (-,-) 
  gen_columns[29].gen_rows[7].pe_i_dut_mid_pipe_sum_q_reg[1][32]/D           -       -       R     DFCNQD1         1    -     -     0    4965    (-,-) 
#------------------------------------------------------------------------------------------------------------------------------------------------------

Capture clock path:
#-------------------------------------------------------------------------------------------------------------------------------------------
#                           Timing Point                            Flags   Arc   Edge   Cell      Fanout Load Trans Delay Arrival Instance 
#                                                                                                         (fF)  (ps)  (ps)   (ps)  Location 
#-------------------------------------------------------------------------------------------------------------------------------------------
  clk                                                               (i)     -     R     (arrival)  261922  0.0     0     0    5000    (-,-) 
  gen_columns[29].gen_rows[7].pe_i_dut_mid_pipe_sum_q_reg[1][32]/CP <<<     -     R     DFCNQD1    261922    -     0     0    5000    (-,-) 
#-------------------------------------------------------------------------------------------------------------------------------------------



Path 11: MET (0 ps) Setup Check with Pin gen_columns[29].gen_rows[7].pe_i_dut_mid_pipe_sum_q_reg[1][25]/CP->D
          Group: clk
     Startpoint: (R) gen_columns[29].gen_rows[7].pe_i_dut_inp_pipe_operands_q_reg[1][0][8]/CP
          Clock: (R) clk
       Endpoint: (R) gen_columns[29].gen_rows[7].pe_i_dut_mid_pipe_sum_q_reg[1][25]/D
          Clock: (R) clk

                     Capture       Launch     
        Clock Edge:+    5000            0     
       Src Latency:+       0            0     
       Net Latency:+       0 (I)        0 (I) 
           Arrival:=    5000            0     
                                              
             Setup:-      35                  
     Required Time:=    4965                  
      Launch Clock:-       0                  
         Data Path:-    4965                  
             Slack:=       0                  

Launch clock path:
#--------------------------------------------------------------------------------------------------------------------------------------------------
#                              Timing Point                                Flags   Arc   Edge   Cell      Fanout Load Trans Delay Arrival Instance 
#                                                                                                                (fF)  (ps)  (ps)   (ps)  Location 
#--------------------------------------------------------------------------------------------------------------------------------------------------
  clk                                                                      (i)     -     R     (arrival)  261922  0.0     0     0       0    (-,-) 
  gen_columns[29].gen_rows[7].pe_i_dut_inp_pipe_operands_q_reg[1][0][8]/CP <<<     -     R     SDFCNQD1   261922    -     0     0       0    (-,-) 
#--------------------------------------------------------------------------------------------------------------------------------------------------

#------------------------------------------------------------------------------------------------------------------------------------------------------
#                               Timing Point                                 Flags    Arc    Edge   Cell      Fanout Load Trans Delay Arrival Instance 
#                                                                                                                    (fF)  (ps)  (ps)   (ps)  Location 
#------------------------------------------------------------------------------------------------------------------------------------------------------
  gen_columns[29].gen_rows[7].pe_i_dut_inp_pipe_operands_q_reg[1][0][8]/CP   -       -       R     (arrival)  261922    -     0     0       0    (-,-) 
  gen_columns[29].gen_rows[7].pe_i_dut_inp_pipe_operands_q_reg[1][0][8]/Q    -       CP->Q   R     SDFCNQD1       10 10.2    93   166     166    (-,-) 
  gen_columns[29].gen_rows[7].pe_i_dut_g15982/Z                              -       A1->Z   R     OR2D1           1  1.0    23    65     231    (-,-) 
  gen_columns[29].gen_rows[7].pe_i_dut_g15944/ZN                             -       A2->ZN  F     NR2XD0          1  0.9    24    25     256    (-,-) 
  gen_columns[29].gen_rows[7].pe_i_dut_g15924/ZN                             -       A1->ZN  R     CKND2D1         2  1.8    39    30     286    (-,-) 
  gen_columns[29].gen_rows[7].pe_i_dut_g16000/Z                              -       A1->Z   R     OR2D1           2  3.2    37    61     347    (-,-) 
  gen_columns[29].gen_rows[7].pe_i_dut_g15903/ZN                             -       A2->ZN  F     ND2D2           6  6.7    45    42     389    (-,-) 
  gen_columns[29].gen_rows[7].pe_i_dut_g15900/ZN                             -       I->ZN   R     CKND3           5  5.1    27    28     417    (-,-) 
  gen_columns[29].gen_rows[7].pe_i_dut_g15890/ZN                             -       B->ZN   F     IOA21D1         2  2.4    38    33     450    (-,-) 
  gen_columns[29].gen_rows[7].pe_i_dut_g15880/ZN                             -       A1->ZN  R     NR2XD1          2  1.8    29    29     479    (-,-) 
  gen_columns[29].gen_rows[7].pe_i_dut_g15869/ZN                             -       A1->ZN  R     IAO22D1         2  2.4    66    74     553    (-,-) 
  gen_columns[29].gen_rows[7].pe_i_dut_g15855/ZN                             -       A1->ZN  F     NR2XD1          2  1.8    29    32     585    (-,-) 
  gen_columns[29].gen_rows[7].pe_i_dut_g15999/ZN                             -       A1->ZN  F     IND2D1          2  1.9    35    62     647    (-,-) 
  gen_columns[29].gen_rows[7].pe_i_dut_g15825/ZN                             -       B1->ZN  F     MOAI22D1        4  3.7    62    75     722    (-,-) 
  gen_columns[29].gen_rows[7].pe_i_dut_g15804/ZN                             -       B1->ZN  F     MAOI22D1        3  3.1    52    77     799    (-,-) 
  gen_columns[29].gen_rows[7].pe_i_dut_g15782/ZN                             -       I->ZN   R     CKND1           1  1.0    25    27     826    (-,-) 
  gen_columns[29].gen_rows[7].pe_i_dut_g15772/ZN                             -       A1->ZN  F     AOI21D1         2  2.2    38    32     859    (-,-) 
  g87524/CO                                                                  -       CIN->CO R     FCICIND1        3  3.4    54   127     986    (-,-) 
  gen_columns[29].gen_rows[7].pe_i_dut_g15751/ZN                             -       I->ZN   F     INVD1           1  0.9    21    22    1008    (-,-) 
  gen_columns[29].gen_rows[7].pe_i_dut_g15739/ZN                             -       A1->ZN  R     OAI21D1         3  3.4    76    54    1063    (-,-) 
  g87522/CO                                                                  -       CIN->CO F     FCICIND1        1  1.0    37   116    1178    (-,-) 
  g87521/ZN                                                                  -       A1->ZN  R     ND2D1           5  4.8    58    45    1224    (-,-) 
  gen_columns[29].gen_rows[7].pe_i_dut_g15997/ZN                             -       A1->ZN  R     IND2D1          3  5.7    60    75    1298    (-,-) 
  gen_columns[29].gen_rows[7].pe_i_dut_g15718/ZN                             -       A1->ZN  F     CKND2D3         4  5.9    36    36    1334    (-,-) 
  gen_columns[29].gen_rows[7].pe_i_dut_g15711/ZN                             -       A1->ZN  R     NR2D1           1  2.8    64    52    1386    (-,-) 
  gen_columns[29].gen_rows[7].pe_i_dut_g15707/ZN                             -       A1->ZN  F     NR2XD2          7  6.9    37    38    1425    (-,-) 
  gen_columns[29].gen_rows[7].pe_i_dut_g15693/ZN                             -       A1->ZN  R     ND2D1           3  2.8    40    35    1460    (-,-) 
  gen_columns[29].gen_rows[7].pe_i_dut_g15687/ZN                             -       I->ZN   F     INVD1           7  6.8    47    42    1502    (-,-) 
  gen_columns[29].gen_rows[7].pe_i_dut_g15657/ZN                             -       A1->ZN  R     ND2D1           1  1.1    28    29    1531    (-,-) 
  gen_columns[29].gen_rows[7].pe_i_dut_g15641/ZN                             -       B->ZN   F     IOA21D1         1  0.8    23    23    1554    (-,-) 
  gen_columns[29].gen_rows[7].pe_i_dut_g15613/ZN                             -       A1->ZN  R     NR2XD0          2  2.0    47    38    1592    (-,-) 
  gen_columns[29].gen_rows[7].pe_i_dut_g15607/ZN                             -       A2->ZN  R     IAO22D2         4  3.8    31    70    1662    (-,-) 
  gen_columns[29].gen_rows[7].pe_i_dut_g15581/Z                              -       B1->Z   R     OA22D0          4  4.2    76   104    1766    (-,-) 
  gen_columns[29].gen_rows[7].pe_i_dut_g15529/ZN                             -       A4->ZN  F     ND4D1           1  0.9    67    67    1834    (-,-) 
  gen_columns[29].gen_rows[7].pe_i_dut_g15494/ZN                             -       A3->ZN  R     OAI31D1         1  1.0    72    62    1896    (-,-) 
  gen_columns[29].gen_rows[7].pe_i_dut_g15491/ZN                             -       A2->ZN  F     CKND2D1         2  1.4    35    39    1934    (-,-) 
  gen_columns[29].gen_rows[7].pe_i_dut_g15489/ZN                             -       A1->ZN  R     NR2XD0          2  2.1    67    43    1977    (-,-) 
  gen_columns[29].gen_rows[7].pe_i_dut_WALLACE_CSA_DUMMY_OP_groupi_g11876/ZN -       A1->ZN  F     ND2D1           3  2.8    48    47    2024    (-,-) 
  gen_columns[29].gen_rows[7].pe_i_dut_WALLACE_CSA_DUMMY_OP_groupi_g11760/ZN -       B1->ZN  R     INR2D1          4  4.1    85    68    2092    (-,-) 
  gen_columns[29].gen_rows[7].pe_i_dut_WALLACE_CSA_DUMMY_OP_groupi_g11621/ZN -       A1->ZN  F     AOI21D1         2  2.4    50    48    2139    (-,-) 
  gen_columns[29].gen_rows[7].pe_i_dut_WALLACE_CSA_DUMMY_OP_groupi_g11560/ZN -       A1->ZN  R     OAI21D1         1  1.1    45    42    2182    (-,-) 
  gen_columns[29].gen_rows[7].pe_i_dut_WALLACE_CSA_DUMMY_OP_groupi_g11502/CO -       CI->CO  R     FA1D0           1  1.1    34    83    2265    (-,-) 
  gen_columns[29].gen_rows[7].pe_i_dut_WALLACE_CSA_DUMMY_OP_groupi_g11480/CO -       CI->CO  R     FA1D0           1  1.1    34    80    2344    (-,-) 
  gen_columns[29].gen_rows[7].pe_i_dut_WALLACE_CSA_DUMMY_OP_groupi_g11465/CO -       CI->CO  R     FA1D0           1  1.1    34    80    2424    (-,-) 
  gen_columns[29].gen_rows[7].pe_i_dut_WALLACE_CSA_DUMMY_OP_groupi_g11446/CO -       CI->CO  R     FA1D0           3  3.1    61    98    2522    (-,-) 
  gen_columns[29].gen_rows[7].pe_i_dut_WALLACE_CSA_DUMMY_OP_groupi_g11445/ZN -       I->ZN   F     CKND1           1  0.9    24    26    2548    (-,-) 
  gen_columns[29].gen_rows[7].pe_i_dut_WALLACE_CSA_DUMMY_OP_groupi_g11441/ZN -       A1->ZN  R     OAI21D1         1  1.1    41    35    2583    (-,-) 
  gen_columns[29].gen_rows[7].pe_i_dut_WALLACE_CSA_DUMMY_OP_groupi_g11422/CO -       CI->CO  R     FA1D0           3  3.1    61   100    2684    (-,-) 
  gen_columns[29].gen_rows[7].pe_i_dut_WALLACE_CSA_DUMMY_OP_groupi_g11421/ZN -       I->ZN   F     CKND1           1  0.9    24    26    2710    (-,-) 
  gen_columns[29].gen_rows[7].pe_i_dut_WALLACE_CSA_DUMMY_OP_groupi_g2/Z      -       A1->Z   F     OA21D1          3  2.8    30    64    2773    (-,-) 
  gen_columns[29].gen_rows[7].pe_i_dut_WALLACE_CSA_DUMMY_OP_groupi_g11416/ZN -       A1->ZN  R     OAI21D1         1  1.1    42    37    2810    (-,-) 
  gen_columns[29].gen_rows[7].pe_i_dut_WALLACE_CSA_DUMMY_OP_groupi_g11415/CO -       CI->CO  R     FA1D0           1  1.1    34    82    2892    (-,-) 
  gen_columns[29].gen_rows[7].pe_i_dut_WALLACE_CSA_DUMMY_OP_groupi_g11414/CO -       CI->CO  R     FA1D0           1  1.1    34    80    2972    (-,-) 
  gen_columns[29].gen_rows[7].pe_i_dut_WALLACE_CSA_DUMMY_OP_groupi_g11413/CO -       CI->CO  R     FA1D0           3  2.8    57    95    3067    (-,-) 
  gen_columns[29].gen_rows[7].pe_i_dut_WALLACE_CSA_DUMMY_OP_groupi_g11411/ZN -       A1->ZN  R     IOA21D1         1  1.1    29    70    3137    (-,-) 
  gen_columns[29].gen_rows[7].pe_i_dut_WALLACE_CSA_DUMMY_OP_groupi_g11410/CO -       CI->CO  R     FA1D0           3  2.8    57    94    3231    (-,-) 
  gen_columns[29].gen_rows[7].pe_i_dut_WALLACE_CSA_DUMMY_OP_groupi_g11408/ZN -       A1->ZN  R     IOA21D1         1  1.1    29    70    3301    (-,-) 
  gen_columns[29].gen_rows[7].pe_i_dut_WALLACE_CSA_DUMMY_OP_groupi_g11407/CO -       CI->CO  R     FA1D0           3  3.1    61    96    3397    (-,-) 
  gen_columns[29].gen_rows[7].pe_i_dut_WALLACE_CSA_DUMMY_OP_groupi_g11405/Z  -       A1->Z   R     AO21D1          3  3.1    37    67    3464    (-,-) 
  gen_columns[29].gen_rows[7].pe_i_dut_WALLACE_CSA_DUMMY_OP_groupi_g11403/ZN -       A1->ZN  F     AOI21D1         3  2.8    45    39    3503    (-,-) 
  gen_columns[29].gen_rows[7].pe_i_dut_WALLACE_CSA_DUMMY_OP_groupi_g11401/ZN -       A1->ZN  R     OAI21D1         1  1.1    44    41    3544    (-,-) 
  gen_columns[29].gen_rows[7].pe_i_dut_WALLACE_CSA_DUMMY_OP_groupi_g11400/CO -       CI->CO  R     FA1D0           3  2.8    57    99    3643    (-,-) 
  gen_columns[29].gen_rows[7].pe_i_dut_WALLACE_CSA_DUMMY_OP_groupi_g11398/ZN -       A1->ZN  R     IOA21D1         1  1.1    29    70    3713    (-,-) 
  gen_columns[29].gen_rows[7].pe_i_dut_WALLACE_CSA_DUMMY_OP_groupi_g11397/CO -       CI->CO  R     FA1D0           3  3.1    61    96    3809    (-,-) 
  gen_columns[29].gen_rows[7].pe_i_dut_WALLACE_CSA_DUMMY_OP_groupi_g11395/ZN -       A1->ZN  F     AOI21D1         1  1.0    33    34    3842    (-,-) 
  gen_columns[29].gen_rows[7].pe_i_dut_WALLACE_CSA_DUMMY_OP_groupi_g11394/CO -       CI->CO  F     FA1D0           1  1.0    31    85    3928    (-,-) 
  gen_columns[29].gen_rows[7].pe_i_dut_WALLACE_CSA_DUMMY_OP_groupi_g11392/CO -       CI->CO  F     FA1D0           3  2.9    48   100    4027    (-,-) 
  gen_columns[29].gen_rows[7].pe_i_dut_WALLACE_CSA_DUMMY_OP_groupi_g11390/ZN -       A1->ZN  R     NR2D1           2  1.5    46    43    4071    (-,-) 
  gen_columns[29].gen_rows[7].pe_i_dut_WALLACE_CSA_DUMMY_OP_groupi_g11387/ZN -       A1->ZN  R     IOA21D1         3  3.1    57    77    4148    (-,-) 
  gen_columns[29].gen_rows[7].pe_i_dut_WALLACE_CSA_DUMMY_OP_groupi_g11384/ZN -       A1->ZN  F     AOI21D1         3  2.8    47    45    4193    (-,-) 
  gen_columns[29].gen_rows[7].pe_i_dut_WALLACE_CSA_DUMMY_OP_groupi_g11382/ZN -       A1->ZN  R     OAI21D1         3  2.9    71    58    4251    (-,-) 
  gen_columns[29].gen_rows[7].pe_i_dut_WALLACE_CSA_DUMMY_OP_groupi_g11381/ZN -       A1->ZN  R     INR2D1          2  1.5    48    72    4324    (-,-) 
  gen_columns[29].gen_rows[7].pe_i_dut_WALLACE_CSA_DUMMY_OP_groupi_g11378/ZN -       A1->ZN  R     IOA21D1         3  3.1    71    78    4401    (-,-) 
  gen_columns[29].gen_rows[7].pe_i_dut_WALLACE_CSA_DUMMY_OP_groupi_g11375/ZN -       A1->ZN  F     AOI21D1         3  2.8    50    48    4449    (-,-) 
  gen_columns[29].gen_rows[7].pe_i_dut_WALLACE_CSA_DUMMY_OP_groupi_g11373/ZN -       A1->ZN  R     OAI21D1         2  2.1    59    52    4501    (-,-) 
  gen_columns[29].gen_rows[7].pe_i_dut_WALLACE_CSA_DUMMY_OP_groupi_g11372/Z  -       A1->Z   R     AN3XD1          1  0.8    28    69    4570    (-,-) 
  gen_columns[29].gen_rows[7].pe_i_dut_g11639/ZN                             -       A1->ZN  R     IND2D1          4  4.9    71    63    4633    (-,-) 
  gen_columns[29].gen_rows[7].pe_i_dut_g11630/Z                              -       A1->Z   R     AN2XD1         36 36.0   297   208    4841    (-,-) 
  gen_columns[29].gen_rows[7].pe_i_dut_g11535/Z                              -       B1->Z   R     AO222D1         1  1.0    40   124    4965    (-,-) 
  gen_columns[29].gen_rows[7].pe_i_dut_mid_pipe_sum_q_reg[1][25]/D           -       -       R     DFCNQD1         1    -     -     0    4965    (-,-) 
#------------------------------------------------------------------------------------------------------------------------------------------------------

Capture clock path:
#-------------------------------------------------------------------------------------------------------------------------------------------
#                           Timing Point                            Flags   Arc   Edge   Cell      Fanout Load Trans Delay Arrival Instance 
#                                                                                                         (fF)  (ps)  (ps)   (ps)  Location 
#-------------------------------------------------------------------------------------------------------------------------------------------
  clk                                                               (i)     -     R     (arrival)  261922  0.0     0     0    5000    (-,-) 
  gen_columns[29].gen_rows[7].pe_i_dut_mid_pipe_sum_q_reg[1][25]/CP <<<     -     R     DFCNQD1    261922    -     0     0    5000    (-,-) 
#-------------------------------------------------------------------------------------------------------------------------------------------



Path 12: MET (0 ps) Setup Check with Pin gen_columns[29].gen_rows[7].pe_i_dut_mid_pipe_sum_q_reg[1][26]/CP->D
          Group: clk
     Startpoint: (R) gen_columns[29].gen_rows[7].pe_i_dut_inp_pipe_operands_q_reg[1][0][8]/CP
          Clock: (R) clk
       Endpoint: (R) gen_columns[29].gen_rows[7].pe_i_dut_mid_pipe_sum_q_reg[1][26]/D
          Clock: (R) clk

                     Capture       Launch     
        Clock Edge:+    5000            0     
       Src Latency:+       0            0     
       Net Latency:+       0 (I)        0 (I) 
           Arrival:=    5000            0     
                                              
             Setup:-      35                  
     Required Time:=    4965                  
      Launch Clock:-       0                  
         Data Path:-    4965                  
             Slack:=       0                  

Launch clock path:
#--------------------------------------------------------------------------------------------------------------------------------------------------
#                              Timing Point                                Flags   Arc   Edge   Cell      Fanout Load Trans Delay Arrival Instance 
#                                                                                                                (fF)  (ps)  (ps)   (ps)  Location 
#--------------------------------------------------------------------------------------------------------------------------------------------------
  clk                                                                      (i)     -     R     (arrival)  261922  0.0     0     0       0    (-,-) 
  gen_columns[29].gen_rows[7].pe_i_dut_inp_pipe_operands_q_reg[1][0][8]/CP <<<     -     R     SDFCNQD1   261922    -     0     0       0    (-,-) 
#--------------------------------------------------------------------------------------------------------------------------------------------------

#------------------------------------------------------------------------------------------------------------------------------------------------------
#                               Timing Point                                 Flags    Arc    Edge   Cell      Fanout Load Trans Delay Arrival Instance 
#                                                                                                                    (fF)  (ps)  (ps)   (ps)  Location 
#------------------------------------------------------------------------------------------------------------------------------------------------------
  gen_columns[29].gen_rows[7].pe_i_dut_inp_pipe_operands_q_reg[1][0][8]/CP   -       -       R     (arrival)  261922    -     0     0       0    (-,-) 
  gen_columns[29].gen_rows[7].pe_i_dut_inp_pipe_operands_q_reg[1][0][8]/Q    -       CP->Q   R     SDFCNQD1       10 10.2    93   166     166    (-,-) 
  gen_columns[29].gen_rows[7].pe_i_dut_g15982/Z                              -       A1->Z   R     OR2D1           1  1.0    23    65     231    (-,-) 
  gen_columns[29].gen_rows[7].pe_i_dut_g15944/ZN                             -       A2->ZN  F     NR2XD0          1  0.9    24    25     256    (-,-) 
  gen_columns[29].gen_rows[7].pe_i_dut_g15924/ZN                             -       A1->ZN  R     CKND2D1         2  1.8    39    30     286    (-,-) 
  gen_columns[29].gen_rows[7].pe_i_dut_g16000/Z                              -       A1->Z   R     OR2D1           2  3.2    37    61     347    (-,-) 
  gen_columns[29].gen_rows[7].pe_i_dut_g15903/ZN                             -       A2->ZN  F     ND2D2           6  6.7    45    42     389    (-,-) 
  gen_columns[29].gen_rows[7].pe_i_dut_g15900/ZN                             -       I->ZN   R     CKND3           5  5.1    27    28     417    (-,-) 
  gen_columns[29].gen_rows[7].pe_i_dut_g15890/ZN                             -       B->ZN   F     IOA21D1         2  2.4    38    33     450    (-,-) 
  gen_columns[29].gen_rows[7].pe_i_dut_g15880/ZN                             -       A1->ZN  R     NR2XD1          2  1.8    29    29     479    (-,-) 
  gen_columns[29].gen_rows[7].pe_i_dut_g15869/ZN                             -       A1->ZN  R     IAO22D1         2  2.4    66    74     553    (-,-) 
  gen_columns[29].gen_rows[7].pe_i_dut_g15855/ZN                             -       A1->ZN  F     NR2XD1          2  1.8    29    32     585    (-,-) 
  gen_columns[29].gen_rows[7].pe_i_dut_g15999/ZN                             -       A1->ZN  F     IND2D1          2  1.9    35    62     647    (-,-) 
  gen_columns[29].gen_rows[7].pe_i_dut_g15825/ZN                             -       B1->ZN  F     MOAI22D1        4  3.7    62    75     722    (-,-) 
  gen_columns[29].gen_rows[7].pe_i_dut_g15804/ZN                             -       B1->ZN  F     MAOI22D1        3  3.1    52    77     799    (-,-) 
  gen_columns[29].gen_rows[7].pe_i_dut_g15782/ZN                             -       I->ZN   R     CKND1           1  1.0    25    27     826    (-,-) 
  gen_columns[29].gen_rows[7].pe_i_dut_g15772/ZN                             -       A1->ZN  F     AOI21D1         2  2.2    38    32     859    (-,-) 
  g87524/CO                                                                  -       CIN->CO R     FCICIND1        3  3.4    54   127     986    (-,-) 
  gen_columns[29].gen_rows[7].pe_i_dut_g15751/ZN                             -       I->ZN   F     INVD1           1  0.9    21    22    1008    (-,-) 
  gen_columns[29].gen_rows[7].pe_i_dut_g15739/ZN                             -       A1->ZN  R     OAI21D1         3  3.4    76    54    1063    (-,-) 
  g87522/CO                                                                  -       CIN->CO F     FCICIND1        1  1.0    37   116    1178    (-,-) 
  g87521/ZN                                                                  -       A1->ZN  R     ND2D1           5  4.8    58    45    1224    (-,-) 
  gen_columns[29].gen_rows[7].pe_i_dut_g15997/ZN                             -       A1->ZN  R     IND2D1          3  5.7    60    75    1298    (-,-) 
  gen_columns[29].gen_rows[7].pe_i_dut_g15718/ZN                             -       A1->ZN  F     CKND2D3         4  5.9    36    36    1334    (-,-) 
  gen_columns[29].gen_rows[7].pe_i_dut_g15711/ZN                             -       A1->ZN  R     NR2D1           1  2.8    64    52    1386    (-,-) 
  gen_columns[29].gen_rows[7].pe_i_dut_g15707/ZN                             -       A1->ZN  F     NR2XD2          7  6.9    37    38    1425    (-,-) 
  gen_columns[29].gen_rows[7].pe_i_dut_g15693/ZN                             -       A1->ZN  R     ND2D1           3  2.8    40    35    1460    (-,-) 
  gen_columns[29].gen_rows[7].pe_i_dut_g15687/ZN                             -       I->ZN   F     INVD1           7  6.8    47    42    1502    (-,-) 
  gen_columns[29].gen_rows[7].pe_i_dut_g15657/ZN                             -       A1->ZN  R     ND2D1           1  1.1    28    29    1531    (-,-) 
  gen_columns[29].gen_rows[7].pe_i_dut_g15641/ZN                             -       B->ZN   F     IOA21D1         1  0.8    23    23    1554    (-,-) 
  gen_columns[29].gen_rows[7].pe_i_dut_g15613/ZN                             -       A1->ZN  R     NR2XD0          2  2.0    47    38    1592    (-,-) 
  gen_columns[29].gen_rows[7].pe_i_dut_g15607/ZN                             -       A2->ZN  R     IAO22D2         4  3.8    31    70    1662    (-,-) 
  gen_columns[29].gen_rows[7].pe_i_dut_g15581/Z                              -       B1->Z   R     OA22D0          4  4.2    76   104    1766    (-,-) 
  gen_columns[29].gen_rows[7].pe_i_dut_g15529/ZN                             -       A4->ZN  F     ND4D1           1  0.9    67    67    1834    (-,-) 
  gen_columns[29].gen_rows[7].pe_i_dut_g15494/ZN                             -       A3->ZN  R     OAI31D1         1  1.0    72    62    1896    (-,-) 
  gen_columns[29].gen_rows[7].pe_i_dut_g15491/ZN                             -       A2->ZN  F     CKND2D1         2  1.4    35    39    1934    (-,-) 
  gen_columns[29].gen_rows[7].pe_i_dut_g15489/ZN                             -       A1->ZN  R     NR2XD0          2  2.1    67    43    1977    (-,-) 
  gen_columns[29].gen_rows[7].pe_i_dut_WALLACE_CSA_DUMMY_OP_groupi_g11876/ZN -       A1->ZN  F     ND2D1           3  2.8    48    47    2024    (-,-) 
  gen_columns[29].gen_rows[7].pe_i_dut_WALLACE_CSA_DUMMY_OP_groupi_g11760/ZN -       B1->ZN  R     INR2D1          4  4.1    85    68    2092    (-,-) 
  gen_columns[29].gen_rows[7].pe_i_dut_WALLACE_CSA_DUMMY_OP_groupi_g11621/ZN -       A1->ZN  F     AOI21D1         2  2.4    50    48    2139    (-,-) 
  gen_columns[29].gen_rows[7].pe_i_dut_WALLACE_CSA_DUMMY_OP_groupi_g11560/ZN -       A1->ZN  R     OAI21D1         1  1.1    45    42    2182    (-,-) 
  gen_columns[29].gen_rows[7].pe_i_dut_WALLACE_CSA_DUMMY_OP_groupi_g11502/CO -       CI->CO  R     FA1D0           1  1.1    34    83    2265    (-,-) 
  gen_columns[29].gen_rows[7].pe_i_dut_WALLACE_CSA_DUMMY_OP_groupi_g11480/CO -       CI->CO  R     FA1D0           1  1.1    34    80    2344    (-,-) 
  gen_columns[29].gen_rows[7].pe_i_dut_WALLACE_CSA_DUMMY_OP_groupi_g11465/CO -       CI->CO  R     FA1D0           1  1.1    34    80    2424    (-,-) 
  gen_columns[29].gen_rows[7].pe_i_dut_WALLACE_CSA_DUMMY_OP_groupi_g11446/CO -       CI->CO  R     FA1D0           3  3.1    61    98    2522    (-,-) 
  gen_columns[29].gen_rows[7].pe_i_dut_WALLACE_CSA_DUMMY_OP_groupi_g11445/ZN -       I->ZN   F     CKND1           1  0.9    24    26    2548    (-,-) 
  gen_columns[29].gen_rows[7].pe_i_dut_WALLACE_CSA_DUMMY_OP_groupi_g11441/ZN -       A1->ZN  R     OAI21D1         1  1.1    41    35    2583    (-,-) 
  gen_columns[29].gen_rows[7].pe_i_dut_WALLACE_CSA_DUMMY_OP_groupi_g11422/CO -       CI->CO  R     FA1D0           3  3.1    61   100    2684    (-,-) 
  gen_columns[29].gen_rows[7].pe_i_dut_WALLACE_CSA_DUMMY_OP_groupi_g11421/ZN -       I->ZN   F     CKND1           1  0.9    24    26    2710    (-,-) 
  gen_columns[29].gen_rows[7].pe_i_dut_WALLACE_CSA_DUMMY_OP_groupi_g2/Z      -       A1->Z   F     OA21D1          3  2.8    30    64    2773    (-,-) 
  gen_columns[29].gen_rows[7].pe_i_dut_WALLACE_CSA_DUMMY_OP_groupi_g11416/ZN -       A1->ZN  R     OAI21D1         1  1.1    42    37    2810    (-,-) 
  gen_columns[29].gen_rows[7].pe_i_dut_WALLACE_CSA_DUMMY_OP_groupi_g11415/CO -       CI->CO  R     FA1D0           1  1.1    34    82    2892    (-,-) 
  gen_columns[29].gen_rows[7].pe_i_dut_WALLACE_CSA_DUMMY_OP_groupi_g11414/CO -       CI->CO  R     FA1D0           1  1.1    34    80    2972    (-,-) 
  gen_columns[29].gen_rows[7].pe_i_dut_WALLACE_CSA_DUMMY_OP_groupi_g11413/CO -       CI->CO  R     FA1D0           3  2.8    57    95    3067    (-,-) 
  gen_columns[29].gen_rows[7].pe_i_dut_WALLACE_CSA_DUMMY_OP_groupi_g11411/ZN -       A1->ZN  R     IOA21D1         1  1.1    29    70    3137    (-,-) 
  gen_columns[29].gen_rows[7].pe_i_dut_WALLACE_CSA_DUMMY_OP_groupi_g11410/CO -       CI->CO  R     FA1D0           3  2.8    57    94    3231    (-,-) 
  gen_columns[29].gen_rows[7].pe_i_dut_WALLACE_CSA_DUMMY_OP_groupi_g11408/ZN -       A1->ZN  R     IOA21D1         1  1.1    29    70    3301    (-,-) 
  gen_columns[29].gen_rows[7].pe_i_dut_WALLACE_CSA_DUMMY_OP_groupi_g11407/CO -       CI->CO  R     FA1D0           3  3.1    61    96    3397    (-,-) 
  gen_columns[29].gen_rows[7].pe_i_dut_WALLACE_CSA_DUMMY_OP_groupi_g11405/Z  -       A1->Z   R     AO21D1          3  3.1    37    67    3464    (-,-) 
  gen_columns[29].gen_rows[7].pe_i_dut_WALLACE_CSA_DUMMY_OP_groupi_g11403/ZN -       A1->ZN  F     AOI21D1         3  2.8    45    39    3503    (-,-) 
  gen_columns[29].gen_rows[7].pe_i_dut_WALLACE_CSA_DUMMY_OP_groupi_g11401/ZN -       A1->ZN  R     OAI21D1         1  1.1    44    41    3544    (-,-) 
  gen_columns[29].gen_rows[7].pe_i_dut_WALLACE_CSA_DUMMY_OP_groupi_g11400/CO -       CI->CO  R     FA1D0           3  2.8    57    99    3643    (-,-) 
  gen_columns[29].gen_rows[7].pe_i_dut_WALLACE_CSA_DUMMY_OP_groupi_g11398/ZN -       A1->ZN  R     IOA21D1         1  1.1    29    70    3713    (-,-) 
  gen_columns[29].gen_rows[7].pe_i_dut_WALLACE_CSA_DUMMY_OP_groupi_g11397/CO -       CI->CO  R     FA1D0           3  3.1    61    96    3809    (-,-) 
  gen_columns[29].gen_rows[7].pe_i_dut_WALLACE_CSA_DUMMY_OP_groupi_g11395/ZN -       A1->ZN  F     AOI21D1         1  1.0    33    34    3842    (-,-) 
  gen_columns[29].gen_rows[7].pe_i_dut_WALLACE_CSA_DUMMY_OP_groupi_g11394/CO -       CI->CO  F     FA1D0           1  1.0    31    85    3928    (-,-) 
  gen_columns[29].gen_rows[7].pe_i_dut_WALLACE_CSA_DUMMY_OP_groupi_g11392/CO -       CI->CO  F     FA1D0           3  2.9    48   100    4027    (-,-) 
  gen_columns[29].gen_rows[7].pe_i_dut_WALLACE_CSA_DUMMY_OP_groupi_g11390/ZN -       A1->ZN  R     NR2D1           2  1.5    46    43    4071    (-,-) 
  gen_columns[29].gen_rows[7].pe_i_dut_WALLACE_CSA_DUMMY_OP_groupi_g11387/ZN -       A1->ZN  R     IOA21D1         3  3.1    57    77    4148    (-,-) 
  gen_columns[29].gen_rows[7].pe_i_dut_WALLACE_CSA_DUMMY_OP_groupi_g11384/ZN -       A1->ZN  F     AOI21D1         3  2.8    47    45    4193    (-,-) 
  gen_columns[29].gen_rows[7].pe_i_dut_WALLACE_CSA_DUMMY_OP_groupi_g11382/ZN -       A1->ZN  R     OAI21D1         3  2.9    71    58    4251    (-,-) 
  gen_columns[29].gen_rows[7].pe_i_dut_WALLACE_CSA_DUMMY_OP_groupi_g11381/ZN -       A1->ZN  R     INR2D1          2  1.5    48    72    4324    (-,-) 
  gen_columns[29].gen_rows[7].pe_i_dut_WALLACE_CSA_DUMMY_OP_groupi_g11378/ZN -       A1->ZN  R     IOA21D1         3  3.1    71    78    4401    (-,-) 
  gen_columns[29].gen_rows[7].pe_i_dut_WALLACE_CSA_DUMMY_OP_groupi_g11375/ZN -       A1->ZN  F     AOI21D1         3  2.8    50    48    4449    (-,-) 
  gen_columns[29].gen_rows[7].pe_i_dut_WALLACE_CSA_DUMMY_OP_groupi_g11373/ZN -       A1->ZN  R     OAI21D1         2  2.1    59    52    4501    (-,-) 
  gen_columns[29].gen_rows[7].pe_i_dut_WALLACE_CSA_DUMMY_OP_groupi_g11372/Z  -       A1->Z   R     AN3XD1          1  0.8    28    69    4570    (-,-) 
  gen_columns[29].gen_rows[7].pe_i_dut_g11639/ZN                             -       A1->ZN  R     IND2D1          4  4.9    71    63    4633    (-,-) 
  gen_columns[29].gen_rows[7].pe_i_dut_g11630/Z                              -       A1->Z   R     AN2XD1         36 36.0   297   208    4841    (-,-) 
  gen_columns[29].gen_rows[7].pe_i_dut_g11533/Z                              -       B1->Z   R     AO222D1         1  1.0    40   124    4965    (-,-) 
  gen_columns[29].gen_rows[7].pe_i_dut_mid_pipe_sum_q_reg[1][26]/D           -       -       R     DFCNQD1         1    -     -     0    4965    (-,-) 
#------------------------------------------------------------------------------------------------------------------------------------------------------

Capture clock path:
#-------------------------------------------------------------------------------------------------------------------------------------------
#                           Timing Point                            Flags   Arc   Edge   Cell      Fanout Load Trans Delay Arrival Instance 
#                                                                                                         (fF)  (ps)  (ps)   (ps)  Location 
#-------------------------------------------------------------------------------------------------------------------------------------------
  clk                                                               (i)     -     R     (arrival)  261922  0.0     0     0    5000    (-,-) 
  gen_columns[29].gen_rows[7].pe_i_dut_mid_pipe_sum_q_reg[1][26]/CP <<<     -     R     DFCNQD1    261922    -     0     0    5000    (-,-) 
#-------------------------------------------------------------------------------------------------------------------------------------------



Path 13: MET (0 ps) Setup Check with Pin gen_columns[29].gen_rows[7].pe_i_dut_mid_pipe_sum_q_reg[1][27]/CP->D
          Group: clk
     Startpoint: (R) gen_columns[29].gen_rows[7].pe_i_dut_inp_pipe_operands_q_reg[1][0][8]/CP
          Clock: (R) clk
       Endpoint: (R) gen_columns[29].gen_rows[7].pe_i_dut_mid_pipe_sum_q_reg[1][27]/D
          Clock: (R) clk

                     Capture       Launch     
        Clock Edge:+    5000            0     
       Src Latency:+       0            0     
       Net Latency:+       0 (I)        0 (I) 
           Arrival:=    5000            0     
                                              
             Setup:-      35                  
     Required Time:=    4965                  
      Launch Clock:-       0                  
         Data Path:-    4965                  
             Slack:=       0                  

Launch clock path:
#--------------------------------------------------------------------------------------------------------------------------------------------------
#                              Timing Point                                Flags   Arc   Edge   Cell      Fanout Load Trans Delay Arrival Instance 
#                                                                                                                (fF)  (ps)  (ps)   (ps)  Location 
#--------------------------------------------------------------------------------------------------------------------------------------------------
  clk                                                                      (i)     -     R     (arrival)  261922  0.0     0     0       0    (-,-) 
  gen_columns[29].gen_rows[7].pe_i_dut_inp_pipe_operands_q_reg[1][0][8]/CP <<<     -     R     SDFCNQD1   261922    -     0     0       0    (-,-) 
#--------------------------------------------------------------------------------------------------------------------------------------------------

#------------------------------------------------------------------------------------------------------------------------------------------------------
#                               Timing Point                                 Flags    Arc    Edge   Cell      Fanout Load Trans Delay Arrival Instance 
#                                                                                                                    (fF)  (ps)  (ps)   (ps)  Location 
#------------------------------------------------------------------------------------------------------------------------------------------------------
  gen_columns[29].gen_rows[7].pe_i_dut_inp_pipe_operands_q_reg[1][0][8]/CP   -       -       R     (arrival)  261922    -     0     0       0    (-,-) 
  gen_columns[29].gen_rows[7].pe_i_dut_inp_pipe_operands_q_reg[1][0][8]/Q    -       CP->Q   R     SDFCNQD1       10 10.2    93   166     166    (-,-) 
  gen_columns[29].gen_rows[7].pe_i_dut_g15982/Z                              -       A1->Z   R     OR2D1           1  1.0    23    65     231    (-,-) 
  gen_columns[29].gen_rows[7].pe_i_dut_g15944/ZN                             -       A2->ZN  F     NR2XD0          1  0.9    24    25     256    (-,-) 
  gen_columns[29].gen_rows[7].pe_i_dut_g15924/ZN                             -       A1->ZN  R     CKND2D1         2  1.8    39    30     286    (-,-) 
  gen_columns[29].gen_rows[7].pe_i_dut_g16000/Z                              -       A1->Z   R     OR2D1           2  3.2    37    61     347    (-,-) 
  gen_columns[29].gen_rows[7].pe_i_dut_g15903/ZN                             -       A2->ZN  F     ND2D2           6  6.7    45    42     389    (-,-) 
  gen_columns[29].gen_rows[7].pe_i_dut_g15900/ZN                             -       I->ZN   R     CKND3           5  5.1    27    28     417    (-,-) 
  gen_columns[29].gen_rows[7].pe_i_dut_g15890/ZN                             -       B->ZN   F     IOA21D1         2  2.4    38    33     450    (-,-) 
  gen_columns[29].gen_rows[7].pe_i_dut_g15880/ZN                             -       A1->ZN  R     NR2XD1          2  1.8    29    29     479    (-,-) 
  gen_columns[29].gen_rows[7].pe_i_dut_g15869/ZN                             -       A1->ZN  R     IAO22D1         2  2.4    66    74     553    (-,-) 
  gen_columns[29].gen_rows[7].pe_i_dut_g15855/ZN                             -       A1->ZN  F     NR2XD1          2  1.8    29    32     585    (-,-) 
  gen_columns[29].gen_rows[7].pe_i_dut_g15999/ZN                             -       A1->ZN  F     IND2D1          2  1.9    35    62     647    (-,-) 
  gen_columns[29].gen_rows[7].pe_i_dut_g15825/ZN                             -       B1->ZN  F     MOAI22D1        4  3.7    62    75     722    (-,-) 
  gen_columns[29].gen_rows[7].pe_i_dut_g15804/ZN                             -       B1->ZN  F     MAOI22D1        3  3.1    52    77     799    (-,-) 
  gen_columns[29].gen_rows[7].pe_i_dut_g15782/ZN                             -       I->ZN   R     CKND1           1  1.0    25    27     826    (-,-) 
  gen_columns[29].gen_rows[7].pe_i_dut_g15772/ZN                             -       A1->ZN  F     AOI21D1         2  2.2    38    32     859    (-,-) 
  g87524/CO                                                                  -       CIN->CO R     FCICIND1        3  3.4    54   127     986    (-,-) 
  gen_columns[29].gen_rows[7].pe_i_dut_g15751/ZN                             -       I->ZN   F     INVD1           1  0.9    21    22    1008    (-,-) 
  gen_columns[29].gen_rows[7].pe_i_dut_g15739/ZN                             -       A1->ZN  R     OAI21D1         3  3.4    76    54    1063    (-,-) 
  g87522/CO                                                                  -       CIN->CO F     FCICIND1        1  1.0    37   116    1178    (-,-) 
  g87521/ZN                                                                  -       A1->ZN  R     ND2D1           5  4.8    58    45    1224    (-,-) 
  gen_columns[29].gen_rows[7].pe_i_dut_g15997/ZN                             -       A1->ZN  R     IND2D1          3  5.7    60    75    1298    (-,-) 
  gen_columns[29].gen_rows[7].pe_i_dut_g15718/ZN                             -       A1->ZN  F     CKND2D3         4  5.9    36    36    1334    (-,-) 
  gen_columns[29].gen_rows[7].pe_i_dut_g15711/ZN                             -       A1->ZN  R     NR2D1           1  2.8    64    52    1386    (-,-) 
  gen_columns[29].gen_rows[7].pe_i_dut_g15707/ZN                             -       A1->ZN  F     NR2XD2          7  6.9    37    38    1425    (-,-) 
  gen_columns[29].gen_rows[7].pe_i_dut_g15693/ZN                             -       A1->ZN  R     ND2D1           3  2.8    40    35    1460    (-,-) 
  gen_columns[29].gen_rows[7].pe_i_dut_g15687/ZN                             -       I->ZN   F     INVD1           7  6.8    47    42    1502    (-,-) 
  gen_columns[29].gen_rows[7].pe_i_dut_g15657/ZN                             -       A1->ZN  R     ND2D1           1  1.1    28    29    1531    (-,-) 
  gen_columns[29].gen_rows[7].pe_i_dut_g15641/ZN                             -       B->ZN   F     IOA21D1         1  0.8    23    23    1554    (-,-) 
  gen_columns[29].gen_rows[7].pe_i_dut_g15613/ZN                             -       A1->ZN  R     NR2XD0          2  2.0    47    38    1592    (-,-) 
  gen_columns[29].gen_rows[7].pe_i_dut_g15607/ZN                             -       A2->ZN  R     IAO22D2         4  3.8    31    70    1662    (-,-) 
  gen_columns[29].gen_rows[7].pe_i_dut_g15581/Z                              -       B1->Z   R     OA22D0          4  4.2    76   104    1766    (-,-) 
  gen_columns[29].gen_rows[7].pe_i_dut_g15529/ZN                             -       A4->ZN  F     ND4D1           1  0.9    67    67    1834    (-,-) 
  gen_columns[29].gen_rows[7].pe_i_dut_g15494/ZN                             -       A3->ZN  R     OAI31D1         1  1.0    72    62    1896    (-,-) 
  gen_columns[29].gen_rows[7].pe_i_dut_g15491/ZN                             -       A2->ZN  F     CKND2D1         2  1.4    35    39    1934    (-,-) 
  gen_columns[29].gen_rows[7].pe_i_dut_g15489/ZN                             -       A1->ZN  R     NR2XD0          2  2.1    67    43    1977    (-,-) 
  gen_columns[29].gen_rows[7].pe_i_dut_WALLACE_CSA_DUMMY_OP_groupi_g11876/ZN -       A1->ZN  F     ND2D1           3  2.8    48    47    2024    (-,-) 
  gen_columns[29].gen_rows[7].pe_i_dut_WALLACE_CSA_DUMMY_OP_groupi_g11760/ZN -       B1->ZN  R     INR2D1          4  4.1    85    68    2092    (-,-) 
  gen_columns[29].gen_rows[7].pe_i_dut_WALLACE_CSA_DUMMY_OP_groupi_g11621/ZN -       A1->ZN  F     AOI21D1         2  2.4    50    48    2139    (-,-) 
  gen_columns[29].gen_rows[7].pe_i_dut_WALLACE_CSA_DUMMY_OP_groupi_g11560/ZN -       A1->ZN  R     OAI21D1         1  1.1    45    42    2182    (-,-) 
  gen_columns[29].gen_rows[7].pe_i_dut_WALLACE_CSA_DUMMY_OP_groupi_g11502/CO -       CI->CO  R     FA1D0           1  1.1    34    83    2265    (-,-) 
  gen_columns[29].gen_rows[7].pe_i_dut_WALLACE_CSA_DUMMY_OP_groupi_g11480/CO -       CI->CO  R     FA1D0           1  1.1    34    80    2344    (-,-) 
  gen_columns[29].gen_rows[7].pe_i_dut_WALLACE_CSA_DUMMY_OP_groupi_g11465/CO -       CI->CO  R     FA1D0           1  1.1    34    80    2424    (-,-) 
  gen_columns[29].gen_rows[7].pe_i_dut_WALLACE_CSA_DUMMY_OP_groupi_g11446/CO -       CI->CO  R     FA1D0           3  3.1    61    98    2522    (-,-) 
  gen_columns[29].gen_rows[7].pe_i_dut_WALLACE_CSA_DUMMY_OP_groupi_g11445/ZN -       I->ZN   F     CKND1           1  0.9    24    26    2548    (-,-) 
  gen_columns[29].gen_rows[7].pe_i_dut_WALLACE_CSA_DUMMY_OP_groupi_g11441/ZN -       A1->ZN  R     OAI21D1         1  1.1    41    35    2583    (-,-) 
  gen_columns[29].gen_rows[7].pe_i_dut_WALLACE_CSA_DUMMY_OP_groupi_g11422/CO -       CI->CO  R     FA1D0           3  3.1    61   100    2684    (-,-) 
  gen_columns[29].gen_rows[7].pe_i_dut_WALLACE_CSA_DUMMY_OP_groupi_g11421/ZN -       I->ZN   F     CKND1           1  0.9    24    26    2710    (-,-) 
  gen_columns[29].gen_rows[7].pe_i_dut_WALLACE_CSA_DUMMY_OP_groupi_g2/Z      -       A1->Z   F     OA21D1          3  2.8    30    64    2773    (-,-) 
  gen_columns[29].gen_rows[7].pe_i_dut_WALLACE_CSA_DUMMY_OP_groupi_g11416/ZN -       A1->ZN  R     OAI21D1         1  1.1    42    37    2810    (-,-) 
  gen_columns[29].gen_rows[7].pe_i_dut_WALLACE_CSA_DUMMY_OP_groupi_g11415/CO -       CI->CO  R     FA1D0           1  1.1    34    82    2892    (-,-) 
  gen_columns[29].gen_rows[7].pe_i_dut_WALLACE_CSA_DUMMY_OP_groupi_g11414/CO -       CI->CO  R     FA1D0           1  1.1    34    80    2972    (-,-) 
  gen_columns[29].gen_rows[7].pe_i_dut_WALLACE_CSA_DUMMY_OP_groupi_g11413/CO -       CI->CO  R     FA1D0           3  2.8    57    95    3067    (-,-) 
  gen_columns[29].gen_rows[7].pe_i_dut_WALLACE_CSA_DUMMY_OP_groupi_g11411/ZN -       A1->ZN  R     IOA21D1         1  1.1    29    70    3137    (-,-) 
  gen_columns[29].gen_rows[7].pe_i_dut_WALLACE_CSA_DUMMY_OP_groupi_g11410/CO -       CI->CO  R     FA1D0           3  2.8    57    94    3231    (-,-) 
  gen_columns[29].gen_rows[7].pe_i_dut_WALLACE_CSA_DUMMY_OP_groupi_g11408/ZN -       A1->ZN  R     IOA21D1         1  1.1    29    70    3301    (-,-) 
  gen_columns[29].gen_rows[7].pe_i_dut_WALLACE_CSA_DUMMY_OP_groupi_g11407/CO -       CI->CO  R     FA1D0           3  3.1    61    96    3397    (-,-) 
  gen_columns[29].gen_rows[7].pe_i_dut_WALLACE_CSA_DUMMY_OP_groupi_g11405/Z  -       A1->Z   R     AO21D1          3  3.1    37    67    3464    (-,-) 
  gen_columns[29].gen_rows[7].pe_i_dut_WALLACE_CSA_DUMMY_OP_groupi_g11403/ZN -       A1->ZN  F     AOI21D1         3  2.8    45    39    3503    (-,-) 
  gen_columns[29].gen_rows[7].pe_i_dut_WALLACE_CSA_DUMMY_OP_groupi_g11401/ZN -       A1->ZN  R     OAI21D1         1  1.1    44    41    3544    (-,-) 
  gen_columns[29].gen_rows[7].pe_i_dut_WALLACE_CSA_DUMMY_OP_groupi_g11400/CO -       CI->CO  R     FA1D0           3  2.8    57    99    3643    (-,-) 
  gen_columns[29].gen_rows[7].pe_i_dut_WALLACE_CSA_DUMMY_OP_groupi_g11398/ZN -       A1->ZN  R     IOA21D1         1  1.1    29    70    3713    (-,-) 
  gen_columns[29].gen_rows[7].pe_i_dut_WALLACE_CSA_DUMMY_OP_groupi_g11397/CO -       CI->CO  R     FA1D0           3  3.1    61    96    3809    (-,-) 
  gen_columns[29].gen_rows[7].pe_i_dut_WALLACE_CSA_DUMMY_OP_groupi_g11395/ZN -       A1->ZN  F     AOI21D1         1  1.0    33    34    3842    (-,-) 
  gen_columns[29].gen_rows[7].pe_i_dut_WALLACE_CSA_DUMMY_OP_groupi_g11394/CO -       CI->CO  F     FA1D0           1  1.0    31    85    3928    (-,-) 
  gen_columns[29].gen_rows[7].pe_i_dut_WALLACE_CSA_DUMMY_OP_groupi_g11392/CO -       CI->CO  F     FA1D0           3  2.9    48   100    4027    (-,-) 
  gen_columns[29].gen_rows[7].pe_i_dut_WALLACE_CSA_DUMMY_OP_groupi_g11390/ZN -       A1->ZN  R     NR2D1           2  1.5    46    43    4071    (-,-) 
  gen_columns[29].gen_rows[7].pe_i_dut_WALLACE_CSA_DUMMY_OP_groupi_g11387/ZN -       A1->ZN  R     IOA21D1         3  3.1    57    77    4148    (-,-) 
  gen_columns[29].gen_rows[7].pe_i_dut_WALLACE_CSA_DUMMY_OP_groupi_g11384/ZN -       A1->ZN  F     AOI21D1         3  2.8    47    45    4193    (-,-) 
  gen_columns[29].gen_rows[7].pe_i_dut_WALLACE_CSA_DUMMY_OP_groupi_g11382/ZN -       A1->ZN  R     OAI21D1         3  2.9    71    58    4251    (-,-) 
  gen_columns[29].gen_rows[7].pe_i_dut_WALLACE_CSA_DUMMY_OP_groupi_g11381/ZN -       A1->ZN  R     INR2D1          2  1.5    48    72    4324    (-,-) 
  gen_columns[29].gen_rows[7].pe_i_dut_WALLACE_CSA_DUMMY_OP_groupi_g11378/ZN -       A1->ZN  R     IOA21D1         3  3.1    71    78    4401    (-,-) 
  gen_columns[29].gen_rows[7].pe_i_dut_WALLACE_CSA_DUMMY_OP_groupi_g11375/ZN -       A1->ZN  F     AOI21D1         3  2.8    50    48    4449    (-,-) 
  gen_columns[29].gen_rows[7].pe_i_dut_WALLACE_CSA_DUMMY_OP_groupi_g11373/ZN -       A1->ZN  R     OAI21D1         2  2.1    59    52    4501    (-,-) 
  gen_columns[29].gen_rows[7].pe_i_dut_WALLACE_CSA_DUMMY_OP_groupi_g11372/Z  -       A1->Z   R     AN3XD1          1  0.8    28    69    4570    (-,-) 
  gen_columns[29].gen_rows[7].pe_i_dut_g11639/ZN                             -       A1->ZN  R     IND2D1          4  4.9    71    63    4633    (-,-) 
  gen_columns[29].gen_rows[7].pe_i_dut_g11630/Z                              -       A1->Z   R     AN2XD1         36 36.0   297   208    4841    (-,-) 
  gen_columns[29].gen_rows[7].pe_i_dut_g11532/Z                              -       B1->Z   R     AO222D1         1  1.0    40   124    4965    (-,-) 
  gen_columns[29].gen_rows[7].pe_i_dut_mid_pipe_sum_q_reg[1][27]/D           -       -       R     DFCNQD1         1    -     -     0    4965    (-,-) 
#------------------------------------------------------------------------------------------------------------------------------------------------------

Capture clock path:
#-------------------------------------------------------------------------------------------------------------------------------------------
#                           Timing Point                            Flags   Arc   Edge   Cell      Fanout Load Trans Delay Arrival Instance 
#                                                                                                         (fF)  (ps)  (ps)   (ps)  Location 
#-------------------------------------------------------------------------------------------------------------------------------------------
  clk                                                               (i)     -     R     (arrival)  261922  0.0     0     0    5000    (-,-) 
  gen_columns[29].gen_rows[7].pe_i_dut_mid_pipe_sum_q_reg[1][27]/CP <<<     -     R     DFCNQD1    261922    -     0     0    5000    (-,-) 
#-------------------------------------------------------------------------------------------------------------------------------------------



Path 14: MET (0 ps) Setup Check with Pin gen_columns[29].gen_rows[7].pe_i_dut_mid_pipe_sum_q_reg[1][28]/CP->D
          Group: clk
     Startpoint: (R) gen_columns[29].gen_rows[7].pe_i_dut_inp_pipe_operands_q_reg[1][0][8]/CP
          Clock: (R) clk
       Endpoint: (R) gen_columns[29].gen_rows[7].pe_i_dut_mid_pipe_sum_q_reg[1][28]/D
          Clock: (R) clk

                     Capture       Launch     
        Clock Edge:+    5000            0     
       Src Latency:+       0            0     
       Net Latency:+       0 (I)        0 (I) 
           Arrival:=    5000            0     
                                              
             Setup:-      35                  
     Required Time:=    4965                  
      Launch Clock:-       0                  
         Data Path:-    4965                  
             Slack:=       0                  

Launch clock path:
#--------------------------------------------------------------------------------------------------------------------------------------------------
#                              Timing Point                                Flags   Arc   Edge   Cell      Fanout Load Trans Delay Arrival Instance 
#                                                                                                                (fF)  (ps)  (ps)   (ps)  Location 
#--------------------------------------------------------------------------------------------------------------------------------------------------
  clk                                                                      (i)     -     R     (arrival)  261922  0.0     0     0       0    (-,-) 
  gen_columns[29].gen_rows[7].pe_i_dut_inp_pipe_operands_q_reg[1][0][8]/CP <<<     -     R     SDFCNQD1   261922    -     0     0       0    (-,-) 
#--------------------------------------------------------------------------------------------------------------------------------------------------

#------------------------------------------------------------------------------------------------------------------------------------------------------
#                               Timing Point                                 Flags    Arc    Edge   Cell      Fanout Load Trans Delay Arrival Instance 
#                                                                                                                    (fF)  (ps)  (ps)   (ps)  Location 
#------------------------------------------------------------------------------------------------------------------------------------------------------
  gen_columns[29].gen_rows[7].pe_i_dut_inp_pipe_operands_q_reg[1][0][8]/CP   -       -       R     (arrival)  261922    -     0     0       0    (-,-) 
  gen_columns[29].gen_rows[7].pe_i_dut_inp_pipe_operands_q_reg[1][0][8]/Q    -       CP->Q   R     SDFCNQD1       10 10.2    93   166     166    (-,-) 
  gen_columns[29].gen_rows[7].pe_i_dut_g15982/Z                              -       A1->Z   R     OR2D1           1  1.0    23    65     231    (-,-) 
  gen_columns[29].gen_rows[7].pe_i_dut_g15944/ZN                             -       A2->ZN  F     NR2XD0          1  0.9    24    25     256    (-,-) 
  gen_columns[29].gen_rows[7].pe_i_dut_g15924/ZN                             -       A1->ZN  R     CKND2D1         2  1.8    39    30     286    (-,-) 
  gen_columns[29].gen_rows[7].pe_i_dut_g16000/Z                              -       A1->Z   R     OR2D1           2  3.2    37    61     347    (-,-) 
  gen_columns[29].gen_rows[7].pe_i_dut_g15903/ZN                             -       A2->ZN  F     ND2D2           6  6.7    45    42     389    (-,-) 
  gen_columns[29].gen_rows[7].pe_i_dut_g15900/ZN                             -       I->ZN   R     CKND3           5  5.1    27    28     417    (-,-) 
  gen_columns[29].gen_rows[7].pe_i_dut_g15890/ZN                             -       B->ZN   F     IOA21D1         2  2.4    38    33     450    (-,-) 
  gen_columns[29].gen_rows[7].pe_i_dut_g15880/ZN                             -       A1->ZN  R     NR2XD1          2  1.8    29    29     479    (-,-) 
  gen_columns[29].gen_rows[7].pe_i_dut_g15869/ZN                             -       A1->ZN  R     IAO22D1         2  2.4    66    74     553    (-,-) 
  gen_columns[29].gen_rows[7].pe_i_dut_g15855/ZN                             -       A1->ZN  F     NR2XD1          2  1.8    29    32     585    (-,-) 
  gen_columns[29].gen_rows[7].pe_i_dut_g15999/ZN                             -       A1->ZN  F     IND2D1          2  1.9    35    62     647    (-,-) 
  gen_columns[29].gen_rows[7].pe_i_dut_g15825/ZN                             -       B1->ZN  F     MOAI22D1        4  3.7    62    75     722    (-,-) 
  gen_columns[29].gen_rows[7].pe_i_dut_g15804/ZN                             -       B1->ZN  F     MAOI22D1        3  3.1    52    77     799    (-,-) 
  gen_columns[29].gen_rows[7].pe_i_dut_g15782/ZN                             -       I->ZN   R     CKND1           1  1.0    25    27     826    (-,-) 
  gen_columns[29].gen_rows[7].pe_i_dut_g15772/ZN                             -       A1->ZN  F     AOI21D1         2  2.2    38    32     859    (-,-) 
  g87524/CO                                                                  -       CIN->CO R     FCICIND1        3  3.4    54   127     986    (-,-) 
  gen_columns[29].gen_rows[7].pe_i_dut_g15751/ZN                             -       I->ZN   F     INVD1           1  0.9    21    22    1008    (-,-) 
  gen_columns[29].gen_rows[7].pe_i_dut_g15739/ZN                             -       A1->ZN  R     OAI21D1         3  3.4    76    54    1063    (-,-) 
  g87522/CO                                                                  -       CIN->CO F     FCICIND1        1  1.0    37   116    1178    (-,-) 
  g87521/ZN                                                                  -       A1->ZN  R     ND2D1           5  4.8    58    45    1224    (-,-) 
  gen_columns[29].gen_rows[7].pe_i_dut_g15997/ZN                             -       A1->ZN  R     IND2D1          3  5.7    60    75    1298    (-,-) 
  gen_columns[29].gen_rows[7].pe_i_dut_g15718/ZN                             -       A1->ZN  F     CKND2D3         4  5.9    36    36    1334    (-,-) 
  gen_columns[29].gen_rows[7].pe_i_dut_g15711/ZN                             -       A1->ZN  R     NR2D1           1  2.8    64    52    1386    (-,-) 
  gen_columns[29].gen_rows[7].pe_i_dut_g15707/ZN                             -       A1->ZN  F     NR2XD2          7  6.9    37    38    1425    (-,-) 
  gen_columns[29].gen_rows[7].pe_i_dut_g15693/ZN                             -       A1->ZN  R     ND2D1           3  2.8    40    35    1460    (-,-) 
  gen_columns[29].gen_rows[7].pe_i_dut_g15687/ZN                             -       I->ZN   F     INVD1           7  6.8    47    42    1502    (-,-) 
  gen_columns[29].gen_rows[7].pe_i_dut_g15657/ZN                             -       A1->ZN  R     ND2D1           1  1.1    28    29    1531    (-,-) 
  gen_columns[29].gen_rows[7].pe_i_dut_g15641/ZN                             -       B->ZN   F     IOA21D1         1  0.8    23    23    1554    (-,-) 
  gen_columns[29].gen_rows[7].pe_i_dut_g15613/ZN                             -       A1->ZN  R     NR2XD0          2  2.0    47    38    1592    (-,-) 
  gen_columns[29].gen_rows[7].pe_i_dut_g15607/ZN                             -       A2->ZN  R     IAO22D2         4  3.8    31    70    1662    (-,-) 
  gen_columns[29].gen_rows[7].pe_i_dut_g15581/Z                              -       B1->Z   R     OA22D0          4  4.2    76   104    1766    (-,-) 
  gen_columns[29].gen_rows[7].pe_i_dut_g15529/ZN                             -       A4->ZN  F     ND4D1           1  0.9    67    67    1834    (-,-) 
  gen_columns[29].gen_rows[7].pe_i_dut_g15494/ZN                             -       A3->ZN  R     OAI31D1         1  1.0    72    62    1896    (-,-) 
  gen_columns[29].gen_rows[7].pe_i_dut_g15491/ZN                             -       A2->ZN  F     CKND2D1         2  1.4    35    39    1934    (-,-) 
  gen_columns[29].gen_rows[7].pe_i_dut_g15489/ZN                             -       A1->ZN  R     NR2XD0          2  2.1    67    43    1977    (-,-) 
  gen_columns[29].gen_rows[7].pe_i_dut_WALLACE_CSA_DUMMY_OP_groupi_g11876/ZN -       A1->ZN  F     ND2D1           3  2.8    48    47    2024    (-,-) 
  gen_columns[29].gen_rows[7].pe_i_dut_WALLACE_CSA_DUMMY_OP_groupi_g11760/ZN -       B1->ZN  R     INR2D1          4  4.1    85    68    2092    (-,-) 
  gen_columns[29].gen_rows[7].pe_i_dut_WALLACE_CSA_DUMMY_OP_groupi_g11621/ZN -       A1->ZN  F     AOI21D1         2  2.4    50    48    2139    (-,-) 
  gen_columns[29].gen_rows[7].pe_i_dut_WALLACE_CSA_DUMMY_OP_groupi_g11560/ZN -       A1->ZN  R     OAI21D1         1  1.1    45    42    2182    (-,-) 
  gen_columns[29].gen_rows[7].pe_i_dut_WALLACE_CSA_DUMMY_OP_groupi_g11502/CO -       CI->CO  R     FA1D0           1  1.1    34    83    2265    (-,-) 
  gen_columns[29].gen_rows[7].pe_i_dut_WALLACE_CSA_DUMMY_OP_groupi_g11480/CO -       CI->CO  R     FA1D0           1  1.1    34    80    2344    (-,-) 
  gen_columns[29].gen_rows[7].pe_i_dut_WALLACE_CSA_DUMMY_OP_groupi_g11465/CO -       CI->CO  R     FA1D0           1  1.1    34    80    2424    (-,-) 
  gen_columns[29].gen_rows[7].pe_i_dut_WALLACE_CSA_DUMMY_OP_groupi_g11446/CO -       CI->CO  R     FA1D0           3  3.1    61    98    2522    (-,-) 
  gen_columns[29].gen_rows[7].pe_i_dut_WALLACE_CSA_DUMMY_OP_groupi_g11445/ZN -       I->ZN   F     CKND1           1  0.9    24    26    2548    (-,-) 
  gen_columns[29].gen_rows[7].pe_i_dut_WALLACE_CSA_DUMMY_OP_groupi_g11441/ZN -       A1->ZN  R     OAI21D1         1  1.1    41    35    2583    (-,-) 
  gen_columns[29].gen_rows[7].pe_i_dut_WALLACE_CSA_DUMMY_OP_groupi_g11422/CO -       CI->CO  R     FA1D0           3  3.1    61   100    2684    (-,-) 
  gen_columns[29].gen_rows[7].pe_i_dut_WALLACE_CSA_DUMMY_OP_groupi_g11421/ZN -       I->ZN   F     CKND1           1  0.9    24    26    2710    (-,-) 
  gen_columns[29].gen_rows[7].pe_i_dut_WALLACE_CSA_DUMMY_OP_groupi_g2/Z      -       A1->Z   F     OA21D1          3  2.8    30    64    2773    (-,-) 
  gen_columns[29].gen_rows[7].pe_i_dut_WALLACE_CSA_DUMMY_OP_groupi_g11416/ZN -       A1->ZN  R     OAI21D1         1  1.1    42    37    2810    (-,-) 
  gen_columns[29].gen_rows[7].pe_i_dut_WALLACE_CSA_DUMMY_OP_groupi_g11415/CO -       CI->CO  R     FA1D0           1  1.1    34    82    2892    (-,-) 
  gen_columns[29].gen_rows[7].pe_i_dut_WALLACE_CSA_DUMMY_OP_groupi_g11414/CO -       CI->CO  R     FA1D0           1  1.1    34    80    2972    (-,-) 
  gen_columns[29].gen_rows[7].pe_i_dut_WALLACE_CSA_DUMMY_OP_groupi_g11413/CO -       CI->CO  R     FA1D0           3  2.8    57    95    3067    (-,-) 
  gen_columns[29].gen_rows[7].pe_i_dut_WALLACE_CSA_DUMMY_OP_groupi_g11411/ZN -       A1->ZN  R     IOA21D1         1  1.1    29    70    3137    (-,-) 
  gen_columns[29].gen_rows[7].pe_i_dut_WALLACE_CSA_DUMMY_OP_groupi_g11410/CO -       CI->CO  R     FA1D0           3  2.8    57    94    3231    (-,-) 
  gen_columns[29].gen_rows[7].pe_i_dut_WALLACE_CSA_DUMMY_OP_groupi_g11408/ZN -       A1->ZN  R     IOA21D1         1  1.1    29    70    3301    (-,-) 
  gen_columns[29].gen_rows[7].pe_i_dut_WALLACE_CSA_DUMMY_OP_groupi_g11407/CO -       CI->CO  R     FA1D0           3  3.1    61    96    3397    (-,-) 
  gen_columns[29].gen_rows[7].pe_i_dut_WALLACE_CSA_DUMMY_OP_groupi_g11405/Z  -       A1->Z   R     AO21D1          3  3.1    37    67    3464    (-,-) 
  gen_columns[29].gen_rows[7].pe_i_dut_WALLACE_CSA_DUMMY_OP_groupi_g11403/ZN -       A1->ZN  F     AOI21D1         3  2.8    45    39    3503    (-,-) 
  gen_columns[29].gen_rows[7].pe_i_dut_WALLACE_CSA_DUMMY_OP_groupi_g11401/ZN -       A1->ZN  R     OAI21D1         1  1.1    44    41    3544    (-,-) 
  gen_columns[29].gen_rows[7].pe_i_dut_WALLACE_CSA_DUMMY_OP_groupi_g11400/CO -       CI->CO  R     FA1D0           3  2.8    57    99    3643    (-,-) 
  gen_columns[29].gen_rows[7].pe_i_dut_WALLACE_CSA_DUMMY_OP_groupi_g11398/ZN -       A1->ZN  R     IOA21D1         1  1.1    29    70    3713    (-,-) 
  gen_columns[29].gen_rows[7].pe_i_dut_WALLACE_CSA_DUMMY_OP_groupi_g11397/CO -       CI->CO  R     FA1D0           3  3.1    61    96    3809    (-,-) 
  gen_columns[29].gen_rows[7].pe_i_dut_WALLACE_CSA_DUMMY_OP_groupi_g11395/ZN -       A1->ZN  F     AOI21D1         1  1.0    33    34    3842    (-,-) 
  gen_columns[29].gen_rows[7].pe_i_dut_WALLACE_CSA_DUMMY_OP_groupi_g11394/CO -       CI->CO  F     FA1D0           1  1.0    31    85    3928    (-,-) 
  gen_columns[29].gen_rows[7].pe_i_dut_WALLACE_CSA_DUMMY_OP_groupi_g11392/CO -       CI->CO  F     FA1D0           3  2.9    48   100    4027    (-,-) 
  gen_columns[29].gen_rows[7].pe_i_dut_WALLACE_CSA_DUMMY_OP_groupi_g11390/ZN -       A1->ZN  R     NR2D1           2  1.5    46    43    4071    (-,-) 
  gen_columns[29].gen_rows[7].pe_i_dut_WALLACE_CSA_DUMMY_OP_groupi_g11387/ZN -       A1->ZN  R     IOA21D1         3  3.1    57    77    4148    (-,-) 
  gen_columns[29].gen_rows[7].pe_i_dut_WALLACE_CSA_DUMMY_OP_groupi_g11384/ZN -       A1->ZN  F     AOI21D1         3  2.8    47    45    4193    (-,-) 
  gen_columns[29].gen_rows[7].pe_i_dut_WALLACE_CSA_DUMMY_OP_groupi_g11382/ZN -       A1->ZN  R     OAI21D1         3  2.9    71    58    4251    (-,-) 
  gen_columns[29].gen_rows[7].pe_i_dut_WALLACE_CSA_DUMMY_OP_groupi_g11381/ZN -       A1->ZN  R     INR2D1          2  1.5    48    72    4324    (-,-) 
  gen_columns[29].gen_rows[7].pe_i_dut_WALLACE_CSA_DUMMY_OP_groupi_g11378/ZN -       A1->ZN  R     IOA21D1         3  3.1    71    78    4401    (-,-) 
  gen_columns[29].gen_rows[7].pe_i_dut_WALLACE_CSA_DUMMY_OP_groupi_g11375/ZN -       A1->ZN  F     AOI21D1         3  2.8    50    48    4449    (-,-) 
  gen_columns[29].gen_rows[7].pe_i_dut_WALLACE_CSA_DUMMY_OP_groupi_g11373/ZN -       A1->ZN  R     OAI21D1         2  2.1    59    52    4501    (-,-) 
  gen_columns[29].gen_rows[7].pe_i_dut_WALLACE_CSA_DUMMY_OP_groupi_g11372/Z  -       A1->Z   R     AN3XD1          1  0.8    28    69    4570    (-,-) 
  gen_columns[29].gen_rows[7].pe_i_dut_g11639/ZN                             -       A1->ZN  R     IND2D1          4  4.9    71    63    4633    (-,-) 
  gen_columns[29].gen_rows[7].pe_i_dut_g11630/Z                              -       A1->Z   R     AN2XD1         36 36.0   297   208    4841    (-,-) 
  gen_columns[29].gen_rows[7].pe_i_dut_g11534/Z                              -       B1->Z   R     AO222D1         1  1.0    40   124    4965    (-,-) 
  gen_columns[29].gen_rows[7].pe_i_dut_mid_pipe_sum_q_reg[1][28]/D           -       -       R     DFCNQD1         1    -     -     0    4965    (-,-) 
#------------------------------------------------------------------------------------------------------------------------------------------------------

Capture clock path:
#-------------------------------------------------------------------------------------------------------------------------------------------
#                           Timing Point                            Flags   Arc   Edge   Cell      Fanout Load Trans Delay Arrival Instance 
#                                                                                                         (fF)  (ps)  (ps)   (ps)  Location 
#-------------------------------------------------------------------------------------------------------------------------------------------
  clk                                                               (i)     -     R     (arrival)  261922  0.0     0     0    5000    (-,-) 
  gen_columns[29].gen_rows[7].pe_i_dut_mid_pipe_sum_q_reg[1][28]/CP <<<     -     R     DFCNQD1    261922    -     0     0    5000    (-,-) 
#-------------------------------------------------------------------------------------------------------------------------------------------



Path 15: MET (0 ps) Setup Check with Pin gen_columns[29].gen_rows[7].pe_i_dut_mid_pipe_sum_q_reg[1][29]/CP->D
          Group: clk
     Startpoint: (R) gen_columns[29].gen_rows[7].pe_i_dut_inp_pipe_operands_q_reg[1][0][8]/CP
          Clock: (R) clk
       Endpoint: (R) gen_columns[29].gen_rows[7].pe_i_dut_mid_pipe_sum_q_reg[1][29]/D
          Clock: (R) clk

                     Capture       Launch     
        Clock Edge:+    5000            0     
       Src Latency:+       0            0     
       Net Latency:+       0 (I)        0 (I) 
           Arrival:=    5000            0     
                                              
             Setup:-      35                  
     Required Time:=    4965                  
      Launch Clock:-       0                  
         Data Path:-    4965                  
             Slack:=       0                  

Launch clock path:
#--------------------------------------------------------------------------------------------------------------------------------------------------
#                              Timing Point                                Flags   Arc   Edge   Cell      Fanout Load Trans Delay Arrival Instance 
#                                                                                                                (fF)  (ps)  (ps)   (ps)  Location 
#--------------------------------------------------------------------------------------------------------------------------------------------------
  clk                                                                      (i)     -     R     (arrival)  261922  0.0     0     0       0    (-,-) 
  gen_columns[29].gen_rows[7].pe_i_dut_inp_pipe_operands_q_reg[1][0][8]/CP <<<     -     R     SDFCNQD1   261922    -     0     0       0    (-,-) 
#--------------------------------------------------------------------------------------------------------------------------------------------------

#------------------------------------------------------------------------------------------------------------------------------------------------------
#                               Timing Point                                 Flags    Arc    Edge   Cell      Fanout Load Trans Delay Arrival Instance 
#                                                                                                                    (fF)  (ps)  (ps)   (ps)  Location 
#------------------------------------------------------------------------------------------------------------------------------------------------------
  gen_columns[29].gen_rows[7].pe_i_dut_inp_pipe_operands_q_reg[1][0][8]/CP   -       -       R     (arrival)  261922    -     0     0       0    (-,-) 
  gen_columns[29].gen_rows[7].pe_i_dut_inp_pipe_operands_q_reg[1][0][8]/Q    -       CP->Q   R     SDFCNQD1       10 10.2    93   166     166    (-,-) 
  gen_columns[29].gen_rows[7].pe_i_dut_g15982/Z                              -       A1->Z   R     OR2D1           1  1.0    23    65     231    (-,-) 
  gen_columns[29].gen_rows[7].pe_i_dut_g15944/ZN                             -       A2->ZN  F     NR2XD0          1  0.9    24    25     256    (-,-) 
  gen_columns[29].gen_rows[7].pe_i_dut_g15924/ZN                             -       A1->ZN  R     CKND2D1         2  1.8    39    30     286    (-,-) 
  gen_columns[29].gen_rows[7].pe_i_dut_g16000/Z                              -       A1->Z   R     OR2D1           2  3.2    37    61     347    (-,-) 
  gen_columns[29].gen_rows[7].pe_i_dut_g15903/ZN                             -       A2->ZN  F     ND2D2           6  6.7    45    42     389    (-,-) 
  gen_columns[29].gen_rows[7].pe_i_dut_g15900/ZN                             -       I->ZN   R     CKND3           5  5.1    27    28     417    (-,-) 
  gen_columns[29].gen_rows[7].pe_i_dut_g15890/ZN                             -       B->ZN   F     IOA21D1         2  2.4    38    33     450    (-,-) 
  gen_columns[29].gen_rows[7].pe_i_dut_g15880/ZN                             -       A1->ZN  R     NR2XD1          2  1.8    29    29     479    (-,-) 
  gen_columns[29].gen_rows[7].pe_i_dut_g15869/ZN                             -       A1->ZN  R     IAO22D1         2  2.4    66    74     553    (-,-) 
  gen_columns[29].gen_rows[7].pe_i_dut_g15855/ZN                             -       A1->ZN  F     NR2XD1          2  1.8    29    32     585    (-,-) 
  gen_columns[29].gen_rows[7].pe_i_dut_g15999/ZN                             -       A1->ZN  F     IND2D1          2  1.9    35    62     647    (-,-) 
  gen_columns[29].gen_rows[7].pe_i_dut_g15825/ZN                             -       B1->ZN  F     MOAI22D1        4  3.7    62    75     722    (-,-) 
  gen_columns[29].gen_rows[7].pe_i_dut_g15804/ZN                             -       B1->ZN  F     MAOI22D1        3  3.1    52    77     799    (-,-) 
  gen_columns[29].gen_rows[7].pe_i_dut_g15782/ZN                             -       I->ZN   R     CKND1           1  1.0    25    27     826    (-,-) 
  gen_columns[29].gen_rows[7].pe_i_dut_g15772/ZN                             -       A1->ZN  F     AOI21D1         2  2.2    38    32     859    (-,-) 
  g87524/CO                                                                  -       CIN->CO R     FCICIND1        3  3.4    54   127     986    (-,-) 
  gen_columns[29].gen_rows[7].pe_i_dut_g15751/ZN                             -       I->ZN   F     INVD1           1  0.9    21    22    1008    (-,-) 
  gen_columns[29].gen_rows[7].pe_i_dut_g15739/ZN                             -       A1->ZN  R     OAI21D1         3  3.4    76    54    1063    (-,-) 
  g87522/CO                                                                  -       CIN->CO F     FCICIND1        1  1.0    37   116    1178    (-,-) 
  g87521/ZN                                                                  -       A1->ZN  R     ND2D1           5  4.8    58    45    1224    (-,-) 
  gen_columns[29].gen_rows[7].pe_i_dut_g15997/ZN                             -       A1->ZN  R     IND2D1          3  5.7    60    75    1298    (-,-) 
  gen_columns[29].gen_rows[7].pe_i_dut_g15718/ZN                             -       A1->ZN  F     CKND2D3         4  5.9    36    36    1334    (-,-) 
  gen_columns[29].gen_rows[7].pe_i_dut_g15711/ZN                             -       A1->ZN  R     NR2D1           1  2.8    64    52    1386    (-,-) 
  gen_columns[29].gen_rows[7].pe_i_dut_g15707/ZN                             -       A1->ZN  F     NR2XD2          7  6.9    37    38    1425    (-,-) 
  gen_columns[29].gen_rows[7].pe_i_dut_g15693/ZN                             -       A1->ZN  R     ND2D1           3  2.8    40    35    1460    (-,-) 
  gen_columns[29].gen_rows[7].pe_i_dut_g15687/ZN                             -       I->ZN   F     INVD1           7  6.8    47    42    1502    (-,-) 
  gen_columns[29].gen_rows[7].pe_i_dut_g15657/ZN                             -       A1->ZN  R     ND2D1           1  1.1    28    29    1531    (-,-) 
  gen_columns[29].gen_rows[7].pe_i_dut_g15641/ZN                             -       B->ZN   F     IOA21D1         1  0.8    23    23    1554    (-,-) 
  gen_columns[29].gen_rows[7].pe_i_dut_g15613/ZN                             -       A1->ZN  R     NR2XD0          2  2.0    47    38    1592    (-,-) 
  gen_columns[29].gen_rows[7].pe_i_dut_g15607/ZN                             -       A2->ZN  R     IAO22D2         4  3.8    31    70    1662    (-,-) 
  gen_columns[29].gen_rows[7].pe_i_dut_g15581/Z                              -       B1->Z   R     OA22D0          4  4.2    76   104    1766    (-,-) 
  gen_columns[29].gen_rows[7].pe_i_dut_g15529/ZN                             -       A4->ZN  F     ND4D1           1  0.9    67    67    1834    (-,-) 
  gen_columns[29].gen_rows[7].pe_i_dut_g15494/ZN                             -       A3->ZN  R     OAI31D1         1  1.0    72    62    1896    (-,-) 
  gen_columns[29].gen_rows[7].pe_i_dut_g15491/ZN                             -       A2->ZN  F     CKND2D1         2  1.4    35    39    1934    (-,-) 
  gen_columns[29].gen_rows[7].pe_i_dut_g15489/ZN                             -       A1->ZN  R     NR2XD0          2  2.1    67    43    1977    (-,-) 
  gen_columns[29].gen_rows[7].pe_i_dut_WALLACE_CSA_DUMMY_OP_groupi_g11876/ZN -       A1->ZN  F     ND2D1           3  2.8    48    47    2024    (-,-) 
  gen_columns[29].gen_rows[7].pe_i_dut_WALLACE_CSA_DUMMY_OP_groupi_g11760/ZN -       B1->ZN  R     INR2D1          4  4.1    85    68    2092    (-,-) 
  gen_columns[29].gen_rows[7].pe_i_dut_WALLACE_CSA_DUMMY_OP_groupi_g11621/ZN -       A1->ZN  F     AOI21D1         2  2.4    50    48    2139    (-,-) 
  gen_columns[29].gen_rows[7].pe_i_dut_WALLACE_CSA_DUMMY_OP_groupi_g11560/ZN -       A1->ZN  R     OAI21D1         1  1.1    45    42    2182    (-,-) 
  gen_columns[29].gen_rows[7].pe_i_dut_WALLACE_CSA_DUMMY_OP_groupi_g11502/CO -       CI->CO  R     FA1D0           1  1.1    34    83    2265    (-,-) 
  gen_columns[29].gen_rows[7].pe_i_dut_WALLACE_CSA_DUMMY_OP_groupi_g11480/CO -       CI->CO  R     FA1D0           1  1.1    34    80    2344    (-,-) 
  gen_columns[29].gen_rows[7].pe_i_dut_WALLACE_CSA_DUMMY_OP_groupi_g11465/CO -       CI->CO  R     FA1D0           1  1.1    34    80    2424    (-,-) 
  gen_columns[29].gen_rows[7].pe_i_dut_WALLACE_CSA_DUMMY_OP_groupi_g11446/CO -       CI->CO  R     FA1D0           3  3.1    61    98    2522    (-,-) 
  gen_columns[29].gen_rows[7].pe_i_dut_WALLACE_CSA_DUMMY_OP_groupi_g11445/ZN -       I->ZN   F     CKND1           1  0.9    24    26    2548    (-,-) 
  gen_columns[29].gen_rows[7].pe_i_dut_WALLACE_CSA_DUMMY_OP_groupi_g11441/ZN -       A1->ZN  R     OAI21D1         1  1.1    41    35    2583    (-,-) 
  gen_columns[29].gen_rows[7].pe_i_dut_WALLACE_CSA_DUMMY_OP_groupi_g11422/CO -       CI->CO  R     FA1D0           3  3.1    61   100    2684    (-,-) 
  gen_columns[29].gen_rows[7].pe_i_dut_WALLACE_CSA_DUMMY_OP_groupi_g11421/ZN -       I->ZN   F     CKND1           1  0.9    24    26    2710    (-,-) 
  gen_columns[29].gen_rows[7].pe_i_dut_WALLACE_CSA_DUMMY_OP_groupi_g2/Z      -       A1->Z   F     OA21D1          3  2.8    30    64    2773    (-,-) 
  gen_columns[29].gen_rows[7].pe_i_dut_WALLACE_CSA_DUMMY_OP_groupi_g11416/ZN -       A1->ZN  R     OAI21D1         1  1.1    42    37    2810    (-,-) 
  gen_columns[29].gen_rows[7].pe_i_dut_WALLACE_CSA_DUMMY_OP_groupi_g11415/CO -       CI->CO  R     FA1D0           1  1.1    34    82    2892    (-,-) 
  gen_columns[29].gen_rows[7].pe_i_dut_WALLACE_CSA_DUMMY_OP_groupi_g11414/CO -       CI->CO  R     FA1D0           1  1.1    34    80    2972    (-,-) 
  gen_columns[29].gen_rows[7].pe_i_dut_WALLACE_CSA_DUMMY_OP_groupi_g11413/CO -       CI->CO  R     FA1D0           3  2.8    57    95    3067    (-,-) 
  gen_columns[29].gen_rows[7].pe_i_dut_WALLACE_CSA_DUMMY_OP_groupi_g11411/ZN -       A1->ZN  R     IOA21D1         1  1.1    29    70    3137    (-,-) 
  gen_columns[29].gen_rows[7].pe_i_dut_WALLACE_CSA_DUMMY_OP_groupi_g11410/CO -       CI->CO  R     FA1D0           3  2.8    57    94    3231    (-,-) 
  gen_columns[29].gen_rows[7].pe_i_dut_WALLACE_CSA_DUMMY_OP_groupi_g11408/ZN -       A1->ZN  R     IOA21D1         1  1.1    29    70    3301    (-,-) 
  gen_columns[29].gen_rows[7].pe_i_dut_WALLACE_CSA_DUMMY_OP_groupi_g11407/CO -       CI->CO  R     FA1D0           3  3.1    61    96    3397    (-,-) 
  gen_columns[29].gen_rows[7].pe_i_dut_WALLACE_CSA_DUMMY_OP_groupi_g11405/Z  -       A1->Z   R     AO21D1          3  3.1    37    67    3464    (-,-) 
  gen_columns[29].gen_rows[7].pe_i_dut_WALLACE_CSA_DUMMY_OP_groupi_g11403/ZN -       A1->ZN  F     AOI21D1         3  2.8    45    39    3503    (-,-) 
  gen_columns[29].gen_rows[7].pe_i_dut_WALLACE_CSA_DUMMY_OP_groupi_g11401/ZN -       A1->ZN  R     OAI21D1         1  1.1    44    41    3544    (-,-) 
  gen_columns[29].gen_rows[7].pe_i_dut_WALLACE_CSA_DUMMY_OP_groupi_g11400/CO -       CI->CO  R     FA1D0           3  2.8    57    99    3643    (-,-) 
  gen_columns[29].gen_rows[7].pe_i_dut_WALLACE_CSA_DUMMY_OP_groupi_g11398/ZN -       A1->ZN  R     IOA21D1         1  1.1    29    70    3713    (-,-) 
  gen_columns[29].gen_rows[7].pe_i_dut_WALLACE_CSA_DUMMY_OP_groupi_g11397/CO -       CI->CO  R     FA1D0           3  3.1    61    96    3809    (-,-) 
  gen_columns[29].gen_rows[7].pe_i_dut_WALLACE_CSA_DUMMY_OP_groupi_g11395/ZN -       A1->ZN  F     AOI21D1         1  1.0    33    34    3842    (-,-) 
  gen_columns[29].gen_rows[7].pe_i_dut_WALLACE_CSA_DUMMY_OP_groupi_g11394/CO -       CI->CO  F     FA1D0           1  1.0    31    85    3928    (-,-) 
  gen_columns[29].gen_rows[7].pe_i_dut_WALLACE_CSA_DUMMY_OP_groupi_g11392/CO -       CI->CO  F     FA1D0           3  2.9    48   100    4027    (-,-) 
  gen_columns[29].gen_rows[7].pe_i_dut_WALLACE_CSA_DUMMY_OP_groupi_g11390/ZN -       A1->ZN  R     NR2D1           2  1.5    46    43    4071    (-,-) 
  gen_columns[29].gen_rows[7].pe_i_dut_WALLACE_CSA_DUMMY_OP_groupi_g11387/ZN -       A1->ZN  R     IOA21D1         3  3.1    57    77    4148    (-,-) 
  gen_columns[29].gen_rows[7].pe_i_dut_WALLACE_CSA_DUMMY_OP_groupi_g11384/ZN -       A1->ZN  F     AOI21D1         3  2.8    47    45    4193    (-,-) 
  gen_columns[29].gen_rows[7].pe_i_dut_WALLACE_CSA_DUMMY_OP_groupi_g11382/ZN -       A1->ZN  R     OAI21D1         3  2.9    71    58    4251    (-,-) 
  gen_columns[29].gen_rows[7].pe_i_dut_WALLACE_CSA_DUMMY_OP_groupi_g11381/ZN -       A1->ZN  R     INR2D1          2  1.5    48    72    4324    (-,-) 
  gen_columns[29].gen_rows[7].pe_i_dut_WALLACE_CSA_DUMMY_OP_groupi_g11378/ZN -       A1->ZN  R     IOA21D1         3  3.1    71    78    4401    (-,-) 
  gen_columns[29].gen_rows[7].pe_i_dut_WALLACE_CSA_DUMMY_OP_groupi_g11375/ZN -       A1->ZN  F     AOI21D1         3  2.8    50    48    4449    (-,-) 
  gen_columns[29].gen_rows[7].pe_i_dut_WALLACE_CSA_DUMMY_OP_groupi_g11373/ZN -       A1->ZN  R     OAI21D1         2  2.1    59    52    4501    (-,-) 
  gen_columns[29].gen_rows[7].pe_i_dut_WALLACE_CSA_DUMMY_OP_groupi_g11372/Z  -       A1->Z   R     AN3XD1          1  0.8    28    69    4570    (-,-) 
  gen_columns[29].gen_rows[7].pe_i_dut_g11639/ZN                             -       A1->ZN  R     IND2D1          4  4.9    71    63    4633    (-,-) 
  gen_columns[29].gen_rows[7].pe_i_dut_g11630/Z                              -       A1->Z   R     AN2XD1         36 36.0   297   208    4841    (-,-) 
  gen_columns[29].gen_rows[7].pe_i_dut_g11536/Z                              -       B1->Z   R     AO222D1         1  1.0    40   124    4965    (-,-) 
  gen_columns[29].gen_rows[7].pe_i_dut_mid_pipe_sum_q_reg[1][29]/D           -       -       R     DFCNQD1         1    -     -     0    4965    (-,-) 
#------------------------------------------------------------------------------------------------------------------------------------------------------

Capture clock path:
#-------------------------------------------------------------------------------------------------------------------------------------------
#                           Timing Point                            Flags   Arc   Edge   Cell      Fanout Load Trans Delay Arrival Instance 
#                                                                                                         (fF)  (ps)  (ps)   (ps)  Location 
#-------------------------------------------------------------------------------------------------------------------------------------------
  clk                                                               (i)     -     R     (arrival)  261922  0.0     0     0    5000    (-,-) 
  gen_columns[29].gen_rows[7].pe_i_dut_mid_pipe_sum_q_reg[1][29]/CP <<<     -     R     DFCNQD1    261922    -     0     0    5000    (-,-) 
#-------------------------------------------------------------------------------------------------------------------------------------------



Path 16: MET (0 ps) Setup Check with Pin gen_columns[29].gen_rows[7].pe_i_dut_mid_pipe_sum_q_reg[1][1]/CP->D
          Group: clk
     Startpoint: (R) gen_columns[29].gen_rows[7].pe_i_dut_inp_pipe_operands_q_reg[1][0][8]/CP
          Clock: (R) clk
       Endpoint: (R) gen_columns[29].gen_rows[7].pe_i_dut_mid_pipe_sum_q_reg[1][1]/D
          Clock: (R) clk

                     Capture       Launch     
        Clock Edge:+    5000            0     
       Src Latency:+       0            0     
       Net Latency:+       0 (I)        0 (I) 
           Arrival:=    5000            0     
                                              
             Setup:-      35                  
     Required Time:=    4965                  
      Launch Clock:-       0                  
         Data Path:-    4965                  
             Slack:=       0                  

Launch clock path:
#--------------------------------------------------------------------------------------------------------------------------------------------------
#                              Timing Point                                Flags   Arc   Edge   Cell      Fanout Load Trans Delay Arrival Instance 
#                                                                                                                (fF)  (ps)  (ps)   (ps)  Location 
#--------------------------------------------------------------------------------------------------------------------------------------------------
  clk                                                                      (i)     -     R     (arrival)  261922  0.0     0     0       0    (-,-) 
  gen_columns[29].gen_rows[7].pe_i_dut_inp_pipe_operands_q_reg[1][0][8]/CP <<<     -     R     SDFCNQD1   261922    -     0     0       0    (-,-) 
#--------------------------------------------------------------------------------------------------------------------------------------------------

#------------------------------------------------------------------------------------------------------------------------------------------------------
#                               Timing Point                                 Flags    Arc    Edge   Cell      Fanout Load Trans Delay Arrival Instance 
#                                                                                                                    (fF)  (ps)  (ps)   (ps)  Location 
#------------------------------------------------------------------------------------------------------------------------------------------------------
  gen_columns[29].gen_rows[7].pe_i_dut_inp_pipe_operands_q_reg[1][0][8]/CP   -       -       R     (arrival)  261922    -     0     0       0    (-,-) 
  gen_columns[29].gen_rows[7].pe_i_dut_inp_pipe_operands_q_reg[1][0][8]/Q    -       CP->Q   R     SDFCNQD1       10 10.2    93   166     166    (-,-) 
  gen_columns[29].gen_rows[7].pe_i_dut_g15982/Z                              -       A1->Z   R     OR2D1           1  1.0    23    65     231    (-,-) 
  gen_columns[29].gen_rows[7].pe_i_dut_g15944/ZN                             -       A2->ZN  F     NR2XD0          1  0.9    24    25     256    (-,-) 
  gen_columns[29].gen_rows[7].pe_i_dut_g15924/ZN                             -       A1->ZN  R     CKND2D1         2  1.8    39    30     286    (-,-) 
  gen_columns[29].gen_rows[7].pe_i_dut_g16000/Z                              -       A1->Z   R     OR2D1           2  3.2    37    61     347    (-,-) 
  gen_columns[29].gen_rows[7].pe_i_dut_g15903/ZN                             -       A2->ZN  F     ND2D2           6  6.7    45    42     389    (-,-) 
  gen_columns[29].gen_rows[7].pe_i_dut_g15900/ZN                             -       I->ZN   R     CKND3           5  5.1    27    28     417    (-,-) 
  gen_columns[29].gen_rows[7].pe_i_dut_g15890/ZN                             -       B->ZN   F     IOA21D1         2  2.4    38    33     450    (-,-) 
  gen_columns[29].gen_rows[7].pe_i_dut_g15880/ZN                             -       A1->ZN  R     NR2XD1          2  1.8    29    29     479    (-,-) 
  gen_columns[29].gen_rows[7].pe_i_dut_g15869/ZN                             -       A1->ZN  R     IAO22D1         2  2.4    66    74     553    (-,-) 
  gen_columns[29].gen_rows[7].pe_i_dut_g15855/ZN                             -       A1->ZN  F     NR2XD1          2  1.8    29    32     585    (-,-) 
  gen_columns[29].gen_rows[7].pe_i_dut_g15999/ZN                             -       A1->ZN  F     IND2D1          2  1.9    35    62     647    (-,-) 
  gen_columns[29].gen_rows[7].pe_i_dut_g15825/ZN                             -       B1->ZN  F     MOAI22D1        4  3.7    62    75     722    (-,-) 
  gen_columns[29].gen_rows[7].pe_i_dut_g15804/ZN                             -       B1->ZN  F     MAOI22D1        3  3.1    52    77     799    (-,-) 
  gen_columns[29].gen_rows[7].pe_i_dut_g15782/ZN                             -       I->ZN   R     CKND1           1  1.0    25    27     826    (-,-) 
  gen_columns[29].gen_rows[7].pe_i_dut_g15772/ZN                             -       A1->ZN  F     AOI21D1         2  2.2    38    32     859    (-,-) 
  g87524/CO                                                                  -       CIN->CO R     FCICIND1        3  3.4    54   127     986    (-,-) 
  gen_columns[29].gen_rows[7].pe_i_dut_g15751/ZN                             -       I->ZN   F     INVD1           1  0.9    21    22    1008    (-,-) 
  gen_columns[29].gen_rows[7].pe_i_dut_g15739/ZN                             -       A1->ZN  R     OAI21D1         3  3.4    76    54    1063    (-,-) 
  g87522/CO                                                                  -       CIN->CO F     FCICIND1        1  1.0    37   116    1178    (-,-) 
  g87521/ZN                                                                  -       A1->ZN  R     ND2D1           5  4.8    58    45    1224    (-,-) 
  gen_columns[29].gen_rows[7].pe_i_dut_g15997/ZN                             -       A1->ZN  R     IND2D1          3  5.7    60    75    1298    (-,-) 
  gen_columns[29].gen_rows[7].pe_i_dut_g15718/ZN                             -       A1->ZN  F     CKND2D3         4  5.9    36    36    1334    (-,-) 
  gen_columns[29].gen_rows[7].pe_i_dut_g15711/ZN                             -       A1->ZN  R     NR2D1           1  2.8    64    52    1386    (-,-) 
  gen_columns[29].gen_rows[7].pe_i_dut_g15707/ZN                             -       A1->ZN  F     NR2XD2          7  6.9    37    38    1425    (-,-) 
  gen_columns[29].gen_rows[7].pe_i_dut_g15693/ZN                             -       A1->ZN  R     ND2D1           3  2.8    40    35    1460    (-,-) 
  gen_columns[29].gen_rows[7].pe_i_dut_g15687/ZN                             -       I->ZN   F     INVD1           7  6.8    47    42    1502    (-,-) 
  gen_columns[29].gen_rows[7].pe_i_dut_g15657/ZN                             -       A1->ZN  R     ND2D1           1  1.1    28    29    1531    (-,-) 
  gen_columns[29].gen_rows[7].pe_i_dut_g15641/ZN                             -       B->ZN   F     IOA21D1         1  0.8    23    23    1554    (-,-) 
  gen_columns[29].gen_rows[7].pe_i_dut_g15613/ZN                             -       A1->ZN  R     NR2XD0          2  2.0    47    38    1592    (-,-) 
  gen_columns[29].gen_rows[7].pe_i_dut_g15607/ZN                             -       A2->ZN  R     IAO22D2         4  3.8    31    70    1662    (-,-) 
  gen_columns[29].gen_rows[7].pe_i_dut_g15581/Z                              -       B1->Z   R     OA22D0          4  4.2    76   104    1766    (-,-) 
  gen_columns[29].gen_rows[7].pe_i_dut_g15529/ZN                             -       A4->ZN  F     ND4D1           1  0.9    67    67    1834    (-,-) 
  gen_columns[29].gen_rows[7].pe_i_dut_g15494/ZN                             -       A3->ZN  R     OAI31D1         1  1.0    72    62    1896    (-,-) 
  gen_columns[29].gen_rows[7].pe_i_dut_g15491/ZN                             -       A2->ZN  F     CKND2D1         2  1.4    35    39    1934    (-,-) 
  gen_columns[29].gen_rows[7].pe_i_dut_g15489/ZN                             -       A1->ZN  R     NR2XD0          2  2.1    67    43    1977    (-,-) 
  gen_columns[29].gen_rows[7].pe_i_dut_WALLACE_CSA_DUMMY_OP_groupi_g11876/ZN -       A1->ZN  F     ND2D1           3  2.8    48    47    2024    (-,-) 
  gen_columns[29].gen_rows[7].pe_i_dut_WALLACE_CSA_DUMMY_OP_groupi_g11760/ZN -       B1->ZN  R     INR2D1          4  4.1    85    68    2092    (-,-) 
  gen_columns[29].gen_rows[7].pe_i_dut_WALLACE_CSA_DUMMY_OP_groupi_g11621/ZN -       A1->ZN  F     AOI21D1         2  2.4    50    48    2139    (-,-) 
  gen_columns[29].gen_rows[7].pe_i_dut_WALLACE_CSA_DUMMY_OP_groupi_g11560/ZN -       A1->ZN  R     OAI21D1         1  1.1    45    42    2182    (-,-) 
  gen_columns[29].gen_rows[7].pe_i_dut_WALLACE_CSA_DUMMY_OP_groupi_g11502/CO -       CI->CO  R     FA1D0           1  1.1    34    83    2265    (-,-) 
  gen_columns[29].gen_rows[7].pe_i_dut_WALLACE_CSA_DUMMY_OP_groupi_g11480/CO -       CI->CO  R     FA1D0           1  1.1    34    80    2344    (-,-) 
  gen_columns[29].gen_rows[7].pe_i_dut_WALLACE_CSA_DUMMY_OP_groupi_g11465/CO -       CI->CO  R     FA1D0           1  1.1    34    80    2424    (-,-) 
  gen_columns[29].gen_rows[7].pe_i_dut_WALLACE_CSA_DUMMY_OP_groupi_g11446/CO -       CI->CO  R     FA1D0           3  3.1    61    98    2522    (-,-) 
  gen_columns[29].gen_rows[7].pe_i_dut_WALLACE_CSA_DUMMY_OP_groupi_g11445/ZN -       I->ZN   F     CKND1           1  0.9    24    26    2548    (-,-) 
  gen_columns[29].gen_rows[7].pe_i_dut_WALLACE_CSA_DUMMY_OP_groupi_g11441/ZN -       A1->ZN  R     OAI21D1         1  1.1    41    35    2583    (-,-) 
  gen_columns[29].gen_rows[7].pe_i_dut_WALLACE_CSA_DUMMY_OP_groupi_g11422/CO -       CI->CO  R     FA1D0           3  3.1    61   100    2684    (-,-) 
  gen_columns[29].gen_rows[7].pe_i_dut_WALLACE_CSA_DUMMY_OP_groupi_g11421/ZN -       I->ZN   F     CKND1           1  0.9    24    26    2710    (-,-) 
  gen_columns[29].gen_rows[7].pe_i_dut_WALLACE_CSA_DUMMY_OP_groupi_g2/Z      -       A1->Z   F     OA21D1          3  2.8    30    64    2773    (-,-) 
  gen_columns[29].gen_rows[7].pe_i_dut_WALLACE_CSA_DUMMY_OP_groupi_g11416/ZN -       A1->ZN  R     OAI21D1         1  1.1    42    37    2810    (-,-) 
  gen_columns[29].gen_rows[7].pe_i_dut_WALLACE_CSA_DUMMY_OP_groupi_g11415/CO -       CI->CO  R     FA1D0           1  1.1    34    82    2892    (-,-) 
  gen_columns[29].gen_rows[7].pe_i_dut_WALLACE_CSA_DUMMY_OP_groupi_g11414/CO -       CI->CO  R     FA1D0           1  1.1    34    80    2972    (-,-) 
  gen_columns[29].gen_rows[7].pe_i_dut_WALLACE_CSA_DUMMY_OP_groupi_g11413/CO -       CI->CO  R     FA1D0           3  2.8    57    95    3067    (-,-) 
  gen_columns[29].gen_rows[7].pe_i_dut_WALLACE_CSA_DUMMY_OP_groupi_g11411/ZN -       A1->ZN  R     IOA21D1         1  1.1    29    70    3137    (-,-) 
  gen_columns[29].gen_rows[7].pe_i_dut_WALLACE_CSA_DUMMY_OP_groupi_g11410/CO -       CI->CO  R     FA1D0           3  2.8    57    94    3231    (-,-) 
  gen_columns[29].gen_rows[7].pe_i_dut_WALLACE_CSA_DUMMY_OP_groupi_g11408/ZN -       A1->ZN  R     IOA21D1         1  1.1    29    70    3301    (-,-) 
  gen_columns[29].gen_rows[7].pe_i_dut_WALLACE_CSA_DUMMY_OP_groupi_g11407/CO -       CI->CO  R     FA1D0           3  3.1    61    96    3397    (-,-) 
  gen_columns[29].gen_rows[7].pe_i_dut_WALLACE_CSA_DUMMY_OP_groupi_g11405/Z  -       A1->Z   R     AO21D1          3  3.1    37    67    3464    (-,-) 
  gen_columns[29].gen_rows[7].pe_i_dut_WALLACE_CSA_DUMMY_OP_groupi_g11403/ZN -       A1->ZN  F     AOI21D1         3  2.8    45    39    3503    (-,-) 
  gen_columns[29].gen_rows[7].pe_i_dut_WALLACE_CSA_DUMMY_OP_groupi_g11401/ZN -       A1->ZN  R     OAI21D1         1  1.1    44    41    3544    (-,-) 
  gen_columns[29].gen_rows[7].pe_i_dut_WALLACE_CSA_DUMMY_OP_groupi_g11400/CO -       CI->CO  R     FA1D0           3  2.8    57    99    3643    (-,-) 
  gen_columns[29].gen_rows[7].pe_i_dut_WALLACE_CSA_DUMMY_OP_groupi_g11398/ZN -       A1->ZN  R     IOA21D1         1  1.1    29    70    3713    (-,-) 
  gen_columns[29].gen_rows[7].pe_i_dut_WALLACE_CSA_DUMMY_OP_groupi_g11397/CO -       CI->CO  R     FA1D0           3  3.1    61    96    3809    (-,-) 
  gen_columns[29].gen_rows[7].pe_i_dut_WALLACE_CSA_DUMMY_OP_groupi_g11395/ZN -       A1->ZN  F     AOI21D1         1  1.0    33    34    3842    (-,-) 
  gen_columns[29].gen_rows[7].pe_i_dut_WALLACE_CSA_DUMMY_OP_groupi_g11394/CO -       CI->CO  F     FA1D0           1  1.0    31    85    3928    (-,-) 
  gen_columns[29].gen_rows[7].pe_i_dut_WALLACE_CSA_DUMMY_OP_groupi_g11392/CO -       CI->CO  F     FA1D0           3  2.9    48   100    4027    (-,-) 
  gen_columns[29].gen_rows[7].pe_i_dut_WALLACE_CSA_DUMMY_OP_groupi_g11390/ZN -       A1->ZN  R     NR2D1           2  1.5    46    43    4071    (-,-) 
  gen_columns[29].gen_rows[7].pe_i_dut_WALLACE_CSA_DUMMY_OP_groupi_g11387/ZN -       A1->ZN  R     IOA21D1         3  3.1    57    77    4148    (-,-) 
  gen_columns[29].gen_rows[7].pe_i_dut_WALLACE_CSA_DUMMY_OP_groupi_g11384/ZN -       A1->ZN  F     AOI21D1         3  2.8    47    45    4193    (-,-) 
  gen_columns[29].gen_rows[7].pe_i_dut_WALLACE_CSA_DUMMY_OP_groupi_g11382/ZN -       A1->ZN  R     OAI21D1         3  2.9    71    58    4251    (-,-) 
  gen_columns[29].gen_rows[7].pe_i_dut_WALLACE_CSA_DUMMY_OP_groupi_g11381/ZN -       A1->ZN  R     INR2D1          2  1.5    48    72    4324    (-,-) 
  gen_columns[29].gen_rows[7].pe_i_dut_WALLACE_CSA_DUMMY_OP_groupi_g11378/ZN -       A1->ZN  R     IOA21D1         3  3.1    71    78    4401    (-,-) 
  gen_columns[29].gen_rows[7].pe_i_dut_WALLACE_CSA_DUMMY_OP_groupi_g11375/ZN -       A1->ZN  F     AOI21D1         3  2.8    50    48    4449    (-,-) 
  gen_columns[29].gen_rows[7].pe_i_dut_WALLACE_CSA_DUMMY_OP_groupi_g11373/ZN -       A1->ZN  R     OAI21D1         2  2.1    59    52    4501    (-,-) 
  gen_columns[29].gen_rows[7].pe_i_dut_WALLACE_CSA_DUMMY_OP_groupi_g11372/Z  -       A1->Z   R     AN3XD1          1  0.8    28    69    4570    (-,-) 
  gen_columns[29].gen_rows[7].pe_i_dut_g11639/ZN                             -       A1->ZN  R     IND2D1          4  4.9    71    63    4633    (-,-) 
  gen_columns[29].gen_rows[7].pe_i_dut_g11630/Z                              -       A1->Z   R     AN2XD1         36 36.0   297   208    4841    (-,-) 
  gen_columns[29].gen_rows[7].pe_i_dut_g11508/Z                              -       B1->Z   R     AO222D1         1  1.0    40   124    4965    (-,-) 
  gen_columns[29].gen_rows[7].pe_i_dut_mid_pipe_sum_q_reg[1][1]/D            -       -       R     DFCNQD1         1    -     -     0    4965    (-,-) 
#------------------------------------------------------------------------------------------------------------------------------------------------------

Capture clock path:
#------------------------------------------------------------------------------------------------------------------------------------------
#                          Timing Point                            Flags   Arc   Edge   Cell      Fanout Load Trans Delay Arrival Instance 
#                                                                                                        (fF)  (ps)  (ps)   (ps)  Location 
#------------------------------------------------------------------------------------------------------------------------------------------
  clk                                                              (i)     -     R     (arrival)  261922  0.0     0     0    5000    (-,-) 
  gen_columns[29].gen_rows[7].pe_i_dut_mid_pipe_sum_q_reg[1][1]/CP <<<     -     R     DFCNQD1    261922    -     0     0    5000    (-,-) 
#------------------------------------------------------------------------------------------------------------------------------------------



Path 17: MET (0 ps) Setup Check with Pin gen_columns[29].gen_rows[7].pe_i_dut_mid_pipe_sum_q_reg[1][2]/CP->D
          Group: clk
     Startpoint: (R) gen_columns[29].gen_rows[7].pe_i_dut_inp_pipe_operands_q_reg[1][0][8]/CP
          Clock: (R) clk
       Endpoint: (R) gen_columns[29].gen_rows[7].pe_i_dut_mid_pipe_sum_q_reg[1][2]/D
          Clock: (R) clk

                     Capture       Launch     
        Clock Edge:+    5000            0     
       Src Latency:+       0            0     
       Net Latency:+       0 (I)        0 (I) 
           Arrival:=    5000            0     
                                              
             Setup:-      35                  
     Required Time:=    4965                  
      Launch Clock:-       0                  
         Data Path:-    4965                  
             Slack:=       0                  

Launch clock path:
#--------------------------------------------------------------------------------------------------------------------------------------------------
#                              Timing Point                                Flags   Arc   Edge   Cell      Fanout Load Trans Delay Arrival Instance 
#                                                                                                                (fF)  (ps)  (ps)   (ps)  Location 
#--------------------------------------------------------------------------------------------------------------------------------------------------
  clk                                                                      (i)     -     R     (arrival)  261922  0.0     0     0       0    (-,-) 
  gen_columns[29].gen_rows[7].pe_i_dut_inp_pipe_operands_q_reg[1][0][8]/CP <<<     -     R     SDFCNQD1   261922    -     0     0       0    (-,-) 
#--------------------------------------------------------------------------------------------------------------------------------------------------

#------------------------------------------------------------------------------------------------------------------------------------------------------
#                               Timing Point                                 Flags    Arc    Edge   Cell      Fanout Load Trans Delay Arrival Instance 
#                                                                                                                    (fF)  (ps)  (ps)   (ps)  Location 
#------------------------------------------------------------------------------------------------------------------------------------------------------
  gen_columns[29].gen_rows[7].pe_i_dut_inp_pipe_operands_q_reg[1][0][8]/CP   -       -       R     (arrival)  261922    -     0     0       0    (-,-) 
  gen_columns[29].gen_rows[7].pe_i_dut_inp_pipe_operands_q_reg[1][0][8]/Q    -       CP->Q   R     SDFCNQD1       10 10.2    93   166     166    (-,-) 
  gen_columns[29].gen_rows[7].pe_i_dut_g15982/Z                              -       A1->Z   R     OR2D1           1  1.0    23    65     231    (-,-) 
  gen_columns[29].gen_rows[7].pe_i_dut_g15944/ZN                             -       A2->ZN  F     NR2XD0          1  0.9    24    25     256    (-,-) 
  gen_columns[29].gen_rows[7].pe_i_dut_g15924/ZN                             -       A1->ZN  R     CKND2D1         2  1.8    39    30     286    (-,-) 
  gen_columns[29].gen_rows[7].pe_i_dut_g16000/Z                              -       A1->Z   R     OR2D1           2  3.2    37    61     347    (-,-) 
  gen_columns[29].gen_rows[7].pe_i_dut_g15903/ZN                             -       A2->ZN  F     ND2D2           6  6.7    45    42     389    (-,-) 
  gen_columns[29].gen_rows[7].pe_i_dut_g15900/ZN                             -       I->ZN   R     CKND3           5  5.1    27    28     417    (-,-) 
  gen_columns[29].gen_rows[7].pe_i_dut_g15890/ZN                             -       B->ZN   F     IOA21D1         2  2.4    38    33     450    (-,-) 
  gen_columns[29].gen_rows[7].pe_i_dut_g15880/ZN                             -       A1->ZN  R     NR2XD1          2  1.8    29    29     479    (-,-) 
  gen_columns[29].gen_rows[7].pe_i_dut_g15869/ZN                             -       A1->ZN  R     IAO22D1         2  2.4    66    74     553    (-,-) 
  gen_columns[29].gen_rows[7].pe_i_dut_g15855/ZN                             -       A1->ZN  F     NR2XD1          2  1.8    29    32     585    (-,-) 
  gen_columns[29].gen_rows[7].pe_i_dut_g15999/ZN                             -       A1->ZN  F     IND2D1          2  1.9    35    62     647    (-,-) 
  gen_columns[29].gen_rows[7].pe_i_dut_g15825/ZN                             -       B1->ZN  F     MOAI22D1        4  3.7    62    75     722    (-,-) 
  gen_columns[29].gen_rows[7].pe_i_dut_g15804/ZN                             -       B1->ZN  F     MAOI22D1        3  3.1    52    77     799    (-,-) 
  gen_columns[29].gen_rows[7].pe_i_dut_g15782/ZN                             -       I->ZN   R     CKND1           1  1.0    25    27     826    (-,-) 
  gen_columns[29].gen_rows[7].pe_i_dut_g15772/ZN                             -       A1->ZN  F     AOI21D1         2  2.2    38    32     859    (-,-) 
  g87524/CO                                                                  -       CIN->CO R     FCICIND1        3  3.4    54   127     986    (-,-) 
  gen_columns[29].gen_rows[7].pe_i_dut_g15751/ZN                             -       I->ZN   F     INVD1           1  0.9    21    22    1008    (-,-) 
  gen_columns[29].gen_rows[7].pe_i_dut_g15739/ZN                             -       A1->ZN  R     OAI21D1         3  3.4    76    54    1063    (-,-) 
  g87522/CO                                                                  -       CIN->CO F     FCICIND1        1  1.0    37   116    1178    (-,-) 
  g87521/ZN                                                                  -       A1->ZN  R     ND2D1           5  4.8    58    45    1224    (-,-) 
  gen_columns[29].gen_rows[7].pe_i_dut_g15997/ZN                             -       A1->ZN  R     IND2D1          3  5.7    60    75    1298    (-,-) 
  gen_columns[29].gen_rows[7].pe_i_dut_g15718/ZN                             -       A1->ZN  F     CKND2D3         4  5.9    36    36    1334    (-,-) 
  gen_columns[29].gen_rows[7].pe_i_dut_g15711/ZN                             -       A1->ZN  R     NR2D1           1  2.8    64    52    1386    (-,-) 
  gen_columns[29].gen_rows[7].pe_i_dut_g15707/ZN                             -       A1->ZN  F     NR2XD2          7  6.9    37    38    1425    (-,-) 
  gen_columns[29].gen_rows[7].pe_i_dut_g15693/ZN                             -       A1->ZN  R     ND2D1           3  2.8    40    35    1460    (-,-) 
  gen_columns[29].gen_rows[7].pe_i_dut_g15687/ZN                             -       I->ZN   F     INVD1           7  6.8    47    42    1502    (-,-) 
  gen_columns[29].gen_rows[7].pe_i_dut_g15657/ZN                             -       A1->ZN  R     ND2D1           1  1.1    28    29    1531    (-,-) 
  gen_columns[29].gen_rows[7].pe_i_dut_g15641/ZN                             -       B->ZN   F     IOA21D1         1  0.8    23    23    1554    (-,-) 
  gen_columns[29].gen_rows[7].pe_i_dut_g15613/ZN                             -       A1->ZN  R     NR2XD0          2  2.0    47    38    1592    (-,-) 
  gen_columns[29].gen_rows[7].pe_i_dut_g15607/ZN                             -       A2->ZN  R     IAO22D2         4  3.8    31    70    1662    (-,-) 
  gen_columns[29].gen_rows[7].pe_i_dut_g15581/Z                              -       B1->Z   R     OA22D0          4  4.2    76   104    1766    (-,-) 
  gen_columns[29].gen_rows[7].pe_i_dut_g15529/ZN                             -       A4->ZN  F     ND4D1           1  0.9    67    67    1834    (-,-) 
  gen_columns[29].gen_rows[7].pe_i_dut_g15494/ZN                             -       A3->ZN  R     OAI31D1         1  1.0    72    62    1896    (-,-) 
  gen_columns[29].gen_rows[7].pe_i_dut_g15491/ZN                             -       A2->ZN  F     CKND2D1         2  1.4    35    39    1934    (-,-) 
  gen_columns[29].gen_rows[7].pe_i_dut_g15489/ZN                             -       A1->ZN  R     NR2XD0          2  2.1    67    43    1977    (-,-) 
  gen_columns[29].gen_rows[7].pe_i_dut_WALLACE_CSA_DUMMY_OP_groupi_g11876/ZN -       A1->ZN  F     ND2D1           3  2.8    48    47    2024    (-,-) 
  gen_columns[29].gen_rows[7].pe_i_dut_WALLACE_CSA_DUMMY_OP_groupi_g11760/ZN -       B1->ZN  R     INR2D1          4  4.1    85    68    2092    (-,-) 
  gen_columns[29].gen_rows[7].pe_i_dut_WALLACE_CSA_DUMMY_OP_groupi_g11621/ZN -       A1->ZN  F     AOI21D1         2  2.4    50    48    2139    (-,-) 
  gen_columns[29].gen_rows[7].pe_i_dut_WALLACE_CSA_DUMMY_OP_groupi_g11560/ZN -       A1->ZN  R     OAI21D1         1  1.1    45    42    2182    (-,-) 
  gen_columns[29].gen_rows[7].pe_i_dut_WALLACE_CSA_DUMMY_OP_groupi_g11502/CO -       CI->CO  R     FA1D0           1  1.1    34    83    2265    (-,-) 
  gen_columns[29].gen_rows[7].pe_i_dut_WALLACE_CSA_DUMMY_OP_groupi_g11480/CO -       CI->CO  R     FA1D0           1  1.1    34    80    2344    (-,-) 
  gen_columns[29].gen_rows[7].pe_i_dut_WALLACE_CSA_DUMMY_OP_groupi_g11465/CO -       CI->CO  R     FA1D0           1  1.1    34    80    2424    (-,-) 
  gen_columns[29].gen_rows[7].pe_i_dut_WALLACE_CSA_DUMMY_OP_groupi_g11446/CO -       CI->CO  R     FA1D0           3  3.1    61    98    2522    (-,-) 
  gen_columns[29].gen_rows[7].pe_i_dut_WALLACE_CSA_DUMMY_OP_groupi_g11445/ZN -       I->ZN   F     CKND1           1  0.9    24    26    2548    (-,-) 
  gen_columns[29].gen_rows[7].pe_i_dut_WALLACE_CSA_DUMMY_OP_groupi_g11441/ZN -       A1->ZN  R     OAI21D1         1  1.1    41    35    2583    (-,-) 
  gen_columns[29].gen_rows[7].pe_i_dut_WALLACE_CSA_DUMMY_OP_groupi_g11422/CO -       CI->CO  R     FA1D0           3  3.1    61   100    2684    (-,-) 
  gen_columns[29].gen_rows[7].pe_i_dut_WALLACE_CSA_DUMMY_OP_groupi_g11421/ZN -       I->ZN   F     CKND1           1  0.9    24    26    2710    (-,-) 
  gen_columns[29].gen_rows[7].pe_i_dut_WALLACE_CSA_DUMMY_OP_groupi_g2/Z      -       A1->Z   F     OA21D1          3  2.8    30    64    2773    (-,-) 
  gen_columns[29].gen_rows[7].pe_i_dut_WALLACE_CSA_DUMMY_OP_groupi_g11416/ZN -       A1->ZN  R     OAI21D1         1  1.1    42    37    2810    (-,-) 
  gen_columns[29].gen_rows[7].pe_i_dut_WALLACE_CSA_DUMMY_OP_groupi_g11415/CO -       CI->CO  R     FA1D0           1  1.1    34    82    2892    (-,-) 
  gen_columns[29].gen_rows[7].pe_i_dut_WALLACE_CSA_DUMMY_OP_groupi_g11414/CO -       CI->CO  R     FA1D0           1  1.1    34    80    2972    (-,-) 
  gen_columns[29].gen_rows[7].pe_i_dut_WALLACE_CSA_DUMMY_OP_groupi_g11413/CO -       CI->CO  R     FA1D0           3  2.8    57    95    3067    (-,-) 
  gen_columns[29].gen_rows[7].pe_i_dut_WALLACE_CSA_DUMMY_OP_groupi_g11411/ZN -       A1->ZN  R     IOA21D1         1  1.1    29    70    3137    (-,-) 
  gen_columns[29].gen_rows[7].pe_i_dut_WALLACE_CSA_DUMMY_OP_groupi_g11410/CO -       CI->CO  R     FA1D0           3  2.8    57    94    3231    (-,-) 
  gen_columns[29].gen_rows[7].pe_i_dut_WALLACE_CSA_DUMMY_OP_groupi_g11408/ZN -       A1->ZN  R     IOA21D1         1  1.1    29    70    3301    (-,-) 
  gen_columns[29].gen_rows[7].pe_i_dut_WALLACE_CSA_DUMMY_OP_groupi_g11407/CO -       CI->CO  R     FA1D0           3  3.1    61    96    3397    (-,-) 
  gen_columns[29].gen_rows[7].pe_i_dut_WALLACE_CSA_DUMMY_OP_groupi_g11405/Z  -       A1->Z   R     AO21D1          3  3.1    37    67    3464    (-,-) 
  gen_columns[29].gen_rows[7].pe_i_dut_WALLACE_CSA_DUMMY_OP_groupi_g11403/ZN -       A1->ZN  F     AOI21D1         3  2.8    45    39    3503    (-,-) 
  gen_columns[29].gen_rows[7].pe_i_dut_WALLACE_CSA_DUMMY_OP_groupi_g11401/ZN -       A1->ZN  R     OAI21D1         1  1.1    44    41    3544    (-,-) 
  gen_columns[29].gen_rows[7].pe_i_dut_WALLACE_CSA_DUMMY_OP_groupi_g11400/CO -       CI->CO  R     FA1D0           3  2.8    57    99    3643    (-,-) 
  gen_columns[29].gen_rows[7].pe_i_dut_WALLACE_CSA_DUMMY_OP_groupi_g11398/ZN -       A1->ZN  R     IOA21D1         1  1.1    29    70    3713    (-,-) 
  gen_columns[29].gen_rows[7].pe_i_dut_WALLACE_CSA_DUMMY_OP_groupi_g11397/CO -       CI->CO  R     FA1D0           3  3.1    61    96    3809    (-,-) 
  gen_columns[29].gen_rows[7].pe_i_dut_WALLACE_CSA_DUMMY_OP_groupi_g11395/ZN -       A1->ZN  F     AOI21D1         1  1.0    33    34    3842    (-,-) 
  gen_columns[29].gen_rows[7].pe_i_dut_WALLACE_CSA_DUMMY_OP_groupi_g11394/CO -       CI->CO  F     FA1D0           1  1.0    31    85    3928    (-,-) 
  gen_columns[29].gen_rows[7].pe_i_dut_WALLACE_CSA_DUMMY_OP_groupi_g11392/CO -       CI->CO  F     FA1D0           3  2.9    48   100    4027    (-,-) 
  gen_columns[29].gen_rows[7].pe_i_dut_WALLACE_CSA_DUMMY_OP_groupi_g11390/ZN -       A1->ZN  R     NR2D1           2  1.5    46    43    4071    (-,-) 
  gen_columns[29].gen_rows[7].pe_i_dut_WALLACE_CSA_DUMMY_OP_groupi_g11387/ZN -       A1->ZN  R     IOA21D1         3  3.1    57    77    4148    (-,-) 
  gen_columns[29].gen_rows[7].pe_i_dut_WALLACE_CSA_DUMMY_OP_groupi_g11384/ZN -       A1->ZN  F     AOI21D1         3  2.8    47    45    4193    (-,-) 
  gen_columns[29].gen_rows[7].pe_i_dut_WALLACE_CSA_DUMMY_OP_groupi_g11382/ZN -       A1->ZN  R     OAI21D1         3  2.9    71    58    4251    (-,-) 
  gen_columns[29].gen_rows[7].pe_i_dut_WALLACE_CSA_DUMMY_OP_groupi_g11381/ZN -       A1->ZN  R     INR2D1          2  1.5    48    72    4324    (-,-) 
  gen_columns[29].gen_rows[7].pe_i_dut_WALLACE_CSA_DUMMY_OP_groupi_g11378/ZN -       A1->ZN  R     IOA21D1         3  3.1    71    78    4401    (-,-) 
  gen_columns[29].gen_rows[7].pe_i_dut_WALLACE_CSA_DUMMY_OP_groupi_g11375/ZN -       A1->ZN  F     AOI21D1         3  2.8    50    48    4449    (-,-) 
  gen_columns[29].gen_rows[7].pe_i_dut_WALLACE_CSA_DUMMY_OP_groupi_g11373/ZN -       A1->ZN  R     OAI21D1         2  2.1    59    52    4501    (-,-) 
  gen_columns[29].gen_rows[7].pe_i_dut_WALLACE_CSA_DUMMY_OP_groupi_g11372/Z  -       A1->Z   R     AN3XD1          1  0.8    28    69    4570    (-,-) 
  gen_columns[29].gen_rows[7].pe_i_dut_g11639/ZN                             -       A1->ZN  R     IND2D1          4  4.9    71    63    4633    (-,-) 
  gen_columns[29].gen_rows[7].pe_i_dut_g11630/Z                              -       A1->Z   R     AN2XD1         36 36.0   297   208    4841    (-,-) 
  gen_columns[29].gen_rows[7].pe_i_dut_g11509/Z                              -       B1->Z   R     AO222D1         1  1.0    40   124    4965    (-,-) 
  gen_columns[29].gen_rows[7].pe_i_dut_mid_pipe_sum_q_reg[1][2]/D            -       -       R     DFCNQD1         1    -     -     0    4965    (-,-) 
#------------------------------------------------------------------------------------------------------------------------------------------------------

Capture clock path:
#------------------------------------------------------------------------------------------------------------------------------------------
#                          Timing Point                            Flags   Arc   Edge   Cell      Fanout Load Trans Delay Arrival Instance 
#                                                                                                        (fF)  (ps)  (ps)   (ps)  Location 
#------------------------------------------------------------------------------------------------------------------------------------------
  clk                                                              (i)     -     R     (arrival)  261922  0.0     0     0    5000    (-,-) 
  gen_columns[29].gen_rows[7].pe_i_dut_mid_pipe_sum_q_reg[1][2]/CP <<<     -     R     DFCNQD1    261922    -     0     0    5000    (-,-) 
#------------------------------------------------------------------------------------------------------------------------------------------



Path 18: MET (0 ps) Setup Check with Pin gen_columns[29].gen_rows[7].pe_i_dut_mid_pipe_sum_q_reg[1][3]/CP->D
          Group: clk
     Startpoint: (R) gen_columns[29].gen_rows[7].pe_i_dut_inp_pipe_operands_q_reg[1][0][8]/CP
          Clock: (R) clk
       Endpoint: (R) gen_columns[29].gen_rows[7].pe_i_dut_mid_pipe_sum_q_reg[1][3]/D
          Clock: (R) clk

                     Capture       Launch     
        Clock Edge:+    5000            0     
       Src Latency:+       0            0     
       Net Latency:+       0 (I)        0 (I) 
           Arrival:=    5000            0     
                                              
             Setup:-      35                  
     Required Time:=    4965                  
      Launch Clock:-       0                  
         Data Path:-    4965                  
             Slack:=       0                  

Launch clock path:
#--------------------------------------------------------------------------------------------------------------------------------------------------
#                              Timing Point                                Flags   Arc   Edge   Cell      Fanout Load Trans Delay Arrival Instance 
#                                                                                                                (fF)  (ps)  (ps)   (ps)  Location 
#--------------------------------------------------------------------------------------------------------------------------------------------------
  clk                                                                      (i)     -     R     (arrival)  261922  0.0     0     0       0    (-,-) 
  gen_columns[29].gen_rows[7].pe_i_dut_inp_pipe_operands_q_reg[1][0][8]/CP <<<     -     R     SDFCNQD1   261922    -     0     0       0    (-,-) 
#--------------------------------------------------------------------------------------------------------------------------------------------------

#------------------------------------------------------------------------------------------------------------------------------------------------------
#                               Timing Point                                 Flags    Arc    Edge   Cell      Fanout Load Trans Delay Arrival Instance 
#                                                                                                                    (fF)  (ps)  (ps)   (ps)  Location 
#------------------------------------------------------------------------------------------------------------------------------------------------------
  gen_columns[29].gen_rows[7].pe_i_dut_inp_pipe_operands_q_reg[1][0][8]/CP   -       -       R     (arrival)  261922    -     0     0       0    (-,-) 
  gen_columns[29].gen_rows[7].pe_i_dut_inp_pipe_operands_q_reg[1][0][8]/Q    -       CP->Q   R     SDFCNQD1       10 10.2    93   166     166    (-,-) 
  gen_columns[29].gen_rows[7].pe_i_dut_g15982/Z                              -       A1->Z   R     OR2D1           1  1.0    23    65     231    (-,-) 
  gen_columns[29].gen_rows[7].pe_i_dut_g15944/ZN                             -       A2->ZN  F     NR2XD0          1  0.9    24    25     256    (-,-) 
  gen_columns[29].gen_rows[7].pe_i_dut_g15924/ZN                             -       A1->ZN  R     CKND2D1         2  1.8    39    30     286    (-,-) 
  gen_columns[29].gen_rows[7].pe_i_dut_g16000/Z                              -       A1->Z   R     OR2D1           2  3.2    37    61     347    (-,-) 
  gen_columns[29].gen_rows[7].pe_i_dut_g15903/ZN                             -       A2->ZN  F     ND2D2           6  6.7    45    42     389    (-,-) 
  gen_columns[29].gen_rows[7].pe_i_dut_g15900/ZN                             -       I->ZN   R     CKND3           5  5.1    27    28     417    (-,-) 
  gen_columns[29].gen_rows[7].pe_i_dut_g15890/ZN                             -       B->ZN   F     IOA21D1         2  2.4    38    33     450    (-,-) 
  gen_columns[29].gen_rows[7].pe_i_dut_g15880/ZN                             -       A1->ZN  R     NR2XD1          2  1.8    29    29     479    (-,-) 
  gen_columns[29].gen_rows[7].pe_i_dut_g15869/ZN                             -       A1->ZN  R     IAO22D1         2  2.4    66    74     553    (-,-) 
  gen_columns[29].gen_rows[7].pe_i_dut_g15855/ZN                             -       A1->ZN  F     NR2XD1          2  1.8    29    32     585    (-,-) 
  gen_columns[29].gen_rows[7].pe_i_dut_g15999/ZN                             -       A1->ZN  F     IND2D1          2  1.9    35    62     647    (-,-) 
  gen_columns[29].gen_rows[7].pe_i_dut_g15825/ZN                             -       B1->ZN  F     MOAI22D1        4  3.7    62    75     722    (-,-) 
  gen_columns[29].gen_rows[7].pe_i_dut_g15804/ZN                             -       B1->ZN  F     MAOI22D1        3  3.1    52    77     799    (-,-) 
  gen_columns[29].gen_rows[7].pe_i_dut_g15782/ZN                             -       I->ZN   R     CKND1           1  1.0    25    27     826    (-,-) 
  gen_columns[29].gen_rows[7].pe_i_dut_g15772/ZN                             -       A1->ZN  F     AOI21D1         2  2.2    38    32     859    (-,-) 
  g87524/CO                                                                  -       CIN->CO R     FCICIND1        3  3.4    54   127     986    (-,-) 
  gen_columns[29].gen_rows[7].pe_i_dut_g15751/ZN                             -       I->ZN   F     INVD1           1  0.9    21    22    1008    (-,-) 
  gen_columns[29].gen_rows[7].pe_i_dut_g15739/ZN                             -       A1->ZN  R     OAI21D1         3  3.4    76    54    1063    (-,-) 
  g87522/CO                                                                  -       CIN->CO F     FCICIND1        1  1.0    37   116    1178    (-,-) 
  g87521/ZN                                                                  -       A1->ZN  R     ND2D1           5  4.8    58    45    1224    (-,-) 
  gen_columns[29].gen_rows[7].pe_i_dut_g15997/ZN                             -       A1->ZN  R     IND2D1          3  5.7    60    75    1298    (-,-) 
  gen_columns[29].gen_rows[7].pe_i_dut_g15718/ZN                             -       A1->ZN  F     CKND2D3         4  5.9    36    36    1334    (-,-) 
  gen_columns[29].gen_rows[7].pe_i_dut_g15711/ZN                             -       A1->ZN  R     NR2D1           1  2.8    64    52    1386    (-,-) 
  gen_columns[29].gen_rows[7].pe_i_dut_g15707/ZN                             -       A1->ZN  F     NR2XD2          7  6.9    37    38    1425    (-,-) 
  gen_columns[29].gen_rows[7].pe_i_dut_g15693/ZN                             -       A1->ZN  R     ND2D1           3  2.8    40    35    1460    (-,-) 
  gen_columns[29].gen_rows[7].pe_i_dut_g15687/ZN                             -       I->ZN   F     INVD1           7  6.8    47    42    1502    (-,-) 
  gen_columns[29].gen_rows[7].pe_i_dut_g15657/ZN                             -       A1->ZN  R     ND2D1           1  1.1    28    29    1531    (-,-) 
  gen_columns[29].gen_rows[7].pe_i_dut_g15641/ZN                             -       B->ZN   F     IOA21D1         1  0.8    23    23    1554    (-,-) 
  gen_columns[29].gen_rows[7].pe_i_dut_g15613/ZN                             -       A1->ZN  R     NR2XD0          2  2.0    47    38    1592    (-,-) 
  gen_columns[29].gen_rows[7].pe_i_dut_g15607/ZN                             -       A2->ZN  R     IAO22D2         4  3.8    31    70    1662    (-,-) 
  gen_columns[29].gen_rows[7].pe_i_dut_g15581/Z                              -       B1->Z   R     OA22D0          4  4.2    76   104    1766    (-,-) 
  gen_columns[29].gen_rows[7].pe_i_dut_g15529/ZN                             -       A4->ZN  F     ND4D1           1  0.9    67    67    1834    (-,-) 
  gen_columns[29].gen_rows[7].pe_i_dut_g15494/ZN                             -       A3->ZN  R     OAI31D1         1  1.0    72    62    1896    (-,-) 
  gen_columns[29].gen_rows[7].pe_i_dut_g15491/ZN                             -       A2->ZN  F     CKND2D1         2  1.4    35    39    1934    (-,-) 
  gen_columns[29].gen_rows[7].pe_i_dut_g15489/ZN                             -       A1->ZN  R     NR2XD0          2  2.1    67    43    1977    (-,-) 
  gen_columns[29].gen_rows[7].pe_i_dut_WALLACE_CSA_DUMMY_OP_groupi_g11876/ZN -       A1->ZN  F     ND2D1           3  2.8    48    47    2024    (-,-) 
  gen_columns[29].gen_rows[7].pe_i_dut_WALLACE_CSA_DUMMY_OP_groupi_g11760/ZN -       B1->ZN  R     INR2D1          4  4.1    85    68    2092    (-,-) 
  gen_columns[29].gen_rows[7].pe_i_dut_WALLACE_CSA_DUMMY_OP_groupi_g11621/ZN -       A1->ZN  F     AOI21D1         2  2.4    50    48    2139    (-,-) 
  gen_columns[29].gen_rows[7].pe_i_dut_WALLACE_CSA_DUMMY_OP_groupi_g11560/ZN -       A1->ZN  R     OAI21D1         1  1.1    45    42    2182    (-,-) 
  gen_columns[29].gen_rows[7].pe_i_dut_WALLACE_CSA_DUMMY_OP_groupi_g11502/CO -       CI->CO  R     FA1D0           1  1.1    34    83    2265    (-,-) 
  gen_columns[29].gen_rows[7].pe_i_dut_WALLACE_CSA_DUMMY_OP_groupi_g11480/CO -       CI->CO  R     FA1D0           1  1.1    34    80    2344    (-,-) 
  gen_columns[29].gen_rows[7].pe_i_dut_WALLACE_CSA_DUMMY_OP_groupi_g11465/CO -       CI->CO  R     FA1D0           1  1.1    34    80    2424    (-,-) 
  gen_columns[29].gen_rows[7].pe_i_dut_WALLACE_CSA_DUMMY_OP_groupi_g11446/CO -       CI->CO  R     FA1D0           3  3.1    61    98    2522    (-,-) 
  gen_columns[29].gen_rows[7].pe_i_dut_WALLACE_CSA_DUMMY_OP_groupi_g11445/ZN -       I->ZN   F     CKND1           1  0.9    24    26    2548    (-,-) 
  gen_columns[29].gen_rows[7].pe_i_dut_WALLACE_CSA_DUMMY_OP_groupi_g11441/ZN -       A1->ZN  R     OAI21D1         1  1.1    41    35    2583    (-,-) 
  gen_columns[29].gen_rows[7].pe_i_dut_WALLACE_CSA_DUMMY_OP_groupi_g11422/CO -       CI->CO  R     FA1D0           3  3.1    61   100    2684    (-,-) 
  gen_columns[29].gen_rows[7].pe_i_dut_WALLACE_CSA_DUMMY_OP_groupi_g11421/ZN -       I->ZN   F     CKND1           1  0.9    24    26    2710    (-,-) 
  gen_columns[29].gen_rows[7].pe_i_dut_WALLACE_CSA_DUMMY_OP_groupi_g2/Z      -       A1->Z   F     OA21D1          3  2.8    30    64    2773    (-,-) 
  gen_columns[29].gen_rows[7].pe_i_dut_WALLACE_CSA_DUMMY_OP_groupi_g11416/ZN -       A1->ZN  R     OAI21D1         1  1.1    42    37    2810    (-,-) 
  gen_columns[29].gen_rows[7].pe_i_dut_WALLACE_CSA_DUMMY_OP_groupi_g11415/CO -       CI->CO  R     FA1D0           1  1.1    34    82    2892    (-,-) 
  gen_columns[29].gen_rows[7].pe_i_dut_WALLACE_CSA_DUMMY_OP_groupi_g11414/CO -       CI->CO  R     FA1D0           1  1.1    34    80    2972    (-,-) 
  gen_columns[29].gen_rows[7].pe_i_dut_WALLACE_CSA_DUMMY_OP_groupi_g11413/CO -       CI->CO  R     FA1D0           3  2.8    57    95    3067    (-,-) 
  gen_columns[29].gen_rows[7].pe_i_dut_WALLACE_CSA_DUMMY_OP_groupi_g11411/ZN -       A1->ZN  R     IOA21D1         1  1.1    29    70    3137    (-,-) 
  gen_columns[29].gen_rows[7].pe_i_dut_WALLACE_CSA_DUMMY_OP_groupi_g11410/CO -       CI->CO  R     FA1D0           3  2.8    57    94    3231    (-,-) 
  gen_columns[29].gen_rows[7].pe_i_dut_WALLACE_CSA_DUMMY_OP_groupi_g11408/ZN -       A1->ZN  R     IOA21D1         1  1.1    29    70    3301    (-,-) 
  gen_columns[29].gen_rows[7].pe_i_dut_WALLACE_CSA_DUMMY_OP_groupi_g11407/CO -       CI->CO  R     FA1D0           3  3.1    61    96    3397    (-,-) 
  gen_columns[29].gen_rows[7].pe_i_dut_WALLACE_CSA_DUMMY_OP_groupi_g11405/Z  -       A1->Z   R     AO21D1          3  3.1    37    67    3464    (-,-) 
  gen_columns[29].gen_rows[7].pe_i_dut_WALLACE_CSA_DUMMY_OP_groupi_g11403/ZN -       A1->ZN  F     AOI21D1         3  2.8    45    39    3503    (-,-) 
  gen_columns[29].gen_rows[7].pe_i_dut_WALLACE_CSA_DUMMY_OP_groupi_g11401/ZN -       A1->ZN  R     OAI21D1         1  1.1    44    41    3544    (-,-) 
  gen_columns[29].gen_rows[7].pe_i_dut_WALLACE_CSA_DUMMY_OP_groupi_g11400/CO -       CI->CO  R     FA1D0           3  2.8    57    99    3643    (-,-) 
  gen_columns[29].gen_rows[7].pe_i_dut_WALLACE_CSA_DUMMY_OP_groupi_g11398/ZN -       A1->ZN  R     IOA21D1         1  1.1    29    70    3713    (-,-) 
  gen_columns[29].gen_rows[7].pe_i_dut_WALLACE_CSA_DUMMY_OP_groupi_g11397/CO -       CI->CO  R     FA1D0           3  3.1    61    96    3809    (-,-) 
  gen_columns[29].gen_rows[7].pe_i_dut_WALLACE_CSA_DUMMY_OP_groupi_g11395/ZN -       A1->ZN  F     AOI21D1         1  1.0    33    34    3842    (-,-) 
  gen_columns[29].gen_rows[7].pe_i_dut_WALLACE_CSA_DUMMY_OP_groupi_g11394/CO -       CI->CO  F     FA1D0           1  1.0    31    85    3928    (-,-) 
  gen_columns[29].gen_rows[7].pe_i_dut_WALLACE_CSA_DUMMY_OP_groupi_g11392/CO -       CI->CO  F     FA1D0           3  2.9    48   100    4027    (-,-) 
  gen_columns[29].gen_rows[7].pe_i_dut_WALLACE_CSA_DUMMY_OP_groupi_g11390/ZN -       A1->ZN  R     NR2D1           2  1.5    46    43    4071    (-,-) 
  gen_columns[29].gen_rows[7].pe_i_dut_WALLACE_CSA_DUMMY_OP_groupi_g11387/ZN -       A1->ZN  R     IOA21D1         3  3.1    57    77    4148    (-,-) 
  gen_columns[29].gen_rows[7].pe_i_dut_WALLACE_CSA_DUMMY_OP_groupi_g11384/ZN -       A1->ZN  F     AOI21D1         3  2.8    47    45    4193    (-,-) 
  gen_columns[29].gen_rows[7].pe_i_dut_WALLACE_CSA_DUMMY_OP_groupi_g11382/ZN -       A1->ZN  R     OAI21D1         3  2.9    71    58    4251    (-,-) 
  gen_columns[29].gen_rows[7].pe_i_dut_WALLACE_CSA_DUMMY_OP_groupi_g11381/ZN -       A1->ZN  R     INR2D1          2  1.5    48    72    4324    (-,-) 
  gen_columns[29].gen_rows[7].pe_i_dut_WALLACE_CSA_DUMMY_OP_groupi_g11378/ZN -       A1->ZN  R     IOA21D1         3  3.1    71    78    4401    (-,-) 
  gen_columns[29].gen_rows[7].pe_i_dut_WALLACE_CSA_DUMMY_OP_groupi_g11375/ZN -       A1->ZN  F     AOI21D1         3  2.8    50    48    4449    (-,-) 
  gen_columns[29].gen_rows[7].pe_i_dut_WALLACE_CSA_DUMMY_OP_groupi_g11373/ZN -       A1->ZN  R     OAI21D1         2  2.1    59    52    4501    (-,-) 
  gen_columns[29].gen_rows[7].pe_i_dut_WALLACE_CSA_DUMMY_OP_groupi_g11372/Z  -       A1->Z   R     AN3XD1          1  0.8    28    69    4570    (-,-) 
  gen_columns[29].gen_rows[7].pe_i_dut_g11639/ZN                             -       A1->ZN  R     IND2D1          4  4.9    71    63    4633    (-,-) 
  gen_columns[29].gen_rows[7].pe_i_dut_g11630/Z                              -       A1->Z   R     AN2XD1         36 36.0   297   208    4841    (-,-) 
  gen_columns[29].gen_rows[7].pe_i_dut_g11510/Z                              -       B1->Z   R     AO222D1         1  1.0    40   124    4965    (-,-) 
  gen_columns[29].gen_rows[7].pe_i_dut_mid_pipe_sum_q_reg[1][3]/D            -       -       R     DFCNQD1         1    -     -     0    4965    (-,-) 
#------------------------------------------------------------------------------------------------------------------------------------------------------

Capture clock path:
#------------------------------------------------------------------------------------------------------------------------------------------
#                          Timing Point                            Flags   Arc   Edge   Cell      Fanout Load Trans Delay Arrival Instance 
#                                                                                                        (fF)  (ps)  (ps)   (ps)  Location 
#------------------------------------------------------------------------------------------------------------------------------------------
  clk                                                              (i)     -     R     (arrival)  261922  0.0     0     0    5000    (-,-) 
  gen_columns[29].gen_rows[7].pe_i_dut_mid_pipe_sum_q_reg[1][3]/CP <<<     -     R     DFCNQD1    261922    -     0     0    5000    (-,-) 
#------------------------------------------------------------------------------------------------------------------------------------------



Path 19: MET (0 ps) Setup Check with Pin gen_columns[29].gen_rows[7].pe_i_dut_mid_pipe_sum_q_reg[1][4]/CP->D
          Group: clk
     Startpoint: (R) gen_columns[29].gen_rows[7].pe_i_dut_inp_pipe_operands_q_reg[1][0][8]/CP
          Clock: (R) clk
       Endpoint: (R) gen_columns[29].gen_rows[7].pe_i_dut_mid_pipe_sum_q_reg[1][4]/D
          Clock: (R) clk

                     Capture       Launch     
        Clock Edge:+    5000            0     
       Src Latency:+       0            0     
       Net Latency:+       0 (I)        0 (I) 
           Arrival:=    5000            0     
                                              
             Setup:-      35                  
     Required Time:=    4965                  
      Launch Clock:-       0                  
         Data Path:-    4965                  
             Slack:=       0                  

Launch clock path:
#--------------------------------------------------------------------------------------------------------------------------------------------------
#                              Timing Point                                Flags   Arc   Edge   Cell      Fanout Load Trans Delay Arrival Instance 
#                                                                                                                (fF)  (ps)  (ps)   (ps)  Location 
#--------------------------------------------------------------------------------------------------------------------------------------------------
  clk                                                                      (i)     -     R     (arrival)  261922  0.0     0     0       0    (-,-) 
  gen_columns[29].gen_rows[7].pe_i_dut_inp_pipe_operands_q_reg[1][0][8]/CP <<<     -     R     SDFCNQD1   261922    -     0     0       0    (-,-) 
#--------------------------------------------------------------------------------------------------------------------------------------------------

#------------------------------------------------------------------------------------------------------------------------------------------------------
#                               Timing Point                                 Flags    Arc    Edge   Cell      Fanout Load Trans Delay Arrival Instance 
#                                                                                                                    (fF)  (ps)  (ps)   (ps)  Location 
#------------------------------------------------------------------------------------------------------------------------------------------------------
  gen_columns[29].gen_rows[7].pe_i_dut_inp_pipe_operands_q_reg[1][0][8]/CP   -       -       R     (arrival)  261922    -     0     0       0    (-,-) 
  gen_columns[29].gen_rows[7].pe_i_dut_inp_pipe_operands_q_reg[1][0][8]/Q    -       CP->Q   R     SDFCNQD1       10 10.2    93   166     166    (-,-) 
  gen_columns[29].gen_rows[7].pe_i_dut_g15982/Z                              -       A1->Z   R     OR2D1           1  1.0    23    65     231    (-,-) 
  gen_columns[29].gen_rows[7].pe_i_dut_g15944/ZN                             -       A2->ZN  F     NR2XD0          1  0.9    24    25     256    (-,-) 
  gen_columns[29].gen_rows[7].pe_i_dut_g15924/ZN                             -       A1->ZN  R     CKND2D1         2  1.8    39    30     286    (-,-) 
  gen_columns[29].gen_rows[7].pe_i_dut_g16000/Z                              -       A1->Z   R     OR2D1           2  3.2    37    61     347    (-,-) 
  gen_columns[29].gen_rows[7].pe_i_dut_g15903/ZN                             -       A2->ZN  F     ND2D2           6  6.7    45    42     389    (-,-) 
  gen_columns[29].gen_rows[7].pe_i_dut_g15900/ZN                             -       I->ZN   R     CKND3           5  5.1    27    28     417    (-,-) 
  gen_columns[29].gen_rows[7].pe_i_dut_g15890/ZN                             -       B->ZN   F     IOA21D1         2  2.4    38    33     450    (-,-) 
  gen_columns[29].gen_rows[7].pe_i_dut_g15880/ZN                             -       A1->ZN  R     NR2XD1          2  1.8    29    29     479    (-,-) 
  gen_columns[29].gen_rows[7].pe_i_dut_g15869/ZN                             -       A1->ZN  R     IAO22D1         2  2.4    66    74     553    (-,-) 
  gen_columns[29].gen_rows[7].pe_i_dut_g15855/ZN                             -       A1->ZN  F     NR2XD1          2  1.8    29    32     585    (-,-) 
  gen_columns[29].gen_rows[7].pe_i_dut_g15999/ZN                             -       A1->ZN  F     IND2D1          2  1.9    35    62     647    (-,-) 
  gen_columns[29].gen_rows[7].pe_i_dut_g15825/ZN                             -       B1->ZN  F     MOAI22D1        4  3.7    62    75     722    (-,-) 
  gen_columns[29].gen_rows[7].pe_i_dut_g15804/ZN                             -       B1->ZN  F     MAOI22D1        3  3.1    52    77     799    (-,-) 
  gen_columns[29].gen_rows[7].pe_i_dut_g15782/ZN                             -       I->ZN   R     CKND1           1  1.0    25    27     826    (-,-) 
  gen_columns[29].gen_rows[7].pe_i_dut_g15772/ZN                             -       A1->ZN  F     AOI21D1         2  2.2    38    32     859    (-,-) 
  g87524/CO                                                                  -       CIN->CO R     FCICIND1        3  3.4    54   127     986    (-,-) 
  gen_columns[29].gen_rows[7].pe_i_dut_g15751/ZN                             -       I->ZN   F     INVD1           1  0.9    21    22    1008    (-,-) 
  gen_columns[29].gen_rows[7].pe_i_dut_g15739/ZN                             -       A1->ZN  R     OAI21D1         3  3.4    76    54    1063    (-,-) 
  g87522/CO                                                                  -       CIN->CO F     FCICIND1        1  1.0    37   116    1178    (-,-) 
  g87521/ZN                                                                  -       A1->ZN  R     ND2D1           5  4.8    58    45    1224    (-,-) 
  gen_columns[29].gen_rows[7].pe_i_dut_g15997/ZN                             -       A1->ZN  R     IND2D1          3  5.7    60    75    1298    (-,-) 
  gen_columns[29].gen_rows[7].pe_i_dut_g15718/ZN                             -       A1->ZN  F     CKND2D3         4  5.9    36    36    1334    (-,-) 
  gen_columns[29].gen_rows[7].pe_i_dut_g15711/ZN                             -       A1->ZN  R     NR2D1           1  2.8    64    52    1386    (-,-) 
  gen_columns[29].gen_rows[7].pe_i_dut_g15707/ZN                             -       A1->ZN  F     NR2XD2          7  6.9    37    38    1425    (-,-) 
  gen_columns[29].gen_rows[7].pe_i_dut_g15693/ZN                             -       A1->ZN  R     ND2D1           3  2.8    40    35    1460    (-,-) 
  gen_columns[29].gen_rows[7].pe_i_dut_g15687/ZN                             -       I->ZN   F     INVD1           7  6.8    47    42    1502    (-,-) 
  gen_columns[29].gen_rows[7].pe_i_dut_g15657/ZN                             -       A1->ZN  R     ND2D1           1  1.1    28    29    1531    (-,-) 
  gen_columns[29].gen_rows[7].pe_i_dut_g15641/ZN                             -       B->ZN   F     IOA21D1         1  0.8    23    23    1554    (-,-) 
  gen_columns[29].gen_rows[7].pe_i_dut_g15613/ZN                             -       A1->ZN  R     NR2XD0          2  2.0    47    38    1592    (-,-) 
  gen_columns[29].gen_rows[7].pe_i_dut_g15607/ZN                             -       A2->ZN  R     IAO22D2         4  3.8    31    70    1662    (-,-) 
  gen_columns[29].gen_rows[7].pe_i_dut_g15581/Z                              -       B1->Z   R     OA22D0          4  4.2    76   104    1766    (-,-) 
  gen_columns[29].gen_rows[7].pe_i_dut_g15529/ZN                             -       A4->ZN  F     ND4D1           1  0.9    67    67    1834    (-,-) 
  gen_columns[29].gen_rows[7].pe_i_dut_g15494/ZN                             -       A3->ZN  R     OAI31D1         1  1.0    72    62    1896    (-,-) 
  gen_columns[29].gen_rows[7].pe_i_dut_g15491/ZN                             -       A2->ZN  F     CKND2D1         2  1.4    35    39    1934    (-,-) 
  gen_columns[29].gen_rows[7].pe_i_dut_g15489/ZN                             -       A1->ZN  R     NR2XD0          2  2.1    67    43    1977    (-,-) 
  gen_columns[29].gen_rows[7].pe_i_dut_WALLACE_CSA_DUMMY_OP_groupi_g11876/ZN -       A1->ZN  F     ND2D1           3  2.8    48    47    2024    (-,-) 
  gen_columns[29].gen_rows[7].pe_i_dut_WALLACE_CSA_DUMMY_OP_groupi_g11760/ZN -       B1->ZN  R     INR2D1          4  4.1    85    68    2092    (-,-) 
  gen_columns[29].gen_rows[7].pe_i_dut_WALLACE_CSA_DUMMY_OP_groupi_g11621/ZN -       A1->ZN  F     AOI21D1         2  2.4    50    48    2139    (-,-) 
  gen_columns[29].gen_rows[7].pe_i_dut_WALLACE_CSA_DUMMY_OP_groupi_g11560/ZN -       A1->ZN  R     OAI21D1         1  1.1    45    42    2182    (-,-) 
  gen_columns[29].gen_rows[7].pe_i_dut_WALLACE_CSA_DUMMY_OP_groupi_g11502/CO -       CI->CO  R     FA1D0           1  1.1    34    83    2265    (-,-) 
  gen_columns[29].gen_rows[7].pe_i_dut_WALLACE_CSA_DUMMY_OP_groupi_g11480/CO -       CI->CO  R     FA1D0           1  1.1    34    80    2344    (-,-) 
  gen_columns[29].gen_rows[7].pe_i_dut_WALLACE_CSA_DUMMY_OP_groupi_g11465/CO -       CI->CO  R     FA1D0           1  1.1    34    80    2424    (-,-) 
  gen_columns[29].gen_rows[7].pe_i_dut_WALLACE_CSA_DUMMY_OP_groupi_g11446/CO -       CI->CO  R     FA1D0           3  3.1    61    98    2522    (-,-) 
  gen_columns[29].gen_rows[7].pe_i_dut_WALLACE_CSA_DUMMY_OP_groupi_g11445/ZN -       I->ZN   F     CKND1           1  0.9    24    26    2548    (-,-) 
  gen_columns[29].gen_rows[7].pe_i_dut_WALLACE_CSA_DUMMY_OP_groupi_g11441/ZN -       A1->ZN  R     OAI21D1         1  1.1    41    35    2583    (-,-) 
  gen_columns[29].gen_rows[7].pe_i_dut_WALLACE_CSA_DUMMY_OP_groupi_g11422/CO -       CI->CO  R     FA1D0           3  3.1    61   100    2684    (-,-) 
  gen_columns[29].gen_rows[7].pe_i_dut_WALLACE_CSA_DUMMY_OP_groupi_g11421/ZN -       I->ZN   F     CKND1           1  0.9    24    26    2710    (-,-) 
  gen_columns[29].gen_rows[7].pe_i_dut_WALLACE_CSA_DUMMY_OP_groupi_g2/Z      -       A1->Z   F     OA21D1          3  2.8    30    64    2773    (-,-) 
  gen_columns[29].gen_rows[7].pe_i_dut_WALLACE_CSA_DUMMY_OP_groupi_g11416/ZN -       A1->ZN  R     OAI21D1         1  1.1    42    37    2810    (-,-) 
  gen_columns[29].gen_rows[7].pe_i_dut_WALLACE_CSA_DUMMY_OP_groupi_g11415/CO -       CI->CO  R     FA1D0           1  1.1    34    82    2892    (-,-) 
  gen_columns[29].gen_rows[7].pe_i_dut_WALLACE_CSA_DUMMY_OP_groupi_g11414/CO -       CI->CO  R     FA1D0           1  1.1    34    80    2972    (-,-) 
  gen_columns[29].gen_rows[7].pe_i_dut_WALLACE_CSA_DUMMY_OP_groupi_g11413/CO -       CI->CO  R     FA1D0           3  2.8    57    95    3067    (-,-) 
  gen_columns[29].gen_rows[7].pe_i_dut_WALLACE_CSA_DUMMY_OP_groupi_g11411/ZN -       A1->ZN  R     IOA21D1         1  1.1    29    70    3137    (-,-) 
  gen_columns[29].gen_rows[7].pe_i_dut_WALLACE_CSA_DUMMY_OP_groupi_g11410/CO -       CI->CO  R     FA1D0           3  2.8    57    94    3231    (-,-) 
  gen_columns[29].gen_rows[7].pe_i_dut_WALLACE_CSA_DUMMY_OP_groupi_g11408/ZN -       A1->ZN  R     IOA21D1         1  1.1    29    70    3301    (-,-) 
  gen_columns[29].gen_rows[7].pe_i_dut_WALLACE_CSA_DUMMY_OP_groupi_g11407/CO -       CI->CO  R     FA1D0           3  3.1    61    96    3397    (-,-) 
  gen_columns[29].gen_rows[7].pe_i_dut_WALLACE_CSA_DUMMY_OP_groupi_g11405/Z  -       A1->Z   R     AO21D1          3  3.1    37    67    3464    (-,-) 
  gen_columns[29].gen_rows[7].pe_i_dut_WALLACE_CSA_DUMMY_OP_groupi_g11403/ZN -       A1->ZN  F     AOI21D1         3  2.8    45    39    3503    (-,-) 
  gen_columns[29].gen_rows[7].pe_i_dut_WALLACE_CSA_DUMMY_OP_groupi_g11401/ZN -       A1->ZN  R     OAI21D1         1  1.1    44    41    3544    (-,-) 
  gen_columns[29].gen_rows[7].pe_i_dut_WALLACE_CSA_DUMMY_OP_groupi_g11400/CO -       CI->CO  R     FA1D0           3  2.8    57    99    3643    (-,-) 
  gen_columns[29].gen_rows[7].pe_i_dut_WALLACE_CSA_DUMMY_OP_groupi_g11398/ZN -       A1->ZN  R     IOA21D1         1  1.1    29    70    3713    (-,-) 
  gen_columns[29].gen_rows[7].pe_i_dut_WALLACE_CSA_DUMMY_OP_groupi_g11397/CO -       CI->CO  R     FA1D0           3  3.1    61    96    3809    (-,-) 
  gen_columns[29].gen_rows[7].pe_i_dut_WALLACE_CSA_DUMMY_OP_groupi_g11395/ZN -       A1->ZN  F     AOI21D1         1  1.0    33    34    3842    (-,-) 
  gen_columns[29].gen_rows[7].pe_i_dut_WALLACE_CSA_DUMMY_OP_groupi_g11394/CO -       CI->CO  F     FA1D0           1  1.0    31    85    3928    (-,-) 
  gen_columns[29].gen_rows[7].pe_i_dut_WALLACE_CSA_DUMMY_OP_groupi_g11392/CO -       CI->CO  F     FA1D0           3  2.9    48   100    4027    (-,-) 
  gen_columns[29].gen_rows[7].pe_i_dut_WALLACE_CSA_DUMMY_OP_groupi_g11390/ZN -       A1->ZN  R     NR2D1           2  1.5    46    43    4071    (-,-) 
  gen_columns[29].gen_rows[7].pe_i_dut_WALLACE_CSA_DUMMY_OP_groupi_g11387/ZN -       A1->ZN  R     IOA21D1         3  3.1    57    77    4148    (-,-) 
  gen_columns[29].gen_rows[7].pe_i_dut_WALLACE_CSA_DUMMY_OP_groupi_g11384/ZN -       A1->ZN  F     AOI21D1         3  2.8    47    45    4193    (-,-) 
  gen_columns[29].gen_rows[7].pe_i_dut_WALLACE_CSA_DUMMY_OP_groupi_g11382/ZN -       A1->ZN  R     OAI21D1         3  2.9    71    58    4251    (-,-) 
  gen_columns[29].gen_rows[7].pe_i_dut_WALLACE_CSA_DUMMY_OP_groupi_g11381/ZN -       A1->ZN  R     INR2D1          2  1.5    48    72    4324    (-,-) 
  gen_columns[29].gen_rows[7].pe_i_dut_WALLACE_CSA_DUMMY_OP_groupi_g11378/ZN -       A1->ZN  R     IOA21D1         3  3.1    71    78    4401    (-,-) 
  gen_columns[29].gen_rows[7].pe_i_dut_WALLACE_CSA_DUMMY_OP_groupi_g11375/ZN -       A1->ZN  F     AOI21D1         3  2.8    50    48    4449    (-,-) 
  gen_columns[29].gen_rows[7].pe_i_dut_WALLACE_CSA_DUMMY_OP_groupi_g11373/ZN -       A1->ZN  R     OAI21D1         2  2.1    59    52    4501    (-,-) 
  gen_columns[29].gen_rows[7].pe_i_dut_WALLACE_CSA_DUMMY_OP_groupi_g11372/Z  -       A1->Z   R     AN3XD1          1  0.8    28    69    4570    (-,-) 
  gen_columns[29].gen_rows[7].pe_i_dut_g11639/ZN                             -       A1->ZN  R     IND2D1          4  4.9    71    63    4633    (-,-) 
  gen_columns[29].gen_rows[7].pe_i_dut_g11630/Z                              -       A1->Z   R     AN2XD1         36 36.0   297   208    4841    (-,-) 
  gen_columns[29].gen_rows[7].pe_i_dut_g11511/Z                              -       B1->Z   R     AO222D1         1  1.0    40   124    4965    (-,-) 
  gen_columns[29].gen_rows[7].pe_i_dut_mid_pipe_sum_q_reg[1][4]/D            -       -       R     DFCNQD1         1    -     -     0    4965    (-,-) 
#------------------------------------------------------------------------------------------------------------------------------------------------------

Capture clock path:
#------------------------------------------------------------------------------------------------------------------------------------------
#                          Timing Point                            Flags   Arc   Edge   Cell      Fanout Load Trans Delay Arrival Instance 
#                                                                                                        (fF)  (ps)  (ps)   (ps)  Location 
#------------------------------------------------------------------------------------------------------------------------------------------
  clk                                                              (i)     -     R     (arrival)  261922  0.0     0     0    5000    (-,-) 
  gen_columns[29].gen_rows[7].pe_i_dut_mid_pipe_sum_q_reg[1][4]/CP <<<     -     R     DFCNQD1    261922    -     0     0    5000    (-,-) 
#------------------------------------------------------------------------------------------------------------------------------------------



Path 20: MET (0 ps) Setup Check with Pin gen_columns[29].gen_rows[7].pe_i_dut_mid_pipe_sum_q_reg[1][6]/CP->D
          Group: clk
     Startpoint: (R) gen_columns[29].gen_rows[7].pe_i_dut_inp_pipe_operands_q_reg[1][0][8]/CP
          Clock: (R) clk
       Endpoint: (R) gen_columns[29].gen_rows[7].pe_i_dut_mid_pipe_sum_q_reg[1][6]/D
          Clock: (R) clk

                     Capture       Launch     
        Clock Edge:+    5000            0     
       Src Latency:+       0            0     
       Net Latency:+       0 (I)        0 (I) 
           Arrival:=    5000            0     
                                              
             Setup:-      35                  
     Required Time:=    4965                  
      Launch Clock:-       0                  
         Data Path:-    4965                  
             Slack:=       0                  

Launch clock path:
#--------------------------------------------------------------------------------------------------------------------------------------------------
#                              Timing Point                                Flags   Arc   Edge   Cell      Fanout Load Trans Delay Arrival Instance 
#                                                                                                                (fF)  (ps)  (ps)   (ps)  Location 
#--------------------------------------------------------------------------------------------------------------------------------------------------
  clk                                                                      (i)     -     R     (arrival)  261922  0.0     0     0       0    (-,-) 
  gen_columns[29].gen_rows[7].pe_i_dut_inp_pipe_operands_q_reg[1][0][8]/CP <<<     -     R     SDFCNQD1   261922    -     0     0       0    (-,-) 
#--------------------------------------------------------------------------------------------------------------------------------------------------

#------------------------------------------------------------------------------------------------------------------------------------------------------
#                               Timing Point                                 Flags    Arc    Edge   Cell      Fanout Load Trans Delay Arrival Instance 
#                                                                                                                    (fF)  (ps)  (ps)   (ps)  Location 
#------------------------------------------------------------------------------------------------------------------------------------------------------
  gen_columns[29].gen_rows[7].pe_i_dut_inp_pipe_operands_q_reg[1][0][8]/CP   -       -       R     (arrival)  261922    -     0     0       0    (-,-) 
  gen_columns[29].gen_rows[7].pe_i_dut_inp_pipe_operands_q_reg[1][0][8]/Q    -       CP->Q   R     SDFCNQD1       10 10.2    93   166     166    (-,-) 
  gen_columns[29].gen_rows[7].pe_i_dut_g15982/Z                              -       A1->Z   R     OR2D1           1  1.0    23    65     231    (-,-) 
  gen_columns[29].gen_rows[7].pe_i_dut_g15944/ZN                             -       A2->ZN  F     NR2XD0          1  0.9    24    25     256    (-,-) 
  gen_columns[29].gen_rows[7].pe_i_dut_g15924/ZN                             -       A1->ZN  R     CKND2D1         2  1.8    39    30     286    (-,-) 
  gen_columns[29].gen_rows[7].pe_i_dut_g16000/Z                              -       A1->Z   R     OR2D1           2  3.2    37    61     347    (-,-) 
  gen_columns[29].gen_rows[7].pe_i_dut_g15903/ZN                             -       A2->ZN  F     ND2D2           6  6.7    45    42     389    (-,-) 
  gen_columns[29].gen_rows[7].pe_i_dut_g15900/ZN                             -       I->ZN   R     CKND3           5  5.1    27    28     417    (-,-) 
  gen_columns[29].gen_rows[7].pe_i_dut_g15890/ZN                             -       B->ZN   F     IOA21D1         2  2.4    38    33     450    (-,-) 
  gen_columns[29].gen_rows[7].pe_i_dut_g15880/ZN                             -       A1->ZN  R     NR2XD1          2  1.8    29    29     479    (-,-) 
  gen_columns[29].gen_rows[7].pe_i_dut_g15869/ZN                             -       A1->ZN  R     IAO22D1         2  2.4    66    74     553    (-,-) 
  gen_columns[29].gen_rows[7].pe_i_dut_g15855/ZN                             -       A1->ZN  F     NR2XD1          2  1.8    29    32     585    (-,-) 
  gen_columns[29].gen_rows[7].pe_i_dut_g15999/ZN                             -       A1->ZN  F     IND2D1          2  1.9    35    62     647    (-,-) 
  gen_columns[29].gen_rows[7].pe_i_dut_g15825/ZN                             -       B1->ZN  F     MOAI22D1        4  3.7    62    75     722    (-,-) 
  gen_columns[29].gen_rows[7].pe_i_dut_g15804/ZN                             -       B1->ZN  F     MAOI22D1        3  3.1    52    77     799    (-,-) 
  gen_columns[29].gen_rows[7].pe_i_dut_g15782/ZN                             -       I->ZN   R     CKND1           1  1.0    25    27     826    (-,-) 
  gen_columns[29].gen_rows[7].pe_i_dut_g15772/ZN                             -       A1->ZN  F     AOI21D1         2  2.2    38    32     859    (-,-) 
  g87524/CO                                                                  -       CIN->CO R     FCICIND1        3  3.4    54   127     986    (-,-) 
  gen_columns[29].gen_rows[7].pe_i_dut_g15751/ZN                             -       I->ZN   F     INVD1           1  0.9    21    22    1008    (-,-) 
  gen_columns[29].gen_rows[7].pe_i_dut_g15739/ZN                             -       A1->ZN  R     OAI21D1         3  3.4    76    54    1063    (-,-) 
  g87522/CO                                                                  -       CIN->CO F     FCICIND1        1  1.0    37   116    1178    (-,-) 
  g87521/ZN                                                                  -       A1->ZN  R     ND2D1           5  4.8    58    45    1224    (-,-) 
  gen_columns[29].gen_rows[7].pe_i_dut_g15997/ZN                             -       A1->ZN  R     IND2D1          3  5.7    60    75    1298    (-,-) 
  gen_columns[29].gen_rows[7].pe_i_dut_g15718/ZN                             -       A1->ZN  F     CKND2D3         4  5.9    36    36    1334    (-,-) 
  gen_columns[29].gen_rows[7].pe_i_dut_g15711/ZN                             -       A1->ZN  R     NR2D1           1  2.8    64    52    1386    (-,-) 
  gen_columns[29].gen_rows[7].pe_i_dut_g15707/ZN                             -       A1->ZN  F     NR2XD2          7  6.9    37    38    1425    (-,-) 
  gen_columns[29].gen_rows[7].pe_i_dut_g15693/ZN                             -       A1->ZN  R     ND2D1           3  2.8    40    35    1460    (-,-) 
  gen_columns[29].gen_rows[7].pe_i_dut_g15687/ZN                             -       I->ZN   F     INVD1           7  6.8    47    42    1502    (-,-) 
  gen_columns[29].gen_rows[7].pe_i_dut_g15657/ZN                             -       A1->ZN  R     ND2D1           1  1.1    28    29    1531    (-,-) 
  gen_columns[29].gen_rows[7].pe_i_dut_g15641/ZN                             -       B->ZN   F     IOA21D1         1  0.8    23    23    1554    (-,-) 
  gen_columns[29].gen_rows[7].pe_i_dut_g15613/ZN                             -       A1->ZN  R     NR2XD0          2  2.0    47    38    1592    (-,-) 
  gen_columns[29].gen_rows[7].pe_i_dut_g15607/ZN                             -       A2->ZN  R     IAO22D2         4  3.8    31    70    1662    (-,-) 
  gen_columns[29].gen_rows[7].pe_i_dut_g15581/Z                              -       B1->Z   R     OA22D0          4  4.2    76   104    1766    (-,-) 
  gen_columns[29].gen_rows[7].pe_i_dut_g15529/ZN                             -       A4->ZN  F     ND4D1           1  0.9    67    67    1834    (-,-) 
  gen_columns[29].gen_rows[7].pe_i_dut_g15494/ZN                             -       A3->ZN  R     OAI31D1         1  1.0    72    62    1896    (-,-) 
  gen_columns[29].gen_rows[7].pe_i_dut_g15491/ZN                             -       A2->ZN  F     CKND2D1         2  1.4    35    39    1934    (-,-) 
  gen_columns[29].gen_rows[7].pe_i_dut_g15489/ZN                             -       A1->ZN  R     NR2XD0          2  2.1    67    43    1977    (-,-) 
  gen_columns[29].gen_rows[7].pe_i_dut_WALLACE_CSA_DUMMY_OP_groupi_g11876/ZN -       A1->ZN  F     ND2D1           3  2.8    48    47    2024    (-,-) 
  gen_columns[29].gen_rows[7].pe_i_dut_WALLACE_CSA_DUMMY_OP_groupi_g11760/ZN -       B1->ZN  R     INR2D1          4  4.1    85    68    2092    (-,-) 
  gen_columns[29].gen_rows[7].pe_i_dut_WALLACE_CSA_DUMMY_OP_groupi_g11621/ZN -       A1->ZN  F     AOI21D1         2  2.4    50    48    2139    (-,-) 
  gen_columns[29].gen_rows[7].pe_i_dut_WALLACE_CSA_DUMMY_OP_groupi_g11560/ZN -       A1->ZN  R     OAI21D1         1  1.1    45    42    2182    (-,-) 
  gen_columns[29].gen_rows[7].pe_i_dut_WALLACE_CSA_DUMMY_OP_groupi_g11502/CO -       CI->CO  R     FA1D0           1  1.1    34    83    2265    (-,-) 
  gen_columns[29].gen_rows[7].pe_i_dut_WALLACE_CSA_DUMMY_OP_groupi_g11480/CO -       CI->CO  R     FA1D0           1  1.1    34    80    2344    (-,-) 
  gen_columns[29].gen_rows[7].pe_i_dut_WALLACE_CSA_DUMMY_OP_groupi_g11465/CO -       CI->CO  R     FA1D0           1  1.1    34    80    2424    (-,-) 
  gen_columns[29].gen_rows[7].pe_i_dut_WALLACE_CSA_DUMMY_OP_groupi_g11446/CO -       CI->CO  R     FA1D0           3  3.1    61    98    2522    (-,-) 
  gen_columns[29].gen_rows[7].pe_i_dut_WALLACE_CSA_DUMMY_OP_groupi_g11445/ZN -       I->ZN   F     CKND1           1  0.9    24    26    2548    (-,-) 
  gen_columns[29].gen_rows[7].pe_i_dut_WALLACE_CSA_DUMMY_OP_groupi_g11441/ZN -       A1->ZN  R     OAI21D1         1  1.1    41    35    2583    (-,-) 
  gen_columns[29].gen_rows[7].pe_i_dut_WALLACE_CSA_DUMMY_OP_groupi_g11422/CO -       CI->CO  R     FA1D0           3  3.1    61   100    2684    (-,-) 
  gen_columns[29].gen_rows[7].pe_i_dut_WALLACE_CSA_DUMMY_OP_groupi_g11421/ZN -       I->ZN   F     CKND1           1  0.9    24    26    2710    (-,-) 
  gen_columns[29].gen_rows[7].pe_i_dut_WALLACE_CSA_DUMMY_OP_groupi_g2/Z      -       A1->Z   F     OA21D1          3  2.8    30    64    2773    (-,-) 
  gen_columns[29].gen_rows[7].pe_i_dut_WALLACE_CSA_DUMMY_OP_groupi_g11416/ZN -       A1->ZN  R     OAI21D1         1  1.1    42    37    2810    (-,-) 
  gen_columns[29].gen_rows[7].pe_i_dut_WALLACE_CSA_DUMMY_OP_groupi_g11415/CO -       CI->CO  R     FA1D0           1  1.1    34    82    2892    (-,-) 
  gen_columns[29].gen_rows[7].pe_i_dut_WALLACE_CSA_DUMMY_OP_groupi_g11414/CO -       CI->CO  R     FA1D0           1  1.1    34    80    2972    (-,-) 
  gen_columns[29].gen_rows[7].pe_i_dut_WALLACE_CSA_DUMMY_OP_groupi_g11413/CO -       CI->CO  R     FA1D0           3  2.8    57    95    3067    (-,-) 
  gen_columns[29].gen_rows[7].pe_i_dut_WALLACE_CSA_DUMMY_OP_groupi_g11411/ZN -       A1->ZN  R     IOA21D1         1  1.1    29    70    3137    (-,-) 
  gen_columns[29].gen_rows[7].pe_i_dut_WALLACE_CSA_DUMMY_OP_groupi_g11410/CO -       CI->CO  R     FA1D0           3  2.8    57    94    3231    (-,-) 
  gen_columns[29].gen_rows[7].pe_i_dut_WALLACE_CSA_DUMMY_OP_groupi_g11408/ZN -       A1->ZN  R     IOA21D1         1  1.1    29    70    3301    (-,-) 
  gen_columns[29].gen_rows[7].pe_i_dut_WALLACE_CSA_DUMMY_OP_groupi_g11407/CO -       CI->CO  R     FA1D0           3  3.1    61    96    3397    (-,-) 
  gen_columns[29].gen_rows[7].pe_i_dut_WALLACE_CSA_DUMMY_OP_groupi_g11405/Z  -       A1->Z   R     AO21D1          3  3.1    37    67    3464    (-,-) 
  gen_columns[29].gen_rows[7].pe_i_dut_WALLACE_CSA_DUMMY_OP_groupi_g11403/ZN -       A1->ZN  F     AOI21D1         3  2.8    45    39    3503    (-,-) 
  gen_columns[29].gen_rows[7].pe_i_dut_WALLACE_CSA_DUMMY_OP_groupi_g11401/ZN -       A1->ZN  R     OAI21D1         1  1.1    44    41    3544    (-,-) 
  gen_columns[29].gen_rows[7].pe_i_dut_WALLACE_CSA_DUMMY_OP_groupi_g11400/CO -       CI->CO  R     FA1D0           3  2.8    57    99    3643    (-,-) 
  gen_columns[29].gen_rows[7].pe_i_dut_WALLACE_CSA_DUMMY_OP_groupi_g11398/ZN -       A1->ZN  R     IOA21D1         1  1.1    29    70    3713    (-,-) 
  gen_columns[29].gen_rows[7].pe_i_dut_WALLACE_CSA_DUMMY_OP_groupi_g11397/CO -       CI->CO  R     FA1D0           3  3.1    61    96    3809    (-,-) 
  gen_columns[29].gen_rows[7].pe_i_dut_WALLACE_CSA_DUMMY_OP_groupi_g11395/ZN -       A1->ZN  F     AOI21D1         1  1.0    33    34    3842    (-,-) 
  gen_columns[29].gen_rows[7].pe_i_dut_WALLACE_CSA_DUMMY_OP_groupi_g11394/CO -       CI->CO  F     FA1D0           1  1.0    31    85    3928    (-,-) 
  gen_columns[29].gen_rows[7].pe_i_dut_WALLACE_CSA_DUMMY_OP_groupi_g11392/CO -       CI->CO  F     FA1D0           3  2.9    48   100    4027    (-,-) 
  gen_columns[29].gen_rows[7].pe_i_dut_WALLACE_CSA_DUMMY_OP_groupi_g11390/ZN -       A1->ZN  R     NR2D1           2  1.5    46    43    4071    (-,-) 
  gen_columns[29].gen_rows[7].pe_i_dut_WALLACE_CSA_DUMMY_OP_groupi_g11387/ZN -       A1->ZN  R     IOA21D1         3  3.1    57    77    4148    (-,-) 
  gen_columns[29].gen_rows[7].pe_i_dut_WALLACE_CSA_DUMMY_OP_groupi_g11384/ZN -       A1->ZN  F     AOI21D1         3  2.8    47    45    4193    (-,-) 
  gen_columns[29].gen_rows[7].pe_i_dut_WALLACE_CSA_DUMMY_OP_groupi_g11382/ZN -       A1->ZN  R     OAI21D1         3  2.9    71    58    4251    (-,-) 
  gen_columns[29].gen_rows[7].pe_i_dut_WALLACE_CSA_DUMMY_OP_groupi_g11381/ZN -       A1->ZN  R     INR2D1          2  1.5    48    72    4324    (-,-) 
  gen_columns[29].gen_rows[7].pe_i_dut_WALLACE_CSA_DUMMY_OP_groupi_g11378/ZN -       A1->ZN  R     IOA21D1         3  3.1    71    78    4401    (-,-) 
  gen_columns[29].gen_rows[7].pe_i_dut_WALLACE_CSA_DUMMY_OP_groupi_g11375/ZN -       A1->ZN  F     AOI21D1         3  2.8    50    48    4449    (-,-) 
  gen_columns[29].gen_rows[7].pe_i_dut_WALLACE_CSA_DUMMY_OP_groupi_g11373/ZN -       A1->ZN  R     OAI21D1         2  2.1    59    52    4501    (-,-) 
  gen_columns[29].gen_rows[7].pe_i_dut_WALLACE_CSA_DUMMY_OP_groupi_g11372/Z  -       A1->Z   R     AN3XD1          1  0.8    28    69    4570    (-,-) 
  gen_columns[29].gen_rows[7].pe_i_dut_g11639/ZN                             -       A1->ZN  R     IND2D1          4  4.9    71    63    4633    (-,-) 
  gen_columns[29].gen_rows[7].pe_i_dut_g11630/Z                              -       A1->Z   R     AN2XD1         36 36.0   297   208    4841    (-,-) 
  gen_columns[29].gen_rows[7].pe_i_dut_g11513/Z                              -       B1->Z   R     AO222D1         1  1.0    40   124    4965    (-,-) 
  gen_columns[29].gen_rows[7].pe_i_dut_mid_pipe_sum_q_reg[1][6]/D            -       -       R     DFCNQD1         1    -     -     0    4965    (-,-) 
#------------------------------------------------------------------------------------------------------------------------------------------------------

Capture clock path:
#------------------------------------------------------------------------------------------------------------------------------------------
#                          Timing Point                            Flags   Arc   Edge   Cell      Fanout Load Trans Delay Arrival Instance 
#                                                                                                        (fF)  (ps)  (ps)   (ps)  Location 
#------------------------------------------------------------------------------------------------------------------------------------------
  clk                                                              (i)     -     R     (arrival)  261922  0.0     0     0    5000    (-,-) 
  gen_columns[29].gen_rows[7].pe_i_dut_mid_pipe_sum_q_reg[1][6]/CP <<<     -     R     DFCNQD1    261922    -     0     0    5000    (-,-) 
#------------------------------------------------------------------------------------------------------------------------------------------

