============================================================
  Generated by:           Genus(TM) Synthesis Solution 23.15-s099_1
  Generated on:           Aug 23 2026  11:35:42 pm
  Module:                 accelerator_eyerissv3_int16_ROWS8_COLS32
  Operating conditions:   NCCOM (balanced_tree)
  Wireload mode:          segmented
  Area mode:              timing library
============================================================


Path 1: MET (1 ps) Setup Check with Pin gen_rows[0].gen_cols[25].pe_i_dut_acc_out_reg[47]/CP->D
          Group: clk
     Startpoint: (R) gen_rows[0].gen_cols[24].pe_i_dut_data_out_reg[2]/CP
          Clock: (R) clk
       Endpoint: (R) gen_rows[0].gen_cols[25].pe_i_dut_acc_out_reg[47]/D
          Clock: (R) clk

                     Capture       Launch     
        Clock Edge:+    5000            0     
       Src Latency:+       0            0     
       Net Latency:+       0 (I)        0 (I) 
           Arrival:=    5000            0     
                                              
             Setup:-      43                  
     Required Time:=    4957                  
      Launch Clock:-       0                  
         Data Path:-    4956                  
             Slack:=       1                  

Launch clock path:
#------------------------------------------------------------------------------------------------------------------------------
#                    Timing Point                      Flags   Arc   Edge   Cell      Fanout Load Trans Delay Arrival Instance 
#                                                                                            (fF)  (ps)  (ps)   (ps)  Location 
#------------------------------------------------------------------------------------------------------------------------------
  clk                                                  (i)     -     R     (arrival)  251421  0.0     0     0       0    (-,-) 
  gen_rows[0].gen_cols[24].pe_i_dut_data_out_reg[2]/CP <<<     -     R     DFCND1     251421    -     0     0       0    (-,-) 
#------------------------------------------------------------------------------------------------------------------------------

#----------------------------------------------------------------------------------------------------------------------------------------------------
#                               Timing Point                                Flags    Arc   Edge   Cell      Fanout Load Trans Delay Arrival Instance 
#                                                                                                                  (fF)  (ps)  (ps)   (ps)  Location 
#----------------------------------------------------------------------------------------------------------------------------------------------------
  gen_rows[0].gen_cols[24].pe_i_dut_data_out_reg[2]/CP                      -       -      R     (arrival)  251421    -     0     0       0    (-,-) 
  gen_rows[0].gen_cols[24].pe_i_dut_data_out_reg[2]/QN                      -       CP->QN R     DFCND1         40 44.9   368   366     366    (-,-) 
  gen_rows[0].gen_cols[25].pe_i_dut_csa_tree_ADD_TC_OP_groupi_g3718/Z       -       A2->Z  R     OR2XD1          2  2.0    35    88     454    (-,-) 
  gen_rows[0].gen_cols[25].pe_i_dut_csa_tree_ADD_TC_OP_groupi_g3683/ZN      -       B->ZN  F     IOA21D1         2  1.7    34    31     485    (-,-) 
  gen_rows[0].gen_cols[25].pe_i_dut_csa_tree_ADD_TC_OP_groupi_g3763/ZN      -       A1->ZN F     IND2D1         16 14.3   154   132     617    (-,-) 
  gen_rows[0].gen_cols[25].pe_i_dut_csa_tree_ADD_TC_OP_groupi_g3553/ZN      -       A2->ZN R     AOI21D1         2  2.1    83    83     700    (-,-) 
  gen_rows[0].gen_cols[25].pe_i_dut_csa_tree_ADD_TC_OP_groupi_g3489/ZN      -       A1->ZN F     MOAI22D1        1  1.9   102    44     744    (-,-) 
  gen_rows[0].gen_cols[25].pe_i_dut_csa_tree_ADD_TC_OP_groupi_cdnfadd/CO    -       B->CO  F     FA1D0           1  1.0    32   146     890    (-,-) 
  gen_rows[0].gen_cols[25].pe_i_dut_csa_tree_ADD_TC_OP_groupi_cdnfadd1/CO   -       CI->CO F     FA1D0           1  1.0    31    85     975    (-,-) 
  gen_rows[0].gen_cols[25].pe_i_dut_csa_tree_ADD_TC_OP_groupi_cdnfadd2/CO   -       CI->CO F     FA1D0           1  1.0    31    84    1059    (-,-) 
  gen_rows[0].gen_cols[25].pe_i_dut_csa_tree_ADD_TC_OP_groupi_cdnfadd3/CO   -       CI->CO F     FA1D0           1  1.0    31    84    1144    (-,-) 
  gen_rows[0].gen_cols[25].pe_i_dut_csa_tree_ADD_TC_OP_groupi_cdnfadd4/CO   -       CI->CO F     FA1D0           1  1.0    31    84    1228    (-,-) 
  gen_rows[0].gen_cols[25].pe_i_dut_csa_tree_ADD_TC_OP_groupi_cdnfadd5/CO   -       CI->CO F     FA1D0           1  1.9    40    92    1321    (-,-) 
  g348542/CO                                                                -       D->CO  F     CMPE42D1        1  1.0    28   121    1442    (-,-) 
  gen_rows[0].gen_cols[25].pe_i_dut_csa_tree_ADD_TC_OP_groupi_cdnfadd7/CO   -       CI->CO F     FA1D0           1  1.0    31    83    1525    (-,-) 
  gen_rows[0].gen_cols[25].pe_i_dut_csa_tree_ADD_TC_OP_groupi_cdnfadd8/CO   -       CI->CO F     FA1D0           1  1.0    31    84    1609    (-,-) 
  gen_rows[0].gen_cols[25].pe_i_dut_csa_tree_ADD_TC_OP_groupi_cdnfadd9/CO   -       CI->CO F     FA1D0           1  1.0    31    84    1694    (-,-) 
  gen_rows[0].gen_cols[25].pe_i_dut_csa_tree_ADD_TC_OP_groupi_cdnfadd10/CO  -       CI->CO F     FA1D0           1  1.0    31    84    1778    (-,-) 
  gen_rows[0].gen_cols[25].pe_i_dut_csa_tree_ADD_TC_OP_groupi_cdnfadd11/CO  -       CI->CO F     FA1D0           1  1.0    31    84    1863    (-,-) 
  gen_rows[0].gen_cols[25].pe_i_dut_csa_tree_ADD_TC_OP_groupi_cdnfadd12/CO  -       CI->CO F     FA1D0           1  1.0    31    84    1947    (-,-) 
  gen_rows[0].gen_cols[25].pe_i_dut_csa_tree_ADD_TC_OP_groupi_cdnfadd13/CO  -       CI->CO F     FA1D0           1  1.0    31    84    2032    (-,-) 
  gen_rows[0].gen_cols[25].pe_i_dut_csa_tree_ADD_TC_OP_groupi_cdnfadd14/CO  -       CI->CO F     FA1D0           1  1.0    31    84    2116    (-,-) 
  gen_rows[0].gen_cols[25].pe_i_dut_csa_tree_ADD_TC_OP_groupi_cdnfadd15/CO  -       CI->CO F     FA1D0           1  1.0    31    84    2201    (-,-) 
  gen_rows[0].gen_cols[25].pe_i_dut_csa_tree_ADD_TC_OP_groupi_cdnfadd16/CO  -       CI->CO F     FA1D0           1  1.0    31    84    2285    (-,-) 
  gen_rows[0].gen_cols[25].pe_i_dut_csa_tree_ADD_TC_OP_groupi_cdnfadd17/CO  -       CI->CO F     FA1D0           1  1.0    31    84    2370    (-,-) 
  gen_rows[0].gen_cols[25].pe_i_dut_csa_tree_ADD_TC_OP_groupi_cdnfadd18/CO  -       CI->CO F     FA1D0           1  1.0    31    84    2454    (-,-) 
  gen_rows[0].gen_cols[25].pe_i_dut_csa_tree_ADD_TC_OP_groupi_cdnfadd19/CO  -       CI->CO F     FA1D0           1  1.0    31    84    2539    (-,-) 
  gen_rows[0].gen_cols[25].pe_i_dut_csa_tree_ADD_TC_OP_groupi_cdnfadd20/CO  -       CI->CO F     FA1D0           1  1.0    31    84    2623    (-,-) 
  gen_rows[0].gen_cols[25].pe_i_dut_csa_tree_ADD_TC_OP_groupi_cdnfadd21/CO  -       CI->CO F     FA1D0           1  1.0    31    84    2708    (-,-) 
  gen_rows[0].gen_cols[25].pe_i_dut_csa_tree_ADD_TC_OP_groupi_cdnfadd22/CO  -       CI->CO F     FA1D0           1  1.0    31    84    2792    (-,-) 
  gen_rows[0].gen_cols[25].pe_i_dut_csa_tree_ADD_TC_OP_groupi_cdnfadd23/CO  -       CI->CO F     FA1D0           1  1.0    31    84    2877    (-,-) 
  gen_rows[0].gen_cols[25].pe_i_dut_csa_tree_ADD_TC_OP_groupi_cdnfadd24/CO  -       CI->CO F     FA1D0           1  1.0    31    84    2961    (-,-) 
  gen_rows[0].gen_cols[25].pe_i_dut_csa_tree_ADD_TC_OP_groupi_cdnfadd25/CO  -       CI->CO F     FA1D0           1  1.0    31    84    3046    (-,-) 
  gen_rows[0].gen_cols[25].pe_i_dut_csa_tree_ADD_TC_OP_groupi_cdnfadd26/CO  -       CI->CO F     FA1D0           1  1.0    31    84    3130    (-,-) 
  gen_rows[0].gen_cols[25].pe_i_dut_csa_tree_ADD_TC_OP_groupi_cdnfadd27/CO  -       CI->CO F     FA1D0           1  1.0    31    84    3215    (-,-) 
  gen_rows[0].gen_cols[25].pe_i_dut_csa_tree_ADD_TC_OP_groupi_cdnfadd28/CO  -       CI->CO F     FA1D0           1  1.0    31    84    3299    (-,-) 
  gen_rows[0].gen_cols[25].pe_i_dut_csa_tree_ADD_TC_OP_groupi_cdnfadd29/CO  -       CI->CO F     FA1D0           1  1.9    40    92    3392    (-,-) 
  g348518/CO                                                                -       D->CO  F     CMPE42D1        1  1.0    26   121    3513    (-,-) 
  gen_rows[0].gen_cols[25].pe_i_dut_csa_tree_ADD_TC_OP_groupi_cdnfadd31/CO  -       CI->CO F     FA1D0           1  1.0    31    83    3596    (-,-) 
  gen_rows[0].gen_cols[25].pe_i_dut_csa_tree_ADD_TC_OP_groupi_cdnfadd32/CO  -       CI->CO F     FA1D0           1  1.0    31    84    3680    (-,-) 
  gen_rows[0].gen_cols[25].pe_i_dut_csa_tree_ADD_TC_OP_groupi_cdnfadd33/CO  -       CI->CO F     FA1D0           1  1.0    31    84    3765    (-,-) 
  gen_rows[0].gen_cols[25].pe_i_dut_csa_tree_ADD_TC_OP_groupi_cdnfadd34/CO  -       CI->CO F     FA1D0           1  1.0    31    84    3849    (-,-) 
  gen_rows[0].gen_cols[25].pe_i_dut_csa_tree_ADD_TC_OP_groupi_cdnfadd35/CO  -       CI->CO F     FA1D0           1  1.0    31    84    3934    (-,-) 
  gen_rows[0].gen_cols[25].pe_i_dut_csa_tree_ADD_TC_OP_groupi_cdnfadd36/CO  -       CI->CO F     FA1D0           1  1.0    31    84    4018    (-,-) 
  gen_rows[0].gen_cols[25].pe_i_dut_csa_tree_ADD_TC_OP_groupi_cdnfadd37/CO  -       CI->CO F     FA1D0           1  1.0    31    84    4103    (-,-) 
  gen_rows[0].gen_cols[25].pe_i_dut_csa_tree_ADD_TC_OP_groupi_cdnfadd38/CO  -       CI->CO F     FA1D0           1  1.0    31    84    4187    (-,-) 
  gen_rows[0].gen_cols[25].pe_i_dut_csa_tree_ADD_TC_OP_groupi_cdnfadd39/CO  -       CI->CO F     FA1D0           1  1.0    31    84    4272    (-,-) 
  gen_rows[0].gen_cols[25].pe_i_dut_csa_tree_ADD_TC_OP_groupi_cdnfadd40/CO  -       CI->CO F     FA1D0           1  1.0    31    84    4356    (-,-) 
  gen_rows[0].gen_cols[25].pe_i_dut_csa_tree_ADD_TC_OP_groupi_cdnfadd41/CO  -       CI->CO F     FA1D0           1  2.0    40    93    4449    (-,-) 
  gen_rows[0].gen_cols[25].pe_i_dut_csa_tree_ADD_TC_OP_groupi_cdnfadd42/CO  -       CI->CO F     FA1D1           1  2.0    31    70    4519    (-,-) 
  gen_rows[0].gen_cols[25].pe_i_dut_csa_tree_ADD_TC_OP_groupi_cdnfadd43/CO  -       CI->CO F     FA1D1           1  2.0    31    66    4586    (-,-) 
  gen_rows[0].gen_cols[25].pe_i_dut_csa_tree_ADD_TC_OP_groupi_cdnfadd44/CO  -       CI->CO F     FA1D1           1  2.0    31    66    4652    (-,-) 
  gen_rows[0].gen_cols[25].pe_i_dut_csa_tree_ADD_TC_OP_groupi_cdnfadd45/CO  -       CI->CO F     FA1D1           1  1.0    25    62    4714    (-,-) 
  gen_rows[0].gen_cols[25].pe_i_dut_csa_tree_ADD_TC_OP_groupi_cdnfadd46/CO  -       CI->CO F     FA1D0           1  0.8    29    80    4794    (-,-) 
  gen_rows[0].gen_cols[25].pe_i_dut_csa_tree_ADD_TC_OP_groupi_cdnfadd3771/Z -       A3->Z  R     XOR3D0          1  0.8    31    98    4892    (-,-) 
  g26180/ZN                                                                 -       A2->ZN R     IOA21D1         1  1.0    78    65    4956    (-,-) 
  gen_rows[0].gen_cols[25].pe_i_dut_acc_out_reg[47]/D                       -       -      R     DFCNQD1         1    -     -     0    4956    (-,-) 
#----------------------------------------------------------------------------------------------------------------------------------------------------

Capture clock path:
#------------------------------------------------------------------------------------------------------------------------------
#                    Timing Point                      Flags   Arc   Edge   Cell      Fanout Load Trans Delay Arrival Instance 
#                                                                                            (fF)  (ps)  (ps)   (ps)  Location 
#------------------------------------------------------------------------------------------------------------------------------
  clk                                                  (i)     -     R     (arrival)  251421  0.0     0     0    5000    (-,-) 
  gen_rows[0].gen_cols[25].pe_i_dut_acc_out_reg[47]/CP <<<     -     R     DFCNQD1    251421    -     0     0    5000    (-,-) 
#------------------------------------------------------------------------------------------------------------------------------



Path 2: MET (1 ps) Setup Check with Pin gen_rows[0].gen_cols[22].pe_i_dut_acc_out_reg[47]/CP->D
          Group: clk
     Startpoint: (R) gen_rows[0].gen_cols[21].pe_i_dut_data_out_reg[2]/CP
          Clock: (R) clk
       Endpoint: (R) gen_rows[0].gen_cols[22].pe_i_dut_acc_out_reg[47]/D
          Clock: (R) clk

                     Capture       Launch     
        Clock Edge:+    5000            0     
       Src Latency:+       0            0     
       Net Latency:+       0 (I)        0 (I) 
           Arrival:=    5000            0     
                                              
             Setup:-      43                  
     Required Time:=    4957                  
      Launch Clock:-       0                  
         Data Path:-    4956                  
             Slack:=       1                  

Launch clock path:
#------------------------------------------------------------------------------------------------------------------------------
#                    Timing Point                      Flags   Arc   Edge   Cell      Fanout Load Trans Delay Arrival Instance 
#                                                                                            (fF)  (ps)  (ps)   (ps)  Location 
#------------------------------------------------------------------------------------------------------------------------------
  clk                                                  (i)     -     R     (arrival)  251421  0.0     0     0       0    (-,-) 
  gen_rows[0].gen_cols[21].pe_i_dut_data_out_reg[2]/CP <<<     -     R     DFCND1     251421    -     0     0       0    (-,-) 
#------------------------------------------------------------------------------------------------------------------------------

#----------------------------------------------------------------------------------------------------------------------------------------------------
#                               Timing Point                                Flags    Arc   Edge   Cell      Fanout Load Trans Delay Arrival Instance 
#                                                                                                                  (fF)  (ps)  (ps)   (ps)  Location 
#----------------------------------------------------------------------------------------------------------------------------------------------------
  gen_rows[0].gen_cols[21].pe_i_dut_data_out_reg[2]/CP                      -       -      R     (arrival)  251421    -     0     0       0    (-,-) 
  gen_rows[0].gen_cols[21].pe_i_dut_data_out_reg[2]/QN                      -       CP->QN R     DFCND1         40 44.9   368   366     366    (-,-) 
  gen_rows[0].gen_cols[22].pe_i_dut_csa_tree_ADD_TC_OP_groupi_g3718/Z       -       A2->Z  R     OR2XD1          2  2.0    35    88     454    (-,-) 
  gen_rows[0].gen_cols[22].pe_i_dut_csa_tree_ADD_TC_OP_groupi_g3683/ZN      -       B->ZN  F     IOA21D1         2  1.7    34    31     485    (-,-) 
  gen_rows[0].gen_cols[22].pe_i_dut_csa_tree_ADD_TC_OP_groupi_g3763/ZN      -       A1->ZN F     IND2D1         16 14.3   154   132     617    (-,-) 
  gen_rows[0].gen_cols[22].pe_i_dut_csa_tree_ADD_TC_OP_groupi_g3553/ZN      -       A2->ZN R     AOI21D1         2  2.1    83    83     700    (-,-) 
  gen_rows[0].gen_cols[22].pe_i_dut_csa_tree_ADD_TC_OP_groupi_g3489/ZN      -       A1->ZN F     MOAI22D1        1  1.9   102    44     744    (-,-) 
  gen_rows[0].gen_cols[22].pe_i_dut_csa_tree_ADD_TC_OP_groupi_cdnfadd/CO    -       B->CO  F     FA1D0           1  1.0    32   146     890    (-,-) 
  gen_rows[0].gen_cols[22].pe_i_dut_csa_tree_ADD_TC_OP_groupi_cdnfadd1/CO   -       CI->CO F     FA1D0           1  1.0    31    85     975    (-,-) 
  gen_rows[0].gen_cols[22].pe_i_dut_csa_tree_ADD_TC_OP_groupi_cdnfadd2/CO   -       CI->CO F     FA1D0           1  1.0    31    84    1059    (-,-) 
  gen_rows[0].gen_cols[22].pe_i_dut_csa_tree_ADD_TC_OP_groupi_cdnfadd3/CO   -       CI->CO F     FA1D0           1  1.0    31    84    1144    (-,-) 
  gen_rows[0].gen_cols[22].pe_i_dut_csa_tree_ADD_TC_OP_groupi_cdnfadd4/CO   -       CI->CO F     FA1D0           1  1.0    31    84    1228    (-,-) 
  gen_rows[0].gen_cols[22].pe_i_dut_csa_tree_ADD_TC_OP_groupi_cdnfadd5/CO   -       CI->CO F     FA1D0           1  1.9    40    92    1321    (-,-) 
  g347851/CO                                                                -       D->CO  F     CMPE42D1        1  1.0    28   121    1442    (-,-) 
  gen_rows[0].gen_cols[22].pe_i_dut_csa_tree_ADD_TC_OP_groupi_cdnfadd7/CO   -       CI->CO F     FA1D0           1  1.0    31    83    1525    (-,-) 
  gen_rows[0].gen_cols[22].pe_i_dut_csa_tree_ADD_TC_OP_groupi_cdnfadd8/CO   -       CI->CO F     FA1D0           1  1.0    31    84    1609    (-,-) 
  gen_rows[0].gen_cols[22].pe_i_dut_csa_tree_ADD_TC_OP_groupi_cdnfadd9/CO   -       CI->CO F     FA1D0           1  1.0    31    84    1694    (-,-) 
  gen_rows[0].gen_cols[22].pe_i_dut_csa_tree_ADD_TC_OP_groupi_cdnfadd10/CO  -       CI->CO F     FA1D0           1  1.0    31    84    1778    (-,-) 
  gen_rows[0].gen_cols[22].pe_i_dut_csa_tree_ADD_TC_OP_groupi_cdnfadd11/CO  -       CI->CO F     FA1D0           1  1.0    31    84    1863    (-,-) 
  gen_rows[0].gen_cols[22].pe_i_dut_csa_tree_ADD_TC_OP_groupi_cdnfadd12/CO  -       CI->CO F     FA1D0           1  1.0    31    84    1947    (-,-) 
  gen_rows[0].gen_cols[22].pe_i_dut_csa_tree_ADD_TC_OP_groupi_cdnfadd13/CO  -       CI->CO F     FA1D0           1  1.0    31    84    2032    (-,-) 
  gen_rows[0].gen_cols[22].pe_i_dut_csa_tree_ADD_TC_OP_groupi_cdnfadd14/CO  -       CI->CO F     FA1D0           1  1.0    31    84    2116    (-,-) 
  gen_rows[0].gen_cols[22].pe_i_dut_csa_tree_ADD_TC_OP_groupi_cdnfadd15/CO  -       CI->CO F     FA1D0           1  1.0    31    84    2201    (-,-) 
  gen_rows[0].gen_cols[22].pe_i_dut_csa_tree_ADD_TC_OP_groupi_cdnfadd16/CO  -       CI->CO F     FA1D0           1  1.0    31    84    2285    (-,-) 
  gen_rows[0].gen_cols[22].pe_i_dut_csa_tree_ADD_TC_OP_groupi_cdnfadd17/CO  -       CI->CO F     FA1D0           1  1.0    31    84    2370    (-,-) 
  gen_rows[0].gen_cols[22].pe_i_dut_csa_tree_ADD_TC_OP_groupi_cdnfadd18/CO  -       CI->CO F     FA1D0           1  1.0    31    84    2454    (-,-) 
  gen_rows[0].gen_cols[22].pe_i_dut_csa_tree_ADD_TC_OP_groupi_cdnfadd19/CO  -       CI->CO F     FA1D0           1  1.0    31    84    2539    (-,-) 
  gen_rows[0].gen_cols[22].pe_i_dut_csa_tree_ADD_TC_OP_groupi_cdnfadd20/CO  -       CI->CO F     FA1D0           1  1.0    31    84    2623    (-,-) 
  gen_rows[0].gen_cols[22].pe_i_dut_csa_tree_ADD_TC_OP_groupi_cdnfadd21/CO  -       CI->CO F     FA1D0           1  1.0    31    84    2708    (-,-) 
  gen_rows[0].gen_cols[22].pe_i_dut_csa_tree_ADD_TC_OP_groupi_cdnfadd22/CO  -       CI->CO F     FA1D0           1  1.0    31    84    2792    (-,-) 
  gen_rows[0].gen_cols[22].pe_i_dut_csa_tree_ADD_TC_OP_groupi_cdnfadd23/CO  -       CI->CO F     FA1D0           1  1.0    31    84    2877    (-,-) 
  gen_rows[0].gen_cols[22].pe_i_dut_csa_tree_ADD_TC_OP_groupi_cdnfadd24/CO  -       CI->CO F     FA1D0           1  1.0    31    84    2961    (-,-) 
  gen_rows[0].gen_cols[22].pe_i_dut_csa_tree_ADD_TC_OP_groupi_cdnfadd25/CO  -       CI->CO F     FA1D0           1  1.0    31    84    3046    (-,-) 
  gen_rows[0].gen_cols[22].pe_i_dut_csa_tree_ADD_TC_OP_groupi_cdnfadd26/CO  -       CI->CO F     FA1D0           1  1.0    31    84    3130    (-,-) 
  gen_rows[0].gen_cols[22].pe_i_dut_csa_tree_ADD_TC_OP_groupi_cdnfadd27/CO  -       CI->CO F     FA1D0           1  1.0    31    84    3215    (-,-) 
  gen_rows[0].gen_cols[22].pe_i_dut_csa_tree_ADD_TC_OP_groupi_cdnfadd28/CO  -       CI->CO F     FA1D0           1  1.0    31    84    3299    (-,-) 
  gen_rows[0].gen_cols[22].pe_i_dut_csa_tree_ADD_TC_OP_groupi_cdnfadd29/CO  -       CI->CO F     FA1D0           1  1.9    40    92    3392    (-,-) 
  g347827/CO                                                                -       D->CO  F     CMPE42D1        1  1.0    26   121    3513    (-,-) 
  gen_rows[0].gen_cols[22].pe_i_dut_csa_tree_ADD_TC_OP_groupi_cdnfadd31/CO  -       CI->CO F     FA1D0           1  1.0    31    83    3596    (-,-) 
  gen_rows[0].gen_cols[22].pe_i_dut_csa_tree_ADD_TC_OP_groupi_cdnfadd32/CO  -       CI->CO F     FA1D0           1  1.0    31    84    3680    (-,-) 
  gen_rows[0].gen_cols[22].pe_i_dut_csa_tree_ADD_TC_OP_groupi_cdnfadd33/CO  -       CI->CO F     FA1D0           1  1.0    31    84    3765    (-,-) 
  gen_rows[0].gen_cols[22].pe_i_dut_csa_tree_ADD_TC_OP_groupi_cdnfadd34/CO  -       CI->CO F     FA1D0           1  1.0    31    84    3849    (-,-) 
  gen_rows[0].gen_cols[22].pe_i_dut_csa_tree_ADD_TC_OP_groupi_cdnfadd35/CO  -       CI->CO F     FA1D0           1  1.0    31    84    3934    (-,-) 
  gen_rows[0].gen_cols[22].pe_i_dut_csa_tree_ADD_TC_OP_groupi_cdnfadd36/CO  -       CI->CO F     FA1D0           1  1.0    31    84    4018    (-,-) 
  gen_rows[0].gen_cols[22].pe_i_dut_csa_tree_ADD_TC_OP_groupi_cdnfadd37/CO  -       CI->CO F     FA1D0           1  1.0    31    84    4103    (-,-) 
  gen_rows[0].gen_cols[22].pe_i_dut_csa_tree_ADD_TC_OP_groupi_cdnfadd38/CO  -       CI->CO F     FA1D0           1  1.0    31    84    4187    (-,-) 
  gen_rows[0].gen_cols[22].pe_i_dut_csa_tree_ADD_TC_OP_groupi_cdnfadd39/CO  -       CI->CO F     FA1D0           1  1.0    31    84    4272    (-,-) 
  gen_rows[0].gen_cols[22].pe_i_dut_csa_tree_ADD_TC_OP_groupi_cdnfadd40/CO  -       CI->CO F     FA1D0           1  1.0    31    84    4356    (-,-) 
  gen_rows[0].gen_cols[22].pe_i_dut_csa_tree_ADD_TC_OP_groupi_cdnfadd41/CO  -       CI->CO F     FA1D0           1  2.0    40    93    4449    (-,-) 
  gen_rows[0].gen_cols[22].pe_i_dut_csa_tree_ADD_TC_OP_groupi_cdnfadd42/CO  -       CI->CO F     FA1D1           1  2.0    31    70    4519    (-,-) 
  gen_rows[0].gen_cols[22].pe_i_dut_csa_tree_ADD_TC_OP_groupi_cdnfadd43/CO  -       CI->CO F     FA1D1           1  2.0    31    66    4586    (-,-) 
  gen_rows[0].gen_cols[22].pe_i_dut_csa_tree_ADD_TC_OP_groupi_cdnfadd44/CO  -       CI->CO F     FA1D1           1  2.0    31    66    4652    (-,-) 
  gen_rows[0].gen_cols[22].pe_i_dut_csa_tree_ADD_TC_OP_groupi_cdnfadd45/CO  -       CI->CO F     FA1D1           1  1.0    25    62    4714    (-,-) 
  gen_rows[0].gen_cols[22].pe_i_dut_csa_tree_ADD_TC_OP_groupi_cdnfadd46/CO  -       CI->CO F     FA1D0           1  0.8    29    80    4794    (-,-) 
  gen_rows[0].gen_cols[22].pe_i_dut_csa_tree_ADD_TC_OP_groupi_cdnfadd3771/Z -       A3->Z  R     XOR3D0          1  0.8    31    98    4892    (-,-) 
  g223173/ZN                                                                -       A2->ZN R     IOA21D1         1  1.0    78    65    4956    (-,-) 
  gen_rows[0].gen_cols[22].pe_i_dut_acc_out_reg[47]/D                       -       -      R     DFCNQD1         1    -     -     0    4956    (-,-) 
#----------------------------------------------------------------------------------------------------------------------------------------------------

Capture clock path:
#------------------------------------------------------------------------------------------------------------------------------
#                    Timing Point                      Flags   Arc   Edge   Cell      Fanout Load Trans Delay Arrival Instance 
#                                                                                            (fF)  (ps)  (ps)   (ps)  Location 
#------------------------------------------------------------------------------------------------------------------------------
  clk                                                  (i)     -     R     (arrival)  251421  0.0     0     0    5000    (-,-) 
  gen_rows[0].gen_cols[22].pe_i_dut_acc_out_reg[47]/CP <<<     -     R     DFCNQD1    251421    -     0     0    5000    (-,-) 
#------------------------------------------------------------------------------------------------------------------------------



Path 3: MET (1 ps) Setup Check with Pin gen_rows[0].gen_cols[27].pe_i_dut_acc_out_reg[47]/CP->D
          Group: clk
     Startpoint: (R) gen_rows[0].gen_cols[26].pe_i_dut_data_out_reg[2]/CP
          Clock: (R) clk
       Endpoint: (R) gen_rows[0].gen_cols[27].pe_i_dut_acc_out_reg[47]/D
          Clock: (R) clk

                     Capture       Launch     
        Clock Edge:+    5000            0     
       Src Latency:+       0            0     
       Net Latency:+       0 (I)        0 (I) 
           Arrival:=    5000            0     
                                              
             Setup:-      43                  
     Required Time:=    4957                  
      Launch Clock:-       0                  
         Data Path:-    4956                  
             Slack:=       1                  

Launch clock path:
#------------------------------------------------------------------------------------------------------------------------------
#                    Timing Point                      Flags   Arc   Edge   Cell      Fanout Load Trans Delay Arrival Instance 
#                                                                                            (fF)  (ps)  (ps)   (ps)  Location 
#------------------------------------------------------------------------------------------------------------------------------
  clk                                                  (i)     -     R     (arrival)  251421  0.0     0     0       0    (-,-) 
  gen_rows[0].gen_cols[26].pe_i_dut_data_out_reg[2]/CP <<<     -     R     DFCND1     251421    -     0     0       0    (-,-) 
#------------------------------------------------------------------------------------------------------------------------------

#----------------------------------------------------------------------------------------------------------------------------------------------------
#                               Timing Point                                Flags    Arc   Edge   Cell      Fanout Load Trans Delay Arrival Instance 
#                                                                                                                  (fF)  (ps)  (ps)   (ps)  Location 
#----------------------------------------------------------------------------------------------------------------------------------------------------
  gen_rows[0].gen_cols[26].pe_i_dut_data_out_reg[2]/CP                      -       -      R     (arrival)  251421    -     0     0       0    (-,-) 
  gen_rows[0].gen_cols[26].pe_i_dut_data_out_reg[2]/QN                      -       CP->QN R     DFCND1         40 44.9   368   366     366    (-,-) 
  gen_rows[0].gen_cols[27].pe_i_dut_csa_tree_ADD_TC_OP_groupi_g3718/Z       -       A2->Z  R     OR2XD1          2  2.0    35    88     454    (-,-) 
  gen_rows[0].gen_cols[27].pe_i_dut_csa_tree_ADD_TC_OP_groupi_g3683/ZN      -       B->ZN  F     IOA21D1         2  1.7    34    31     485    (-,-) 
  gen_rows[0].gen_cols[27].pe_i_dut_csa_tree_ADD_TC_OP_groupi_g3763/ZN      -       A1->ZN F     IND2D1         16 14.3   154   132     617    (-,-) 
  gen_rows[0].gen_cols[27].pe_i_dut_csa_tree_ADD_TC_OP_groupi_g3553/ZN      -       A2->ZN R     AOI21D1         2  2.1    83    83     700    (-,-) 
  gen_rows[0].gen_cols[27].pe_i_dut_csa_tree_ADD_TC_OP_groupi_g3489/ZN      -       A1->ZN F     MOAI22D1        1  1.9   102    44     744    (-,-) 
  gen_rows[0].gen_cols[27].pe_i_dut_csa_tree_ADD_TC_OP_groupi_cdnfadd/CO    -       B->CO  F     FA1D0           1  1.0    32   146     890    (-,-) 
  gen_rows[0].gen_cols[27].pe_i_dut_csa_tree_ADD_TC_OP_groupi_cdnfadd1/CO   -       CI->CO F     FA1D0           1  1.0    31    85     975    (-,-) 
  gen_rows[0].gen_cols[27].pe_i_dut_csa_tree_ADD_TC_OP_groupi_cdnfadd2/CO   -       CI->CO F     FA1D0           1  1.0    31    84    1059    (-,-) 
  gen_rows[0].gen_cols[27].pe_i_dut_csa_tree_ADD_TC_OP_groupi_cdnfadd3/CO   -       CI->CO F     FA1D0           1  1.0    31    84    1144    (-,-) 
  gen_rows[0].gen_cols[27].pe_i_dut_csa_tree_ADD_TC_OP_groupi_cdnfadd4/CO   -       CI->CO F     FA1D0           1  1.0    31    84    1228    (-,-) 
  gen_rows[0].gen_cols[27].pe_i_dut_csa_tree_ADD_TC_OP_groupi_cdnfadd5/CO   -       CI->CO F     FA1D0           1  1.9    40    92    1321    (-,-) 
  g343811/CO                                                                -       D->CO  F     CMPE42D1        1  1.0    28   121    1442    (-,-) 
  gen_rows[0].gen_cols[27].pe_i_dut_csa_tree_ADD_TC_OP_groupi_cdnfadd7/CO   -       CI->CO F     FA1D0           1  1.0    31    83    1525    (-,-) 
  gen_rows[0].gen_cols[27].pe_i_dut_csa_tree_ADD_TC_OP_groupi_cdnfadd8/CO   -       CI->CO F     FA1D0           1  1.0    31    84    1609    (-,-) 
  gen_rows[0].gen_cols[27].pe_i_dut_csa_tree_ADD_TC_OP_groupi_cdnfadd9/CO   -       CI->CO F     FA1D0           1  1.0    31    84    1694    (-,-) 
  gen_rows[0].gen_cols[27].pe_i_dut_csa_tree_ADD_TC_OP_groupi_cdnfadd10/CO  -       CI->CO F     FA1D0           1  1.0    31    84    1778    (-,-) 
  gen_rows[0].gen_cols[27].pe_i_dut_csa_tree_ADD_TC_OP_groupi_cdnfadd11/CO  -       CI->CO F     FA1D0           1  1.0    31    84    1863    (-,-) 
  gen_rows[0].gen_cols[27].pe_i_dut_csa_tree_ADD_TC_OP_groupi_cdnfadd12/CO  -       CI->CO F     FA1D0           1  1.0    31    84    1947    (-,-) 
  gen_rows[0].gen_cols[27].pe_i_dut_csa_tree_ADD_TC_OP_groupi_cdnfadd13/CO  -       CI->CO F     FA1D0           1  1.0    31    84    2032    (-,-) 
  gen_rows[0].gen_cols[27].pe_i_dut_csa_tree_ADD_TC_OP_groupi_cdnfadd14/CO  -       CI->CO F     FA1D0           1  1.0    31    84    2116    (-,-) 
  gen_rows[0].gen_cols[27].pe_i_dut_csa_tree_ADD_TC_OP_groupi_cdnfadd15/CO  -       CI->CO F     FA1D0           1  1.0    31    84    2201    (-,-) 
  gen_rows[0].gen_cols[27].pe_i_dut_csa_tree_ADD_TC_OP_groupi_cdnfadd16/CO  -       CI->CO F     FA1D0           1  1.0    31    84    2285    (-,-) 
  gen_rows[0].gen_cols[27].pe_i_dut_csa_tree_ADD_TC_OP_groupi_cdnfadd17/CO  -       CI->CO F     FA1D0           1  1.0    31    84    2370    (-,-) 
  gen_rows[0].gen_cols[27].pe_i_dut_csa_tree_ADD_TC_OP_groupi_cdnfadd18/CO  -       CI->CO F     FA1D0           1  1.0    31    84    2454    (-,-) 
  gen_rows[0].gen_cols[27].pe_i_dut_csa_tree_ADD_TC_OP_groupi_cdnfadd19/CO  -       CI->CO F     FA1D0           1  1.0    31    84    2539    (-,-) 
  gen_rows[0].gen_cols[27].pe_i_dut_csa_tree_ADD_TC_OP_groupi_cdnfadd20/CO  -       CI->CO F     FA1D0           1  1.0    31    84    2623    (-,-) 
  gen_rows[0].gen_cols[27].pe_i_dut_csa_tree_ADD_TC_OP_groupi_cdnfadd21/CO  -       CI->CO F     FA1D0           1  1.0    31    84    2708    (-,-) 
  gen_rows[0].gen_cols[27].pe_i_dut_csa_tree_ADD_TC_OP_groupi_cdnfadd22/CO  -       CI->CO F     FA1D0           1  1.0    31    84    2792    (-,-) 
  gen_rows[0].gen_cols[27].pe_i_dut_csa_tree_ADD_TC_OP_groupi_cdnfadd23/CO  -       CI->CO F     FA1D0           1  1.0    31    84    2877    (-,-) 
  gen_rows[0].gen_cols[27].pe_i_dut_csa_tree_ADD_TC_OP_groupi_cdnfadd24/CO  -       CI->CO F     FA1D0           1  1.0    31    84    2961    (-,-) 
  gen_rows[0].gen_cols[27].pe_i_dut_csa_tree_ADD_TC_OP_groupi_cdnfadd25/CO  -       CI->CO F     FA1D0           1  1.0    31    84    3046    (-,-) 
  gen_rows[0].gen_cols[27].pe_i_dut_csa_tree_ADD_TC_OP_groupi_cdnfadd26/CO  -       CI->CO F     FA1D0           1  1.0    31    84    3130    (-,-) 
  gen_rows[0].gen_cols[27].pe_i_dut_csa_tree_ADD_TC_OP_groupi_cdnfadd27/CO  -       CI->CO F     FA1D0           1  1.0    31    84    3215    (-,-) 
  gen_rows[0].gen_cols[27].pe_i_dut_csa_tree_ADD_TC_OP_groupi_cdnfadd28/CO  -       CI->CO F     FA1D0           1  1.0    31    84    3299    (-,-) 
  gen_rows[0].gen_cols[27].pe_i_dut_csa_tree_ADD_TC_OP_groupi_cdnfadd29/CO  -       CI->CO F     FA1D0           1  1.9    40    92    3392    (-,-) 
  g343787/CO                                                                -       D->CO  F     CMPE42D1        1  1.0    26   121    3513    (-,-) 
  gen_rows[0].gen_cols[27].pe_i_dut_csa_tree_ADD_TC_OP_groupi_cdnfadd31/CO  -       CI->CO F     FA1D0           1  1.0    31    83    3596    (-,-) 
  gen_rows[0].gen_cols[27].pe_i_dut_csa_tree_ADD_TC_OP_groupi_cdnfadd32/CO  -       CI->CO F     FA1D0           1  1.0    31    84    3680    (-,-) 
  gen_rows[0].gen_cols[27].pe_i_dut_csa_tree_ADD_TC_OP_groupi_cdnfadd33/CO  -       CI->CO F     FA1D0           1  1.0    31    84    3765    (-,-) 
  gen_rows[0].gen_cols[27].pe_i_dut_csa_tree_ADD_TC_OP_groupi_cdnfadd34/CO  -       CI->CO F     FA1D0           1  1.0    31    84    3849    (-,-) 
  gen_rows[0].gen_cols[27].pe_i_dut_csa_tree_ADD_TC_OP_groupi_cdnfadd35/CO  -       CI->CO F     FA1D0           1  1.0    31    84    3934    (-,-) 
  gen_rows[0].gen_cols[27].pe_i_dut_csa_tree_ADD_TC_OP_groupi_cdnfadd36/CO  -       CI->CO F     FA1D0           1  1.0    31    84    4018    (-,-) 
  gen_rows[0].gen_cols[27].pe_i_dut_csa_tree_ADD_TC_OP_groupi_cdnfadd37/CO  -       CI->CO F     FA1D0           1  1.0    31    84    4103    (-,-) 
  gen_rows[0].gen_cols[27].pe_i_dut_csa_tree_ADD_TC_OP_groupi_cdnfadd38/CO  -       CI->CO F     FA1D0           1  1.0    31    84    4187    (-,-) 
  gen_rows[0].gen_cols[27].pe_i_dut_csa_tree_ADD_TC_OP_groupi_cdnfadd39/CO  -       CI->CO F     FA1D0           1  1.0    31    84    4272    (-,-) 
  gen_rows[0].gen_cols[27].pe_i_dut_csa_tree_ADD_TC_OP_groupi_cdnfadd40/CO  -       CI->CO F     FA1D0           1  1.0    31    84    4356    (-,-) 
  gen_rows[0].gen_cols[27].pe_i_dut_csa_tree_ADD_TC_OP_groupi_cdnfadd41/CO  -       CI->CO F     FA1D0           1  2.0    40    93    4449    (-,-) 
  gen_rows[0].gen_cols[27].pe_i_dut_csa_tree_ADD_TC_OP_groupi_cdnfadd42/CO  -       CI->CO F     FA1D1           1  2.0    31    70    4519    (-,-) 
  gen_rows[0].gen_cols[27].pe_i_dut_csa_tree_ADD_TC_OP_groupi_cdnfadd43/CO  -       CI->CO F     FA1D1           1  2.0    31    66    4586    (-,-) 
  gen_rows[0].gen_cols[27].pe_i_dut_csa_tree_ADD_TC_OP_groupi_cdnfadd44/CO  -       CI->CO F     FA1D1           1  2.0    31    66    4652    (-,-) 
  gen_rows[0].gen_cols[27].pe_i_dut_csa_tree_ADD_TC_OP_groupi_cdnfadd45/CO  -       CI->CO F     FA1D1           1  1.0    25    62    4714    (-,-) 
  gen_rows[0].gen_cols[27].pe_i_dut_csa_tree_ADD_TC_OP_groupi_cdnfadd46/CO  -       CI->CO F     FA1D0           1  0.8    29    80    4794    (-,-) 
  gen_rows[0].gen_cols[27].pe_i_dut_csa_tree_ADD_TC_OP_groupi_cdnfadd3771/Z -       A3->Z  R     XOR3D0          1  0.8    31    98    4892    (-,-) 
  g20569/ZN                                                                 -       A2->ZN R     IOA21D1         1  1.0    78    65    4956    (-,-) 
  gen_rows[0].gen_cols[27].pe_i_dut_acc_out_reg[47]/D                       -       -      R     DFCNQD1         1    -     -     0    4956    (-,-) 
#----------------------------------------------------------------------------------------------------------------------------------------------------

Capture clock path:
#------------------------------------------------------------------------------------------------------------------------------
#                    Timing Point                      Flags   Arc   Edge   Cell      Fanout Load Trans Delay Arrival Instance 
#                                                                                            (fF)  (ps)  (ps)   (ps)  Location 
#------------------------------------------------------------------------------------------------------------------------------
  clk                                                  (i)     -     R     (arrival)  251421  0.0     0     0    5000    (-,-) 
  gen_rows[0].gen_cols[27].pe_i_dut_acc_out_reg[47]/CP <<<     -     R     DFCNQD1    251421    -     0     0    5000    (-,-) 
#------------------------------------------------------------------------------------------------------------------------------



Path 4: MET (1 ps) Setup Check with Pin gen_rows[0].gen_cols[3].pe_i_dut_acc_out_reg[47]/CP->D
          Group: clk
     Startpoint: (R) gen_rows[0].gen_cols[2].pe_i_dut_data_out_reg[2]/CP
          Clock: (R) clk
       Endpoint: (R) gen_rows[0].gen_cols[3].pe_i_dut_acc_out_reg[47]/D
          Clock: (R) clk

                     Capture       Launch     
        Clock Edge:+    5000            0     
       Src Latency:+       0            0     
       Net Latency:+       0 (I)        0 (I) 
           Arrival:=    5000            0     
                                              
             Setup:-      43                  
     Required Time:=    4957                  
      Launch Clock:-       0                  
         Data Path:-    4956                  
             Slack:=       1                  

Launch clock path:
#-----------------------------------------------------------------------------------------------------------------------------
#                    Timing Point                     Flags   Arc   Edge   Cell      Fanout Load Trans Delay Arrival Instance 
#                                                                                           (fF)  (ps)  (ps)   (ps)  Location 
#-----------------------------------------------------------------------------------------------------------------------------
  clk                                                 (i)     -     R     (arrival)  251421  0.0     0     0       0    (-,-) 
  gen_rows[0].gen_cols[2].pe_i_dut_data_out_reg[2]/CP <<<     -     R     DFCND1     251421    -     0     0       0    (-,-) 
#-----------------------------------------------------------------------------------------------------------------------------

#---------------------------------------------------------------------------------------------------------------------------------------------------
#                              Timing Point                                Flags    Arc   Edge   Cell      Fanout Load Trans Delay Arrival Instance 
#                                                                                                                 (fF)  (ps)  (ps)   (ps)  Location 
#---------------------------------------------------------------------------------------------------------------------------------------------------
  gen_rows[0].gen_cols[2].pe_i_dut_data_out_reg[2]/CP                      -       -      R     (arrival)  251421    -     0     0       0    (-,-) 
  gen_rows[0].gen_cols[2].pe_i_dut_data_out_reg[2]/QN                      -       CP->QN R     DFCND1         40 44.9   368   366     366    (-,-) 
  gen_rows[0].gen_cols[3].pe_i_dut_csa_tree_ADD_TC_OP_groupi_g3718/Z       -       A2->Z  R     OR2XD1          2  2.0    35    88     454    (-,-) 
  gen_rows[0].gen_cols[3].pe_i_dut_csa_tree_ADD_TC_OP_groupi_g3683/ZN      -       B->ZN  F     IOA21D1         2  1.7    34    31     485    (-,-) 
  gen_rows[0].gen_cols[3].pe_i_dut_csa_tree_ADD_TC_OP_groupi_g3763/ZN      -       A1->ZN F     IND2D1         16 14.3   154   132     617    (-,-) 
  gen_rows[0].gen_cols[3].pe_i_dut_csa_tree_ADD_TC_OP_groupi_g3553/ZN      -       A2->ZN R     AOI21D1         2  2.1    83    83     700    (-,-) 
  gen_rows[0].gen_cols[3].pe_i_dut_csa_tree_ADD_TC_OP_groupi_g3489/ZN      -       A1->ZN F     MOAI22D1        1  1.9   102    44     744    (-,-) 
  gen_rows[0].gen_cols[3].pe_i_dut_csa_tree_ADD_TC_OP_groupi_cdnfadd/CO    -       B->CO  F     FA1D0           1  1.0    32   146     890    (-,-) 
  gen_rows[0].gen_cols[3].pe_i_dut_csa_tree_ADD_TC_OP_groupi_cdnfadd1/CO   -       CI->CO F     FA1D0           1  1.0    31    85     975    (-,-) 
  gen_rows[0].gen_cols[3].pe_i_dut_csa_tree_ADD_TC_OP_groupi_cdnfadd2/CO   -       CI->CO F     FA1D0           1  1.0    31    84    1059    (-,-) 
  gen_rows[0].gen_cols[3].pe_i_dut_csa_tree_ADD_TC_OP_groupi_cdnfadd3/CO   -       CI->CO F     FA1D0           1  1.0    31    84    1144    (-,-) 
  gen_rows[0].gen_cols[3].pe_i_dut_csa_tree_ADD_TC_OP_groupi_cdnfadd4/CO   -       CI->CO F     FA1D0           1  1.0    31    84    1228    (-,-) 
  gen_rows[0].gen_cols[3].pe_i_dut_csa_tree_ADD_TC_OP_groupi_cdnfadd5/CO   -       CI->CO F     FA1D0           1  1.9    40    92    1321    (-,-) 
  g343161/CO                                                               -       D->CO  F     CMPE42D1        1  1.0    28   121    1442    (-,-) 
  gen_rows[0].gen_cols[3].pe_i_dut_csa_tree_ADD_TC_OP_groupi_cdnfadd7/CO   -       CI->CO F     FA1D0           1  1.0    31    83    1525    (-,-) 
  gen_rows[0].gen_cols[3].pe_i_dut_csa_tree_ADD_TC_OP_groupi_cdnfadd8/CO   -       CI->CO F     FA1D0           1  1.0    31    84    1609    (-,-) 
  gen_rows[0].gen_cols[3].pe_i_dut_csa_tree_ADD_TC_OP_groupi_cdnfadd9/CO   -       CI->CO F     FA1D0           1  1.0    31    84    1694    (-,-) 
  gen_rows[0].gen_cols[3].pe_i_dut_csa_tree_ADD_TC_OP_groupi_cdnfadd10/CO  -       CI->CO F     FA1D0           1  1.0    31    84    1778    (-,-) 
  gen_rows[0].gen_cols[3].pe_i_dut_csa_tree_ADD_TC_OP_groupi_cdnfadd11/CO  -       CI->CO F     FA1D0           1  1.0    31    84    1863    (-,-) 
  gen_rows[0].gen_cols[3].pe_i_dut_csa_tree_ADD_TC_OP_groupi_cdnfadd12/CO  -       CI->CO F     FA1D0           1  1.0    31    84    1947    (-,-) 
  gen_rows[0].gen_cols[3].pe_i_dut_csa_tree_ADD_TC_OP_groupi_cdnfadd13/CO  -       CI->CO F     FA1D0           1  1.0    31    84    2032    (-,-) 
  gen_rows[0].gen_cols[3].pe_i_dut_csa_tree_ADD_TC_OP_groupi_cdnfadd14/CO  -       CI->CO F     FA1D0           1  1.0    31    84    2116    (-,-) 
  gen_rows[0].gen_cols[3].pe_i_dut_csa_tree_ADD_TC_OP_groupi_cdnfadd15/CO  -       CI->CO F     FA1D0           1  1.0    31    84    2201    (-,-) 
  gen_rows[0].gen_cols[3].pe_i_dut_csa_tree_ADD_TC_OP_groupi_cdnfadd16/CO  -       CI->CO F     FA1D0           1  1.0    31    84    2285    (-,-) 
  gen_rows[0].gen_cols[3].pe_i_dut_csa_tree_ADD_TC_OP_groupi_cdnfadd17/CO  -       CI->CO F     FA1D0           1  1.0    31    84    2370    (-,-) 
  gen_rows[0].gen_cols[3].pe_i_dut_csa_tree_ADD_TC_OP_groupi_cdnfadd18/CO  -       CI->CO F     FA1D0           1  1.0    31    84    2454    (-,-) 
  gen_rows[0].gen_cols[3].pe_i_dut_csa_tree_ADD_TC_OP_groupi_cdnfadd19/CO  -       CI->CO F     FA1D0           1  1.0    31    84    2539    (-,-) 
  gen_rows[0].gen_cols[3].pe_i_dut_csa_tree_ADD_TC_OP_groupi_cdnfadd20/CO  -       CI->CO F     FA1D0           1  1.0    31    84    2623    (-,-) 
  gen_rows[0].gen_cols[3].pe_i_dut_csa_tree_ADD_TC_OP_groupi_cdnfadd21/CO  -       CI->CO F     FA1D0           1  1.0    31    84    2708    (-,-) 
  gen_rows[0].gen_cols[3].pe_i_dut_csa_tree_ADD_TC_OP_groupi_cdnfadd22/CO  -       CI->CO F     FA1D0           1  1.0    31    84    2792    (-,-) 
  gen_rows[0].gen_cols[3].pe_i_dut_csa_tree_ADD_TC_OP_groupi_cdnfadd23/CO  -       CI->CO F     FA1D0           1  1.0    31    84    2877    (-,-) 
  gen_rows[0].gen_cols[3].pe_i_dut_csa_tree_ADD_TC_OP_groupi_cdnfadd24/CO  -       CI->CO F     FA1D0           1  1.0    31    84    2961    (-,-) 
  gen_rows[0].gen_cols[3].pe_i_dut_csa_tree_ADD_TC_OP_groupi_cdnfadd25/CO  -       CI->CO F     FA1D0           1  1.0    31    84    3046    (-,-) 
  gen_rows[0].gen_cols[3].pe_i_dut_csa_tree_ADD_TC_OP_groupi_cdnfadd26/CO  -       CI->CO F     FA1D0           1  1.0    31    84    3130    (-,-) 
  gen_rows[0].gen_cols[3].pe_i_dut_csa_tree_ADD_TC_OP_groupi_cdnfadd27/CO  -       CI->CO F     FA1D0           1  1.0    31    84    3215    (-,-) 
  gen_rows[0].gen_cols[3].pe_i_dut_csa_tree_ADD_TC_OP_groupi_cdnfadd28/CO  -       CI->CO F     FA1D0           1  1.0    31    84    3299    (-,-) 
  gen_rows[0].gen_cols[3].pe_i_dut_csa_tree_ADD_TC_OP_groupi_cdnfadd29/CO  -       CI->CO F     FA1D0           1  1.9    40    92    3392    (-,-) 
  g343137/CO                                                               -       D->CO  F     CMPE42D1        1  1.0    26   121    3513    (-,-) 
  gen_rows[0].gen_cols[3].pe_i_dut_csa_tree_ADD_TC_OP_groupi_cdnfadd31/CO  -       CI->CO F     FA1D0           1  1.0    31    83    3596    (-,-) 
  gen_rows[0].gen_cols[3].pe_i_dut_csa_tree_ADD_TC_OP_groupi_cdnfadd32/CO  -       CI->CO F     FA1D0           1  1.0    31    84    3680    (-,-) 
  gen_rows[0].gen_cols[3].pe_i_dut_csa_tree_ADD_TC_OP_groupi_cdnfadd33/CO  -       CI->CO F     FA1D0           1  1.0    31    84    3765    (-,-) 
  gen_rows[0].gen_cols[3].pe_i_dut_csa_tree_ADD_TC_OP_groupi_cdnfadd34/CO  -       CI->CO F     FA1D0           1  1.0    31    84    3849    (-,-) 
  gen_rows[0].gen_cols[3].pe_i_dut_csa_tree_ADD_TC_OP_groupi_cdnfadd35/CO  -       CI->CO F     FA1D0           1  1.0    31    84    3934    (-,-) 
  gen_rows[0].gen_cols[3].pe_i_dut_csa_tree_ADD_TC_OP_groupi_cdnfadd36/CO  -       CI->CO F     FA1D0           1  1.0    31    84    4018    (-,-) 
  gen_rows[0].gen_cols[3].pe_i_dut_csa_tree_ADD_TC_OP_groupi_cdnfadd37/CO  -       CI->CO F     FA1D0           1  1.0    31    84    4103    (-,-) 
  gen_rows[0].gen_cols[3].pe_i_dut_csa_tree_ADD_TC_OP_groupi_cdnfadd38/CO  -       CI->CO F     FA1D0           1  1.0    31    84    4187    (-,-) 
  gen_rows[0].gen_cols[3].pe_i_dut_csa_tree_ADD_TC_OP_groupi_cdnfadd39/CO  -       CI->CO F     FA1D0           1  1.0    31    84    4272    (-,-) 
  gen_rows[0].gen_cols[3].pe_i_dut_csa_tree_ADD_TC_OP_groupi_cdnfadd40/CO  -       CI->CO F     FA1D0           1  1.0    31    84    4356    (-,-) 
  gen_rows[0].gen_cols[3].pe_i_dut_csa_tree_ADD_TC_OP_groupi_cdnfadd41/CO  -       CI->CO F     FA1D0           1  2.0    40    93    4449    (-,-) 
  gen_rows[0].gen_cols[3].pe_i_dut_csa_tree_ADD_TC_OP_groupi_cdnfadd42/CO  -       CI->CO F     FA1D1           1  2.0    31    70    4519    (-,-) 
  gen_rows[0].gen_cols[3].pe_i_dut_csa_tree_ADD_TC_OP_groupi_cdnfadd43/CO  -       CI->CO F     FA1D1           1  2.0    31    66    4586    (-,-) 
  gen_rows[0].gen_cols[3].pe_i_dut_csa_tree_ADD_TC_OP_groupi_cdnfadd44/CO  -       CI->CO F     FA1D1           1  2.0    31    66    4652    (-,-) 
  gen_rows[0].gen_cols[3].pe_i_dut_csa_tree_ADD_TC_OP_groupi_cdnfadd45/CO  -       CI->CO F     FA1D1           1  1.0    25    62    4714    (-,-) 
  gen_rows[0].gen_cols[3].pe_i_dut_csa_tree_ADD_TC_OP_groupi_cdnfadd46/CO  -       CI->CO F     FA1D0           1  0.8    29    80    4794    (-,-) 
  gen_rows[0].gen_cols[3].pe_i_dut_csa_tree_ADD_TC_OP_groupi_cdnfadd3771/Z -       A3->Z  R     XOR3D0          1  0.8    31    98    4892    (-,-) 
  g220899/ZN                                                               -       A2->ZN R     IOA21D1         1  1.0    78    65    4956    (-,-) 
  gen_rows[0].gen_cols[3].pe_i_dut_acc_out_reg[47]/D                       -       -      R     DFCNQD1         1    -     -     0    4956    (-,-) 
#---------------------------------------------------------------------------------------------------------------------------------------------------

Capture clock path:
#-----------------------------------------------------------------------------------------------------------------------------
#                    Timing Point                     Flags   Arc   Edge   Cell      Fanout Load Trans Delay Arrival Instance 
#                                                                                           (fF)  (ps)  (ps)   (ps)  Location 
#-----------------------------------------------------------------------------------------------------------------------------
  clk                                                 (i)     -     R     (arrival)  251421  0.0     0     0    5000    (-,-) 
  gen_rows[0].gen_cols[3].pe_i_dut_acc_out_reg[47]/CP <<<     -     R     DFCNQD1    251421    -     0     0    5000    (-,-) 
#-----------------------------------------------------------------------------------------------------------------------------



Path 5: MET (1 ps) Setup Check with Pin gen_rows[0].gen_cols[4].pe_i_dut_acc_out_reg[47]/CP->D
          Group: clk
     Startpoint: (R) gen_rows[0].gen_cols[3].pe_i_dut_data_out_reg[2]/CP
          Clock: (R) clk
       Endpoint: (R) gen_rows[0].gen_cols[4].pe_i_dut_acc_out_reg[47]/D
          Clock: (R) clk

                     Capture       Launch     
        Clock Edge:+    5000            0     
       Src Latency:+       0            0     
       Net Latency:+       0 (I)        0 (I) 
           Arrival:=    5000            0     
                                              
             Setup:-      43                  
     Required Time:=    4957                  
      Launch Clock:-       0                  
         Data Path:-    4956                  
             Slack:=       1                  

Launch clock path:
#-----------------------------------------------------------------------------------------------------------------------------
#                    Timing Point                     Flags   Arc   Edge   Cell      Fanout Load Trans Delay Arrival Instance 
#                                                                                           (fF)  (ps)  (ps)   (ps)  Location 
#-----------------------------------------------------------------------------------------------------------------------------
  clk                                                 (i)     -     R     (arrival)  251421  0.0     0     0       0    (-,-) 
  gen_rows[0].gen_cols[3].pe_i_dut_data_out_reg[2]/CP <<<     -     R     DFCND1     251421    -     0     0       0    (-,-) 
#-----------------------------------------------------------------------------------------------------------------------------

#---------------------------------------------------------------------------------------------------------------------------------------------------
#                              Timing Point                                Flags    Arc   Edge   Cell      Fanout Load Trans Delay Arrival Instance 
#                                                                                                                 (fF)  (ps)  (ps)   (ps)  Location 
#---------------------------------------------------------------------------------------------------------------------------------------------------
  gen_rows[0].gen_cols[3].pe_i_dut_data_out_reg[2]/CP                      -       -      R     (arrival)  251421    -     0     0       0    (-,-) 
  gen_rows[0].gen_cols[3].pe_i_dut_data_out_reg[2]/QN                      -       CP->QN R     DFCND1         40 44.9   368   366     366    (-,-) 
  gen_rows[0].gen_cols[4].pe_i_dut_csa_tree_ADD_TC_OP_groupi_g3718/Z       -       A2->Z  R     OR2XD1          2  2.0    35    88     454    (-,-) 
  gen_rows[0].gen_cols[4].pe_i_dut_csa_tree_ADD_TC_OP_groupi_g3683/ZN      -       B->ZN  F     IOA21D1         2  1.7    34    31     485    (-,-) 
  gen_rows[0].gen_cols[4].pe_i_dut_csa_tree_ADD_TC_OP_groupi_g3763/ZN      -       A1->ZN F     IND2D1         16 14.3   154   132     617    (-,-) 
  gen_rows[0].gen_cols[4].pe_i_dut_csa_tree_ADD_TC_OP_groupi_g3553/ZN      -       A2->ZN R     AOI21D1         2  2.1    83    83     700    (-,-) 
  gen_rows[0].gen_cols[4].pe_i_dut_csa_tree_ADD_TC_OP_groupi_g3489/ZN      -       A1->ZN F     MOAI22D1        1  1.9   102    44     744    (-,-) 
  gen_rows[0].gen_cols[4].pe_i_dut_csa_tree_ADD_TC_OP_groupi_cdnfadd/CO    -       B->CO  F     FA1D0           1  1.0    32   146     890    (-,-) 
  gen_rows[0].gen_cols[4].pe_i_dut_csa_tree_ADD_TC_OP_groupi_cdnfadd1/CO   -       CI->CO F     FA1D0           1  1.0    31    85     975    (-,-) 
  gen_rows[0].gen_cols[4].pe_i_dut_csa_tree_ADD_TC_OP_groupi_cdnfadd2/CO   -       CI->CO F     FA1D0           1  1.0    31    84    1059    (-,-) 
  gen_rows[0].gen_cols[4].pe_i_dut_csa_tree_ADD_TC_OP_groupi_cdnfadd3/CO   -       CI->CO F     FA1D0           1  1.0    31    84    1144    (-,-) 
  gen_rows[0].gen_cols[4].pe_i_dut_csa_tree_ADD_TC_OP_groupi_cdnfadd4/CO   -       CI->CO F     FA1D0           1  1.0    31    84    1228    (-,-) 
  gen_rows[0].gen_cols[4].pe_i_dut_csa_tree_ADD_TC_OP_groupi_cdnfadd5/CO   -       CI->CO F     FA1D0           1  1.9    40    92    1321    (-,-) 
  g342019/CO                                                               -       D->CO  F     CMPE42D1        1  1.0    28   121    1442    (-,-) 
  gen_rows[0].gen_cols[4].pe_i_dut_csa_tree_ADD_TC_OP_groupi_cdnfadd7/CO   -       CI->CO F     FA1D0           1  1.0    31    83    1525    (-,-) 
  gen_rows[0].gen_cols[4].pe_i_dut_csa_tree_ADD_TC_OP_groupi_cdnfadd8/CO   -       CI->CO F     FA1D0           1  1.0    31    84    1609    (-,-) 
  gen_rows[0].gen_cols[4].pe_i_dut_csa_tree_ADD_TC_OP_groupi_cdnfadd9/CO   -       CI->CO F     FA1D0           1  1.0    31    84    1694    (-,-) 
  gen_rows[0].gen_cols[4].pe_i_dut_csa_tree_ADD_TC_OP_groupi_cdnfadd10/CO  -       CI->CO F     FA1D0           1  1.0    31    84    1778    (-,-) 
  gen_rows[0].gen_cols[4].pe_i_dut_csa_tree_ADD_TC_OP_groupi_cdnfadd11/CO  -       CI->CO F     FA1D0           1  1.0    31    84    1863    (-,-) 
  gen_rows[0].gen_cols[4].pe_i_dut_csa_tree_ADD_TC_OP_groupi_cdnfadd12/CO  -       CI->CO F     FA1D0           1  1.0    31    84    1947    (-,-) 
  gen_rows[0].gen_cols[4].pe_i_dut_csa_tree_ADD_TC_OP_groupi_cdnfadd13/CO  -       CI->CO F     FA1D0           1  1.0    31    84    2032    (-,-) 
  gen_rows[0].gen_cols[4].pe_i_dut_csa_tree_ADD_TC_OP_groupi_cdnfadd14/CO  -       CI->CO F     FA1D0           1  1.0    31    84    2116    (-,-) 
  gen_rows[0].gen_cols[4].pe_i_dut_csa_tree_ADD_TC_OP_groupi_cdnfadd15/CO  -       CI->CO F     FA1D0           1  1.0    31    84    2201    (-,-) 
  gen_rows[0].gen_cols[4].pe_i_dut_csa_tree_ADD_TC_OP_groupi_cdnfadd16/CO  -       CI->CO F     FA1D0           1  1.0    31    84    2285    (-,-) 
  gen_rows[0].gen_cols[4].pe_i_dut_csa_tree_ADD_TC_OP_groupi_cdnfadd17/CO  -       CI->CO F     FA1D0           1  1.0    31    84    2370    (-,-) 
  gen_rows[0].gen_cols[4].pe_i_dut_csa_tree_ADD_TC_OP_groupi_cdnfadd18/CO  -       CI->CO F     FA1D0           1  1.0    31    84    2454    (-,-) 
  gen_rows[0].gen_cols[4].pe_i_dut_csa_tree_ADD_TC_OP_groupi_cdnfadd19/CO  -       CI->CO F     FA1D0           1  1.0    31    84    2539    (-,-) 
  gen_rows[0].gen_cols[4].pe_i_dut_csa_tree_ADD_TC_OP_groupi_cdnfadd20/CO  -       CI->CO F     FA1D0           1  1.0    31    84    2623    (-,-) 
  gen_rows[0].gen_cols[4].pe_i_dut_csa_tree_ADD_TC_OP_groupi_cdnfadd21/CO  -       CI->CO F     FA1D0           1  1.0    31    84    2708    (-,-) 
  gen_rows[0].gen_cols[4].pe_i_dut_csa_tree_ADD_TC_OP_groupi_cdnfadd22/CO  -       CI->CO F     FA1D0           1  1.0    31    84    2792    (-,-) 
  gen_rows[0].gen_cols[4].pe_i_dut_csa_tree_ADD_TC_OP_groupi_cdnfadd23/CO  -       CI->CO F     FA1D0           1  1.0    31    84    2877    (-,-) 
  gen_rows[0].gen_cols[4].pe_i_dut_csa_tree_ADD_TC_OP_groupi_cdnfadd24/CO  -       CI->CO F     FA1D0           1  1.0    31    84    2961    (-,-) 
  gen_rows[0].gen_cols[4].pe_i_dut_csa_tree_ADD_TC_OP_groupi_cdnfadd25/CO  -       CI->CO F     FA1D0           1  1.0    31    84    3046    (-,-) 
  gen_rows[0].gen_cols[4].pe_i_dut_csa_tree_ADD_TC_OP_groupi_cdnfadd26/CO  -       CI->CO F     FA1D0           1  1.0    31    84    3130    (-,-) 
  gen_rows[0].gen_cols[4].pe_i_dut_csa_tree_ADD_TC_OP_groupi_cdnfadd27/CO  -       CI->CO F     FA1D0           1  1.0    31    84    3215    (-,-) 
  gen_rows[0].gen_cols[4].pe_i_dut_csa_tree_ADD_TC_OP_groupi_cdnfadd28/CO  -       CI->CO F     FA1D0           1  1.0    31    84    3299    (-,-) 
  gen_rows[0].gen_cols[4].pe_i_dut_csa_tree_ADD_TC_OP_groupi_cdnfadd29/CO  -       CI->CO F     FA1D0           1  1.9    40    92    3392    (-,-) 
  g341995/CO                                                               -       D->CO  F     CMPE42D1        1  1.0    26   121    3513    (-,-) 
  gen_rows[0].gen_cols[4].pe_i_dut_csa_tree_ADD_TC_OP_groupi_cdnfadd31/CO  -       CI->CO F     FA1D0           1  1.0    31    83    3596    (-,-) 
  gen_rows[0].gen_cols[4].pe_i_dut_csa_tree_ADD_TC_OP_groupi_cdnfadd32/CO  -       CI->CO F     FA1D0           1  1.0    31    84    3680    (-,-) 
  gen_rows[0].gen_cols[4].pe_i_dut_csa_tree_ADD_TC_OP_groupi_cdnfadd33/CO  -       CI->CO F     FA1D0           1  1.0    31    84    3765    (-,-) 
  gen_rows[0].gen_cols[4].pe_i_dut_csa_tree_ADD_TC_OP_groupi_cdnfadd34/CO  -       CI->CO F     FA1D0           1  1.0    31    84    3849    (-,-) 
  gen_rows[0].gen_cols[4].pe_i_dut_csa_tree_ADD_TC_OP_groupi_cdnfadd35/CO  -       CI->CO F     FA1D0           1  1.0    31    84    3934    (-,-) 
  gen_rows[0].gen_cols[4].pe_i_dut_csa_tree_ADD_TC_OP_groupi_cdnfadd36/CO  -       CI->CO F     FA1D0           1  1.0    31    84    4018    (-,-) 
  gen_rows[0].gen_cols[4].pe_i_dut_csa_tree_ADD_TC_OP_groupi_cdnfadd37/CO  -       CI->CO F     FA1D0           1  1.0    31    84    4103    (-,-) 
  gen_rows[0].gen_cols[4].pe_i_dut_csa_tree_ADD_TC_OP_groupi_cdnfadd38/CO  -       CI->CO F     FA1D0           1  1.0    31    84    4187    (-,-) 
  gen_rows[0].gen_cols[4].pe_i_dut_csa_tree_ADD_TC_OP_groupi_cdnfadd39/CO  -       CI->CO F     FA1D0           1  1.0    31    84    4272    (-,-) 
  gen_rows[0].gen_cols[4].pe_i_dut_csa_tree_ADD_TC_OP_groupi_cdnfadd40/CO  -       CI->CO F     FA1D0           1  1.0    31    84    4356    (-,-) 
  gen_rows[0].gen_cols[4].pe_i_dut_csa_tree_ADD_TC_OP_groupi_cdnfadd41/CO  -       CI->CO F     FA1D0           1  2.0    40    93    4449    (-,-) 
  gen_rows[0].gen_cols[4].pe_i_dut_csa_tree_ADD_TC_OP_groupi_cdnfadd42/CO  -       CI->CO F     FA1D1           1  2.0    31    70    4519    (-,-) 
  gen_rows[0].gen_cols[4].pe_i_dut_csa_tree_ADD_TC_OP_groupi_cdnfadd43/CO  -       CI->CO F     FA1D1           1  2.0    31    66    4586    (-,-) 
  gen_rows[0].gen_cols[4].pe_i_dut_csa_tree_ADD_TC_OP_groupi_cdnfadd44/CO  -       CI->CO F     FA1D1           1  2.0    31    66    4652    (-,-) 
  gen_rows[0].gen_cols[4].pe_i_dut_csa_tree_ADD_TC_OP_groupi_cdnfadd45/CO  -       CI->CO F     FA1D1           1  1.0    25    62    4714    (-,-) 
  gen_rows[0].gen_cols[4].pe_i_dut_csa_tree_ADD_TC_OP_groupi_cdnfadd46/CO  -       CI->CO F     FA1D0           1  0.8    29    80    4794    (-,-) 
  gen_rows[0].gen_cols[4].pe_i_dut_csa_tree_ADD_TC_OP_groupi_cdnfadd3771/Z -       A3->Z  R     XOR3D0          1  0.8    31    98    4892    (-,-) 
  g222427/ZN                                                               -       A2->ZN R     IOA21D1         1  1.0    78    65    4956    (-,-) 
  gen_rows[0].gen_cols[4].pe_i_dut_acc_out_reg[47]/D                       -       -      R     DFCNQD1         1    -     -     0    4956    (-,-) 
#---------------------------------------------------------------------------------------------------------------------------------------------------

Capture clock path:
#-----------------------------------------------------------------------------------------------------------------------------
#                    Timing Point                     Flags   Arc   Edge   Cell      Fanout Load Trans Delay Arrival Instance 
#                                                                                           (fF)  (ps)  (ps)   (ps)  Location 
#-----------------------------------------------------------------------------------------------------------------------------
  clk                                                 (i)     -     R     (arrival)  251421  0.0     0     0    5000    (-,-) 
  gen_rows[0].gen_cols[4].pe_i_dut_acc_out_reg[47]/CP <<<     -     R     DFCNQD1    251421    -     0     0    5000    (-,-) 
#-----------------------------------------------------------------------------------------------------------------------------



Path 6: MET (1 ps) Setup Check with Pin gen_rows[0].gen_cols[6].pe_i_dut_acc_out_reg[47]/CP->D
          Group: clk
     Startpoint: (R) gen_rows[0].gen_cols[5].pe_i_dut_data_out_reg[2]/CP
          Clock: (R) clk
       Endpoint: (R) gen_rows[0].gen_cols[6].pe_i_dut_acc_out_reg[47]/D
          Clock: (R) clk

                     Capture       Launch     
        Clock Edge:+    5000            0     
       Src Latency:+       0            0     
       Net Latency:+       0 (I)        0 (I) 
           Arrival:=    5000            0     
                                              
             Setup:-      43                  
     Required Time:=    4957                  
      Launch Clock:-       0                  
         Data Path:-    4956                  
             Slack:=       1                  

Launch clock path:
#-----------------------------------------------------------------------------------------------------------------------------
#                    Timing Point                     Flags   Arc   Edge   Cell      Fanout Load Trans Delay Arrival Instance 
#                                                                                           (fF)  (ps)  (ps)   (ps)  Location 
#-----------------------------------------------------------------------------------------------------------------------------
  clk                                                 (i)     -     R     (arrival)  251421  0.0     0     0       0    (-,-) 
  gen_rows[0].gen_cols[5].pe_i_dut_data_out_reg[2]/CP <<<     -     R     DFCND1     251421    -     0     0       0    (-,-) 
#-----------------------------------------------------------------------------------------------------------------------------

#---------------------------------------------------------------------------------------------------------------------------------------------------
#                              Timing Point                                Flags    Arc   Edge   Cell      Fanout Load Trans Delay Arrival Instance 
#                                                                                                                 (fF)  (ps)  (ps)   (ps)  Location 
#---------------------------------------------------------------------------------------------------------------------------------------------------
  gen_rows[0].gen_cols[5].pe_i_dut_data_out_reg[2]/CP                      -       -      R     (arrival)  251421    -     0     0       0    (-,-) 
  gen_rows[0].gen_cols[5].pe_i_dut_data_out_reg[2]/QN                      -       CP->QN R     DFCND1         40 44.9   368   366     366    (-,-) 
  gen_rows[0].gen_cols[6].pe_i_dut_csa_tree_ADD_TC_OP_groupi_g3718/Z       -       A2->Z  R     OR2XD1          2  2.0    35    88     454    (-,-) 
  gen_rows[0].gen_cols[6].pe_i_dut_csa_tree_ADD_TC_OP_groupi_g3683/ZN      -       B->ZN  F     IOA21D1         2  1.7    34    31     485    (-,-) 
  gen_rows[0].gen_cols[6].pe_i_dut_csa_tree_ADD_TC_OP_groupi_g3763/ZN      -       A1->ZN F     IND2D1         16 14.3   154   132     617    (-,-) 
  gen_rows[0].gen_cols[6].pe_i_dut_csa_tree_ADD_TC_OP_groupi_g3553/ZN      -       A2->ZN R     AOI21D1         2  2.1    83    83     700    (-,-) 
  gen_rows[0].gen_cols[6].pe_i_dut_csa_tree_ADD_TC_OP_groupi_g3489/ZN      -       A1->ZN F     MOAI22D1        1  1.9   102    44     744    (-,-) 
  gen_rows[0].gen_cols[6].pe_i_dut_csa_tree_ADD_TC_OP_groupi_cdnfadd/CO    -       B->CO  F     FA1D0           1  1.0    32   146     890    (-,-) 
  gen_rows[0].gen_cols[6].pe_i_dut_csa_tree_ADD_TC_OP_groupi_cdnfadd1/CO   -       CI->CO F     FA1D0           1  1.0    31    85     975    (-,-) 
  gen_rows[0].gen_cols[6].pe_i_dut_csa_tree_ADD_TC_OP_groupi_cdnfadd2/CO   -       CI->CO F     FA1D0           1  1.0    31    84    1059    (-,-) 
  gen_rows[0].gen_cols[6].pe_i_dut_csa_tree_ADD_TC_OP_groupi_cdnfadd3/CO   -       CI->CO F     FA1D0           1  1.0    31    84    1144    (-,-) 
  gen_rows[0].gen_cols[6].pe_i_dut_csa_tree_ADD_TC_OP_groupi_cdnfadd4/CO   -       CI->CO F     FA1D0           1  1.0    31    84    1228    (-,-) 
  gen_rows[0].gen_cols[6].pe_i_dut_csa_tree_ADD_TC_OP_groupi_cdnfadd5/CO   -       CI->CO F     FA1D0           1  1.9    40    92    1321    (-,-) 
  g338950/CO                                                               -       D->CO  F     CMPE42D1        1  1.0    28   121    1442    (-,-) 
  gen_rows[0].gen_cols[6].pe_i_dut_csa_tree_ADD_TC_OP_groupi_cdnfadd7/CO   -       CI->CO F     FA1D0           1  1.0    31    83    1525    (-,-) 
  gen_rows[0].gen_cols[6].pe_i_dut_csa_tree_ADD_TC_OP_groupi_cdnfadd8/CO   -       CI->CO F     FA1D0           1  1.0    31    84    1609    (-,-) 
  gen_rows[0].gen_cols[6].pe_i_dut_csa_tree_ADD_TC_OP_groupi_cdnfadd9/CO   -       CI->CO F     FA1D0           1  1.0    31    84    1694    (-,-) 
  gen_rows[0].gen_cols[6].pe_i_dut_csa_tree_ADD_TC_OP_groupi_cdnfadd10/CO  -       CI->CO F     FA1D0           1  1.0    31    84    1778    (-,-) 
  gen_rows[0].gen_cols[6].pe_i_dut_csa_tree_ADD_TC_OP_groupi_cdnfadd11/CO  -       CI->CO F     FA1D0           1  1.0    31    84    1863    (-,-) 
  gen_rows[0].gen_cols[6].pe_i_dut_csa_tree_ADD_TC_OP_groupi_cdnfadd12/CO  -       CI->CO F     FA1D0           1  1.0    31    84    1947    (-,-) 
  gen_rows[0].gen_cols[6].pe_i_dut_csa_tree_ADD_TC_OP_groupi_cdnfadd13/CO  -       CI->CO F     FA1D0           1  1.0    31    84    2032    (-,-) 
  gen_rows[0].gen_cols[6].pe_i_dut_csa_tree_ADD_TC_OP_groupi_cdnfadd14/CO  -       CI->CO F     FA1D0           1  1.0    31    84    2116    (-,-) 
  gen_rows[0].gen_cols[6].pe_i_dut_csa_tree_ADD_TC_OP_groupi_cdnfadd15/CO  -       CI->CO F     FA1D0           1  1.0    31    84    2201    (-,-) 
  gen_rows[0].gen_cols[6].pe_i_dut_csa_tree_ADD_TC_OP_groupi_cdnfadd16/CO  -       CI->CO F     FA1D0           1  1.0    31    84    2285    (-,-) 
  gen_rows[0].gen_cols[6].pe_i_dut_csa_tree_ADD_TC_OP_groupi_cdnfadd17/CO  -       CI->CO F     FA1D0           1  1.0    31    84    2370    (-,-) 
  gen_rows[0].gen_cols[6].pe_i_dut_csa_tree_ADD_TC_OP_groupi_cdnfadd18/CO  -       CI->CO F     FA1D0           1  1.0    31    84    2454    (-,-) 
  gen_rows[0].gen_cols[6].pe_i_dut_csa_tree_ADD_TC_OP_groupi_cdnfadd19/CO  -       CI->CO F     FA1D0           1  1.0    31    84    2539    (-,-) 
  gen_rows[0].gen_cols[6].pe_i_dut_csa_tree_ADD_TC_OP_groupi_cdnfadd20/CO  -       CI->CO F     FA1D0           1  1.0    31    84    2623    (-,-) 
  gen_rows[0].gen_cols[6].pe_i_dut_csa_tree_ADD_TC_OP_groupi_cdnfadd21/CO  -       CI->CO F     FA1D0           1  1.0    31    84    2708    (-,-) 
  gen_rows[0].gen_cols[6].pe_i_dut_csa_tree_ADD_TC_OP_groupi_cdnfadd22/CO  -       CI->CO F     FA1D0           1  1.0    31    84    2792    (-,-) 
  gen_rows[0].gen_cols[6].pe_i_dut_csa_tree_ADD_TC_OP_groupi_cdnfadd23/CO  -       CI->CO F     FA1D0           1  1.0    31    84    2877    (-,-) 
  gen_rows[0].gen_cols[6].pe_i_dut_csa_tree_ADD_TC_OP_groupi_cdnfadd24/CO  -       CI->CO F     FA1D0           1  1.0    31    84    2961    (-,-) 
  gen_rows[0].gen_cols[6].pe_i_dut_csa_tree_ADD_TC_OP_groupi_cdnfadd25/CO  -       CI->CO F     FA1D0           1  1.0    31    84    3046    (-,-) 
  gen_rows[0].gen_cols[6].pe_i_dut_csa_tree_ADD_TC_OP_groupi_cdnfadd26/CO  -       CI->CO F     FA1D0           1  1.0    31    84    3130    (-,-) 
  gen_rows[0].gen_cols[6].pe_i_dut_csa_tree_ADD_TC_OP_groupi_cdnfadd27/CO  -       CI->CO F     FA1D0           1  1.0    31    84    3215    (-,-) 
  gen_rows[0].gen_cols[6].pe_i_dut_csa_tree_ADD_TC_OP_groupi_cdnfadd28/CO  -       CI->CO F     FA1D0           1  1.0    31    84    3299    (-,-) 
  gen_rows[0].gen_cols[6].pe_i_dut_csa_tree_ADD_TC_OP_groupi_cdnfadd29/CO  -       CI->CO F     FA1D0           1  1.9    40    92    3392    (-,-) 
  g338926/CO                                                               -       D->CO  F     CMPE42D1        1  1.0    26   121    3513    (-,-) 
  gen_rows[0].gen_cols[6].pe_i_dut_csa_tree_ADD_TC_OP_groupi_cdnfadd31/CO  -       CI->CO F     FA1D0           1  1.0    31    83    3596    (-,-) 
  gen_rows[0].gen_cols[6].pe_i_dut_csa_tree_ADD_TC_OP_groupi_cdnfadd32/CO  -       CI->CO F     FA1D0           1  1.0    31    84    3680    (-,-) 
  gen_rows[0].gen_cols[6].pe_i_dut_csa_tree_ADD_TC_OP_groupi_cdnfadd33/CO  -       CI->CO F     FA1D0           1  1.0    31    84    3765    (-,-) 
  gen_rows[0].gen_cols[6].pe_i_dut_csa_tree_ADD_TC_OP_groupi_cdnfadd34/CO  -       CI->CO F     FA1D0           1  1.0    31    84    3849    (-,-) 
  gen_rows[0].gen_cols[6].pe_i_dut_csa_tree_ADD_TC_OP_groupi_cdnfadd35/CO  -       CI->CO F     FA1D0           1  1.0    31    84    3934    (-,-) 
  gen_rows[0].gen_cols[6].pe_i_dut_csa_tree_ADD_TC_OP_groupi_cdnfadd36/CO  -       CI->CO F     FA1D0           1  1.0    31    84    4018    (-,-) 
  gen_rows[0].gen_cols[6].pe_i_dut_csa_tree_ADD_TC_OP_groupi_cdnfadd37/CO  -       CI->CO F     FA1D0           1  1.0    31    84    4103    (-,-) 
  gen_rows[0].gen_cols[6].pe_i_dut_csa_tree_ADD_TC_OP_groupi_cdnfadd38/CO  -       CI->CO F     FA1D0           1  1.0    31    84    4187    (-,-) 
  gen_rows[0].gen_cols[6].pe_i_dut_csa_tree_ADD_TC_OP_groupi_cdnfadd39/CO  -       CI->CO F     FA1D0           1  1.0    31    84    4272    (-,-) 
  gen_rows[0].gen_cols[6].pe_i_dut_csa_tree_ADD_TC_OP_groupi_cdnfadd40/CO  -       CI->CO F     FA1D0           1  1.0    31    84    4356    (-,-) 
  gen_rows[0].gen_cols[6].pe_i_dut_csa_tree_ADD_TC_OP_groupi_cdnfadd41/CO  -       CI->CO F     FA1D0           1  2.0    40    93    4449    (-,-) 
  gen_rows[0].gen_cols[6].pe_i_dut_csa_tree_ADD_TC_OP_groupi_cdnfadd42/CO  -       CI->CO F     FA1D1           1  2.0    31    70    4519    (-,-) 
  gen_rows[0].gen_cols[6].pe_i_dut_csa_tree_ADD_TC_OP_groupi_cdnfadd43/CO  -       CI->CO F     FA1D1           1  2.0    31    66    4586    (-,-) 
  gen_rows[0].gen_cols[6].pe_i_dut_csa_tree_ADD_TC_OP_groupi_cdnfadd44/CO  -       CI->CO F     FA1D1           1  2.0    31    66    4652    (-,-) 
  gen_rows[0].gen_cols[6].pe_i_dut_csa_tree_ADD_TC_OP_groupi_cdnfadd45/CO  -       CI->CO F     FA1D1           1  1.0    25    62    4714    (-,-) 
  gen_rows[0].gen_cols[6].pe_i_dut_csa_tree_ADD_TC_OP_groupi_cdnfadd46/CO  -       CI->CO F     FA1D0           1  0.8    29    80    4794    (-,-) 
  gen_rows[0].gen_cols[6].pe_i_dut_csa_tree_ADD_TC_OP_groupi_cdnfadd3771/Z -       A3->Z  R     XOR3D0          1  0.8    31    98    4892    (-,-) 
  g220160__7098/ZN                                                         -       A2->ZN R     IOA21D1         1  1.0    78    65    4956    (-,-) 
  gen_rows[0].gen_cols[6].pe_i_dut_acc_out_reg[47]/D                       -       -      R     DFCNQD1         1    -     -     0    4956    (-,-) 
#---------------------------------------------------------------------------------------------------------------------------------------------------

Capture clock path:
#-----------------------------------------------------------------------------------------------------------------------------
#                    Timing Point                     Flags   Arc   Edge   Cell      Fanout Load Trans Delay Arrival Instance 
#                                                                                           (fF)  (ps)  (ps)   (ps)  Location 
#-----------------------------------------------------------------------------------------------------------------------------
  clk                                                 (i)     -     R     (arrival)  251421  0.0     0     0    5000    (-,-) 
  gen_rows[0].gen_cols[6].pe_i_dut_acc_out_reg[47]/CP <<<     -     R     DFCNQD1    251421    -     0     0    5000    (-,-) 
#-----------------------------------------------------------------------------------------------------------------------------



Path 7: MET (1 ps) Setup Check with Pin gen_rows[0].gen_cols[11].pe_i_dut_acc_out_reg[47]/CP->D
          Group: clk
     Startpoint: (R) gen_rows[0].gen_cols[10].pe_i_dut_data_out_reg[2]/CP
          Clock: (R) clk
       Endpoint: (R) gen_rows[0].gen_cols[11].pe_i_dut_acc_out_reg[47]/D
          Clock: (R) clk

                     Capture       Launch     
        Clock Edge:+    5000            0     
       Src Latency:+       0            0     
       Net Latency:+       0 (I)        0 (I) 
           Arrival:=    5000            0     
                                              
             Setup:-      43                  
     Required Time:=    4957                  
      Launch Clock:-       0                  
         Data Path:-    4956                  
             Slack:=       1                  

Launch clock path:
#------------------------------------------------------------------------------------------------------------------------------
#                    Timing Point                      Flags   Arc   Edge   Cell      Fanout Load Trans Delay Arrival Instance 
#                                                                                            (fF)  (ps)  (ps)   (ps)  Location 
#------------------------------------------------------------------------------------------------------------------------------
  clk                                                  (i)     -     R     (arrival)  251421  0.0     0     0       0    (-,-) 
  gen_rows[0].gen_cols[10].pe_i_dut_data_out_reg[2]/CP <<<     -     R     DFCND1     251421    -     0     0       0    (-,-) 
#------------------------------------------------------------------------------------------------------------------------------

#----------------------------------------------------------------------------------------------------------------------------------------------------
#                               Timing Point                                Flags    Arc   Edge   Cell      Fanout Load Trans Delay Arrival Instance 
#                                                                                                                  (fF)  (ps)  (ps)   (ps)  Location 
#----------------------------------------------------------------------------------------------------------------------------------------------------
  gen_rows[0].gen_cols[10].pe_i_dut_data_out_reg[2]/CP                      -       -      R     (arrival)  251421    -     0     0       0    (-,-) 
  gen_rows[0].gen_cols[10].pe_i_dut_data_out_reg[2]/QN                      -       CP->QN R     DFCND1         40 44.9   368   366     366    (-,-) 
  gen_rows[0].gen_cols[11].pe_i_dut_csa_tree_ADD_TC_OP_groupi_g3718/Z       -       A2->Z  R     OR2XD1          2  2.0    35    88     454    (-,-) 
  gen_rows[0].gen_cols[11].pe_i_dut_csa_tree_ADD_TC_OP_groupi_g3683/ZN      -       B->ZN  F     IOA21D1         2  1.7    34    31     485    (-,-) 
  gen_rows[0].gen_cols[11].pe_i_dut_csa_tree_ADD_TC_OP_groupi_g3763/ZN      -       A1->ZN F     IND2D1         16 14.3   154   132     617    (-,-) 
  gen_rows[0].gen_cols[11].pe_i_dut_csa_tree_ADD_TC_OP_groupi_g3553/ZN      -       A2->ZN R     AOI21D1         2  2.1    83    83     700    (-,-) 
  gen_rows[0].gen_cols[11].pe_i_dut_csa_tree_ADD_TC_OP_groupi_g3489/ZN      -       A1->ZN F     MOAI22D1        1  1.9   102    44     744    (-,-) 
  gen_rows[0].gen_cols[11].pe_i_dut_csa_tree_ADD_TC_OP_groupi_cdnfadd/CO    -       B->CO  F     FA1D0           1  1.0    32   146     890    (-,-) 
  gen_rows[0].gen_cols[11].pe_i_dut_csa_tree_ADD_TC_OP_groupi_cdnfadd1/CO   -       CI->CO F     FA1D0           1  1.0    31    85     975    (-,-) 
  gen_rows[0].gen_cols[11].pe_i_dut_csa_tree_ADD_TC_OP_groupi_cdnfadd2/CO   -       CI->CO F     FA1D0           1  1.0    31    84    1059    (-,-) 
  gen_rows[0].gen_cols[11].pe_i_dut_csa_tree_ADD_TC_OP_groupi_cdnfadd3/CO   -       CI->CO F     FA1D0           1  1.0    31    84    1144    (-,-) 
  gen_rows[0].gen_cols[11].pe_i_dut_csa_tree_ADD_TC_OP_groupi_cdnfadd4/CO   -       CI->CO F     FA1D0           1  1.0    31    84    1228    (-,-) 
  gen_rows[0].gen_cols[11].pe_i_dut_csa_tree_ADD_TC_OP_groupi_cdnfadd5/CO   -       CI->CO F     FA1D0           1  1.9    40    92    1321    (-,-) 
  g10054/CO                                                                 -       D->CO  F     CMPE42D1        1  1.0    28   121    1442    (-,-) 
  gen_rows[0].gen_cols[11].pe_i_dut_csa_tree_ADD_TC_OP_groupi_cdnfadd7/CO   -       CI->CO F     FA1D0           1  1.0    31    83    1525    (-,-) 
  gen_rows[0].gen_cols[11].pe_i_dut_csa_tree_ADD_TC_OP_groupi_cdnfadd8/CO   -       CI->CO F     FA1D0           1  1.0    31    84    1609    (-,-) 
  gen_rows[0].gen_cols[11].pe_i_dut_csa_tree_ADD_TC_OP_groupi_cdnfadd9/CO   -       CI->CO F     FA1D0           1  1.0    31    84    1694    (-,-) 
  gen_rows[0].gen_cols[11].pe_i_dut_csa_tree_ADD_TC_OP_groupi_cdnfadd10/CO  -       CI->CO F     FA1D0           1  1.0    31    84    1778    (-,-) 
  gen_rows[0].gen_cols[11].pe_i_dut_csa_tree_ADD_TC_OP_groupi_cdnfadd11/CO  -       CI->CO F     FA1D0           1  1.0    31    84    1863    (-,-) 
  gen_rows[0].gen_cols[11].pe_i_dut_csa_tree_ADD_TC_OP_groupi_cdnfadd12/CO  -       CI->CO F     FA1D0           1  1.0    31    84    1947    (-,-) 
  gen_rows[0].gen_cols[11].pe_i_dut_csa_tree_ADD_TC_OP_groupi_cdnfadd13/CO  -       CI->CO F     FA1D0           1  1.0    31    84    2032    (-,-) 
  gen_rows[0].gen_cols[11].pe_i_dut_csa_tree_ADD_TC_OP_groupi_cdnfadd14/CO  -       CI->CO F     FA1D0           1  1.0    31    84    2116    (-,-) 
  gen_rows[0].gen_cols[11].pe_i_dut_csa_tree_ADD_TC_OP_groupi_cdnfadd15/CO  -       CI->CO F     FA1D0           1  1.0    31    84    2201    (-,-) 
  gen_rows[0].gen_cols[11].pe_i_dut_csa_tree_ADD_TC_OP_groupi_cdnfadd16/CO  -       CI->CO F     FA1D0           1  1.0    31    84    2285    (-,-) 
  gen_rows[0].gen_cols[11].pe_i_dut_csa_tree_ADD_TC_OP_groupi_cdnfadd17/CO  -       CI->CO F     FA1D0           1  1.0    31    84    2370    (-,-) 
  gen_rows[0].gen_cols[11].pe_i_dut_csa_tree_ADD_TC_OP_groupi_cdnfadd18/CO  -       CI->CO F     FA1D0           1  1.0    31    84    2454    (-,-) 
  gen_rows[0].gen_cols[11].pe_i_dut_csa_tree_ADD_TC_OP_groupi_cdnfadd19/CO  -       CI->CO F     FA1D0           1  1.0    31    84    2539    (-,-) 
  gen_rows[0].gen_cols[11].pe_i_dut_csa_tree_ADD_TC_OP_groupi_cdnfadd20/CO  -       CI->CO F     FA1D0           1  1.0    31    84    2623    (-,-) 
  gen_rows[0].gen_cols[11].pe_i_dut_csa_tree_ADD_TC_OP_groupi_cdnfadd21/CO  -       CI->CO F     FA1D0           1  1.0    31    84    2708    (-,-) 
  gen_rows[0].gen_cols[11].pe_i_dut_csa_tree_ADD_TC_OP_groupi_cdnfadd22/CO  -       CI->CO F     FA1D0           1  1.0    31    84    2792    (-,-) 
  gen_rows[0].gen_cols[11].pe_i_dut_csa_tree_ADD_TC_OP_groupi_cdnfadd23/CO  -       CI->CO F     FA1D0           1  1.0    31    84    2877    (-,-) 
  gen_rows[0].gen_cols[11].pe_i_dut_csa_tree_ADD_TC_OP_groupi_cdnfadd24/CO  -       CI->CO F     FA1D0           1  1.0    31    84    2961    (-,-) 
  gen_rows[0].gen_cols[11].pe_i_dut_csa_tree_ADD_TC_OP_groupi_cdnfadd25/CO  -       CI->CO F     FA1D0           1  1.0    31    84    3046    (-,-) 
  gen_rows[0].gen_cols[11].pe_i_dut_csa_tree_ADD_TC_OP_groupi_cdnfadd26/CO  -       CI->CO F     FA1D0           1  1.0    31    84    3130    (-,-) 
  gen_rows[0].gen_cols[11].pe_i_dut_csa_tree_ADD_TC_OP_groupi_cdnfadd27/CO  -       CI->CO F     FA1D0           1  1.0    31    84    3215    (-,-) 
  gen_rows[0].gen_cols[11].pe_i_dut_csa_tree_ADD_TC_OP_groupi_cdnfadd28/CO  -       CI->CO F     FA1D0           1  1.0    31    84    3299    (-,-) 
  gen_rows[0].gen_cols[11].pe_i_dut_csa_tree_ADD_TC_OP_groupi_cdnfadd29/CO  -       CI->CO F     FA1D0           1  1.9    40    92    3392    (-,-) 
  g10037/CO                                                                 -       D->CO  F     CMPE42D1        1  1.0    26   121    3513    (-,-) 
  gen_rows[0].gen_cols[11].pe_i_dut_csa_tree_ADD_TC_OP_groupi_cdnfadd31/CO  -       CI->CO F     FA1D0           1  1.0    31    83    3596    (-,-) 
  gen_rows[0].gen_cols[11].pe_i_dut_csa_tree_ADD_TC_OP_groupi_cdnfadd32/CO  -       CI->CO F     FA1D0           1  1.0    31    84    3680    (-,-) 
  gen_rows[0].gen_cols[11].pe_i_dut_csa_tree_ADD_TC_OP_groupi_cdnfadd33/CO  -       CI->CO F     FA1D0           1  1.0    31    84    3765    (-,-) 
  gen_rows[0].gen_cols[11].pe_i_dut_csa_tree_ADD_TC_OP_groupi_cdnfadd34/CO  -       CI->CO F     FA1D0           1  1.0    31    84    3849    (-,-) 
  gen_rows[0].gen_cols[11].pe_i_dut_csa_tree_ADD_TC_OP_groupi_cdnfadd35/CO  -       CI->CO F     FA1D0           1  1.0    31    84    3934    (-,-) 
  gen_rows[0].gen_cols[11].pe_i_dut_csa_tree_ADD_TC_OP_groupi_cdnfadd36/CO  -       CI->CO F     FA1D0           1  1.0    31    84    4018    (-,-) 
  gen_rows[0].gen_cols[11].pe_i_dut_csa_tree_ADD_TC_OP_groupi_cdnfadd37/CO  -       CI->CO F     FA1D0           1  1.0    31    84    4103    (-,-) 
  gen_rows[0].gen_cols[11].pe_i_dut_csa_tree_ADD_TC_OP_groupi_cdnfadd38/CO  -       CI->CO F     FA1D0           1  1.0    31    84    4187    (-,-) 
  gen_rows[0].gen_cols[11].pe_i_dut_csa_tree_ADD_TC_OP_groupi_cdnfadd39/CO  -       CI->CO F     FA1D0           1  1.0    31    84    4272    (-,-) 
  gen_rows[0].gen_cols[11].pe_i_dut_csa_tree_ADD_TC_OP_groupi_cdnfadd40/CO  -       CI->CO F     FA1D0           1  1.0    31    84    4356    (-,-) 
  gen_rows[0].gen_cols[11].pe_i_dut_csa_tree_ADD_TC_OP_groupi_cdnfadd41/CO  -       CI->CO F     FA1D0           1  2.0    40    93    4449    (-,-) 
  gen_rows[0].gen_cols[11].pe_i_dut_csa_tree_ADD_TC_OP_groupi_cdnfadd42/CO  -       CI->CO F     FA1D1           1  2.0    31    70    4519    (-,-) 
  gen_rows[0].gen_cols[11].pe_i_dut_csa_tree_ADD_TC_OP_groupi_cdnfadd43/CO  -       CI->CO F     FA1D1           1  2.0    31    66    4586    (-,-) 
  gen_rows[0].gen_cols[11].pe_i_dut_csa_tree_ADD_TC_OP_groupi_cdnfadd44/CO  -       CI->CO F     FA1D1           1  2.0    31    66    4652    (-,-) 
  gen_rows[0].gen_cols[11].pe_i_dut_csa_tree_ADD_TC_OP_groupi_cdnfadd45/CO  -       CI->CO F     FA1D1           1  1.0    25    62    4714    (-,-) 
  gen_rows[0].gen_cols[11].pe_i_dut_csa_tree_ADD_TC_OP_groupi_cdnfadd46/CO  -       CI->CO F     FA1D0           1  0.8    29    80    4794    (-,-) 
  gen_rows[0].gen_cols[11].pe_i_dut_csa_tree_ADD_TC_OP_groupi_cdnfadd3771/Z -       A3->Z  R     XOR3D0          1  0.8    31    98    4892    (-,-) 
  g25994/ZN                                                                 -       A2->ZN R     IOA21D1         1  1.0    78    65    4956    (-,-) 
  gen_rows[0].gen_cols[11].pe_i_dut_acc_out_reg[47]/D                       -       -      R     DFCNQD1         1    -     -     0    4956    (-,-) 
#----------------------------------------------------------------------------------------------------------------------------------------------------

Capture clock path:
#------------------------------------------------------------------------------------------------------------------------------
#                    Timing Point                      Flags   Arc   Edge   Cell      Fanout Load Trans Delay Arrival Instance 
#                                                                                            (fF)  (ps)  (ps)   (ps)  Location 
#------------------------------------------------------------------------------------------------------------------------------
  clk                                                  (i)     -     R     (arrival)  251421  0.0     0     0    5000    (-,-) 
  gen_rows[0].gen_cols[11].pe_i_dut_acc_out_reg[47]/CP <<<     -     R     DFCNQD1    251421    -     0     0    5000    (-,-) 
#------------------------------------------------------------------------------------------------------------------------------



Path 8: MET (1 ps) Setup Check with Pin gen_rows[0].gen_cols[20].pe_i_dut_acc_out_reg[47]/CP->D
          Group: clk
     Startpoint: (R) gen_rows[0].gen_cols[19].pe_i_dut_data_out_reg[2]/CP
          Clock: (R) clk
       Endpoint: (R) gen_rows[0].gen_cols[20].pe_i_dut_acc_out_reg[47]/D
          Clock: (R) clk

                     Capture       Launch     
        Clock Edge:+    5000            0     
       Src Latency:+       0            0     
       Net Latency:+       0 (I)        0 (I) 
           Arrival:=    5000            0     
                                              
             Setup:-      43                  
     Required Time:=    4957                  
      Launch Clock:-       0                  
         Data Path:-    4956                  
             Slack:=       1                  

Launch clock path:
#------------------------------------------------------------------------------------------------------------------------------
#                    Timing Point                      Flags   Arc   Edge   Cell      Fanout Load Trans Delay Arrival Instance 
#                                                                                            (fF)  (ps)  (ps)   (ps)  Location 
#------------------------------------------------------------------------------------------------------------------------------
  clk                                                  (i)     -     R     (arrival)  251421  0.0     0     0       0    (-,-) 
  gen_rows[0].gen_cols[19].pe_i_dut_data_out_reg[2]/CP <<<     -     R     DFCND1     251421    -     0     0       0    (-,-) 
#------------------------------------------------------------------------------------------------------------------------------

#----------------------------------------------------------------------------------------------------------------------------------------------------
#                               Timing Point                                Flags    Arc   Edge   Cell      Fanout Load Trans Delay Arrival Instance 
#                                                                                                                  (fF)  (ps)  (ps)   (ps)  Location 
#----------------------------------------------------------------------------------------------------------------------------------------------------
  gen_rows[0].gen_cols[19].pe_i_dut_data_out_reg[2]/CP                      -       -      R     (arrival)  251421    -     0     0       0    (-,-) 
  gen_rows[0].gen_cols[19].pe_i_dut_data_out_reg[2]/QN                      -       CP->QN R     DFCND1         40 44.9   368   366     366    (-,-) 
  gen_rows[0].gen_cols[20].pe_i_dut_csa_tree_ADD_TC_OP_groupi_g3718/Z       -       A2->Z  R     OR2XD1          2  2.0    35    88     454    (-,-) 
  gen_rows[0].gen_cols[20].pe_i_dut_csa_tree_ADD_TC_OP_groupi_g3683/ZN      -       B->ZN  F     IOA21D1         2  1.7    34    31     485    (-,-) 
  gen_rows[0].gen_cols[20].pe_i_dut_csa_tree_ADD_TC_OP_groupi_g3763/ZN      -       A1->ZN F     IND2D1         16 14.3   154   132     617    (-,-) 
  gen_rows[0].gen_cols[20].pe_i_dut_csa_tree_ADD_TC_OP_groupi_g3553/ZN      -       A2->ZN R     AOI21D1         2  2.1    83    83     700    (-,-) 
  gen_rows[0].gen_cols[20].pe_i_dut_csa_tree_ADD_TC_OP_groupi_g3489/ZN      -       A1->ZN F     MOAI22D1        1  1.9   102    44     744    (-,-) 
  gen_rows[0].gen_cols[20].pe_i_dut_csa_tree_ADD_TC_OP_groupi_cdnfadd/CO    -       B->CO  F     FA1D0           1  1.0    32   146     890    (-,-) 
  gen_rows[0].gen_cols[20].pe_i_dut_csa_tree_ADD_TC_OP_groupi_cdnfadd1/CO   -       CI->CO F     FA1D0           1  1.0    31    85     975    (-,-) 
  gen_rows[0].gen_cols[20].pe_i_dut_csa_tree_ADD_TC_OP_groupi_cdnfadd2/CO   -       CI->CO F     FA1D0           1  1.0    31    84    1059    (-,-) 
  gen_rows[0].gen_cols[20].pe_i_dut_csa_tree_ADD_TC_OP_groupi_cdnfadd3/CO   -       CI->CO F     FA1D0           1  1.0    31    84    1144    (-,-) 
  gen_rows[0].gen_cols[20].pe_i_dut_csa_tree_ADD_TC_OP_groupi_cdnfadd4/CO   -       CI->CO F     FA1D0           1  1.0    31    84    1228    (-,-) 
  gen_rows[0].gen_cols[20].pe_i_dut_csa_tree_ADD_TC_OP_groupi_cdnfadd5/CO   -       CI->CO F     FA1D0           1  1.9    40    92    1321    (-,-) 
  g9903/CO                                                                  -       D->CO  F     CMPE42D1        1  1.0    28   121    1442    (-,-) 
  gen_rows[0].gen_cols[20].pe_i_dut_csa_tree_ADD_TC_OP_groupi_cdnfadd7/CO   -       CI->CO F     FA1D0           1  1.0    31    83    1525    (-,-) 
  gen_rows[0].gen_cols[20].pe_i_dut_csa_tree_ADD_TC_OP_groupi_cdnfadd8/CO   -       CI->CO F     FA1D0           1  1.0    31    84    1609    (-,-) 
  gen_rows[0].gen_cols[20].pe_i_dut_csa_tree_ADD_TC_OP_groupi_cdnfadd9/CO   -       CI->CO F     FA1D0           1  1.0    31    84    1694    (-,-) 
  gen_rows[0].gen_cols[20].pe_i_dut_csa_tree_ADD_TC_OP_groupi_cdnfadd10/CO  -       CI->CO F     FA1D0           1  1.0    31    84    1778    (-,-) 
  gen_rows[0].gen_cols[20].pe_i_dut_csa_tree_ADD_TC_OP_groupi_cdnfadd11/CO  -       CI->CO F     FA1D0           1  1.0    31    84    1863    (-,-) 
  gen_rows[0].gen_cols[20].pe_i_dut_csa_tree_ADD_TC_OP_groupi_cdnfadd12/CO  -       CI->CO F     FA1D0           1  1.0    31    84    1947    (-,-) 
  gen_rows[0].gen_cols[20].pe_i_dut_csa_tree_ADD_TC_OP_groupi_cdnfadd13/CO  -       CI->CO F     FA1D0           1  1.0    31    84    2032    (-,-) 
  gen_rows[0].gen_cols[20].pe_i_dut_csa_tree_ADD_TC_OP_groupi_cdnfadd14/CO  -       CI->CO F     FA1D0           1  1.0    31    84    2116    (-,-) 
  gen_rows[0].gen_cols[20].pe_i_dut_csa_tree_ADD_TC_OP_groupi_cdnfadd15/CO  -       CI->CO F     FA1D0           1  1.0    31    84    2201    (-,-) 
  gen_rows[0].gen_cols[20].pe_i_dut_csa_tree_ADD_TC_OP_groupi_cdnfadd16/CO  -       CI->CO F     FA1D0           1  1.0    31    84    2285    (-,-) 
  gen_rows[0].gen_cols[20].pe_i_dut_csa_tree_ADD_TC_OP_groupi_cdnfadd17/CO  -       CI->CO F     FA1D0           1  1.0    31    84    2370    (-,-) 
  gen_rows[0].gen_cols[20].pe_i_dut_csa_tree_ADD_TC_OP_groupi_cdnfadd18/CO  -       CI->CO F     FA1D0           1  1.0    31    84    2454    (-,-) 
  gen_rows[0].gen_cols[20].pe_i_dut_csa_tree_ADD_TC_OP_groupi_cdnfadd19/CO  -       CI->CO F     FA1D0           1  1.0    31    84    2539    (-,-) 
  gen_rows[0].gen_cols[20].pe_i_dut_csa_tree_ADD_TC_OP_groupi_cdnfadd20/CO  -       CI->CO F     FA1D0           1  1.0    31    84    2623    (-,-) 
  gen_rows[0].gen_cols[20].pe_i_dut_csa_tree_ADD_TC_OP_groupi_cdnfadd21/CO  -       CI->CO F     FA1D0           1  1.0    31    84    2708    (-,-) 
  gen_rows[0].gen_cols[20].pe_i_dut_csa_tree_ADD_TC_OP_groupi_cdnfadd22/CO  -       CI->CO F     FA1D0           1  1.0    31    84    2792    (-,-) 
  gen_rows[0].gen_cols[20].pe_i_dut_csa_tree_ADD_TC_OP_groupi_cdnfadd23/CO  -       CI->CO F     FA1D0           1  1.0    31    84    2877    (-,-) 
  gen_rows[0].gen_cols[20].pe_i_dut_csa_tree_ADD_TC_OP_groupi_cdnfadd24/CO  -       CI->CO F     FA1D0           1  1.0    31    84    2961    (-,-) 
  gen_rows[0].gen_cols[20].pe_i_dut_csa_tree_ADD_TC_OP_groupi_cdnfadd25/CO  -       CI->CO F     FA1D0           1  1.0    31    84    3046    (-,-) 
  gen_rows[0].gen_cols[20].pe_i_dut_csa_tree_ADD_TC_OP_groupi_cdnfadd26/CO  -       CI->CO F     FA1D0           1  1.0    31    84    3130    (-,-) 
  gen_rows[0].gen_cols[20].pe_i_dut_csa_tree_ADD_TC_OP_groupi_cdnfadd27/CO  -       CI->CO F     FA1D0           1  1.0    31    84    3215    (-,-) 
  gen_rows[0].gen_cols[20].pe_i_dut_csa_tree_ADD_TC_OP_groupi_cdnfadd28/CO  -       CI->CO F     FA1D0           1  1.0    31    84    3299    (-,-) 
  gen_rows[0].gen_cols[20].pe_i_dut_csa_tree_ADD_TC_OP_groupi_cdnfadd29/CO  -       CI->CO F     FA1D0           1  1.9    40    92    3392    (-,-) 
  g9886/CO                                                                  -       D->CO  F     CMPE42D1        1  1.0    26   121    3513    (-,-) 
  gen_rows[0].gen_cols[20].pe_i_dut_csa_tree_ADD_TC_OP_groupi_cdnfadd31/CO  -       CI->CO F     FA1D0           1  1.0    31    83    3596    (-,-) 
  gen_rows[0].gen_cols[20].pe_i_dut_csa_tree_ADD_TC_OP_groupi_cdnfadd32/CO  -       CI->CO F     FA1D0           1  1.0    31    84    3680    (-,-) 
  gen_rows[0].gen_cols[20].pe_i_dut_csa_tree_ADD_TC_OP_groupi_cdnfadd33/CO  -       CI->CO F     FA1D0           1  1.0    31    84    3765    (-,-) 
  gen_rows[0].gen_cols[20].pe_i_dut_csa_tree_ADD_TC_OP_groupi_cdnfadd34/CO  -       CI->CO F     FA1D0           1  1.0    31    84    3849    (-,-) 
  gen_rows[0].gen_cols[20].pe_i_dut_csa_tree_ADD_TC_OP_groupi_cdnfadd35/CO  -       CI->CO F     FA1D0           1  1.0    31    84    3934    (-,-) 
  gen_rows[0].gen_cols[20].pe_i_dut_csa_tree_ADD_TC_OP_groupi_cdnfadd36/CO  -       CI->CO F     FA1D0           1  1.0    31    84    4018    (-,-) 
  gen_rows[0].gen_cols[20].pe_i_dut_csa_tree_ADD_TC_OP_groupi_cdnfadd37/CO  -       CI->CO F     FA1D0           1  1.0    31    84    4103    (-,-) 
  gen_rows[0].gen_cols[20].pe_i_dut_csa_tree_ADD_TC_OP_groupi_cdnfadd38/CO  -       CI->CO F     FA1D0           1  1.0    31    84    4187    (-,-) 
  gen_rows[0].gen_cols[20].pe_i_dut_csa_tree_ADD_TC_OP_groupi_cdnfadd39/CO  -       CI->CO F     FA1D0           1  1.0    31    84    4272    (-,-) 
  gen_rows[0].gen_cols[20].pe_i_dut_csa_tree_ADD_TC_OP_groupi_cdnfadd40/CO  -       CI->CO F     FA1D0           1  1.0    31    84    4356    (-,-) 
  gen_rows[0].gen_cols[20].pe_i_dut_csa_tree_ADD_TC_OP_groupi_cdnfadd41/CO  -       CI->CO F     FA1D0           1  2.0    40    93    4449    (-,-) 
  gen_rows[0].gen_cols[20].pe_i_dut_csa_tree_ADD_TC_OP_groupi_cdnfadd42/CO  -       CI->CO F     FA1D1           1  2.0    31    70    4519    (-,-) 
  gen_rows[0].gen_cols[20].pe_i_dut_csa_tree_ADD_TC_OP_groupi_cdnfadd43/CO  -       CI->CO F     FA1D1           1  2.0    31    66    4586    (-,-) 
  gen_rows[0].gen_cols[20].pe_i_dut_csa_tree_ADD_TC_OP_groupi_cdnfadd44/CO  -       CI->CO F     FA1D1           1  2.0    31    66    4652    (-,-) 
  gen_rows[0].gen_cols[20].pe_i_dut_csa_tree_ADD_TC_OP_groupi_cdnfadd45/CO  -       CI->CO F     FA1D1           1  1.0    25    62    4714    (-,-) 
  gen_rows[0].gen_cols[20].pe_i_dut_csa_tree_ADD_TC_OP_groupi_cdnfadd46/CO  -       CI->CO F     FA1D0           1  0.8    29    80    4794    (-,-) 
  gen_rows[0].gen_cols[20].pe_i_dut_csa_tree_ADD_TC_OP_groupi_cdnfadd3771/Z -       A3->Z  R     XOR3D0          1  0.8    31    98    4892    (-,-) 
  g221345/ZN                                                                -       A2->ZN R     IOA21D1         1  1.0    78    65    4956    (-,-) 
  gen_rows[0].gen_cols[20].pe_i_dut_acc_out_reg[47]/D                       -       -      R     DFCNQD1         1    -     -     0    4956    (-,-) 
#----------------------------------------------------------------------------------------------------------------------------------------------------

Capture clock path:
#------------------------------------------------------------------------------------------------------------------------------
#                    Timing Point                      Flags   Arc   Edge   Cell      Fanout Load Trans Delay Arrival Instance 
#                                                                                            (fF)  (ps)  (ps)   (ps)  Location 
#------------------------------------------------------------------------------------------------------------------------------
  clk                                                  (i)     -     R     (arrival)  251421  0.0     0     0    5000    (-,-) 
  gen_rows[0].gen_cols[20].pe_i_dut_acc_out_reg[47]/CP <<<     -     R     DFCNQD1    251421    -     0     0    5000    (-,-) 
#------------------------------------------------------------------------------------------------------------------------------



Path 9: MET (1 ps) Setup Check with Pin gen_rows[0].gen_cols[12].pe_i_dut_acc_out_reg[47]/CP->D
          Group: clk
     Startpoint: (R) gen_rows[0].gen_cols[11].pe_i_dut_data_out_reg[2]/CP
          Clock: (R) clk
       Endpoint: (R) gen_rows[0].gen_cols[12].pe_i_dut_acc_out_reg[47]/D
          Clock: (R) clk

                     Capture       Launch     
        Clock Edge:+    5000            0     
       Src Latency:+       0            0     
       Net Latency:+       0 (I)        0 (I) 
           Arrival:=    5000            0     
                                              
             Setup:-      43                  
     Required Time:=    4957                  
      Launch Clock:-       0                  
         Data Path:-    4956                  
             Slack:=       1                  

Launch clock path:
#------------------------------------------------------------------------------------------------------------------------------
#                    Timing Point                      Flags   Arc   Edge   Cell      Fanout Load Trans Delay Arrival Instance 
#                                                                                            (fF)  (ps)  (ps)   (ps)  Location 
#------------------------------------------------------------------------------------------------------------------------------
  clk                                                  (i)     -     R     (arrival)  251421  0.0     0     0       0    (-,-) 
  gen_rows[0].gen_cols[11].pe_i_dut_data_out_reg[2]/CP <<<     -     R     DFCND1     251421    -     0     0       0    (-,-) 
#------------------------------------------------------------------------------------------------------------------------------

#----------------------------------------------------------------------------------------------------------------------------------------------------
#                               Timing Point                                Flags    Arc   Edge   Cell      Fanout Load Trans Delay Arrival Instance 
#                                                                                                                  (fF)  (ps)  (ps)   (ps)  Location 
#----------------------------------------------------------------------------------------------------------------------------------------------------
  gen_rows[0].gen_cols[11].pe_i_dut_data_out_reg[2]/CP                      -       -      R     (arrival)  251421    -     0     0       0    (-,-) 
  gen_rows[0].gen_cols[11].pe_i_dut_data_out_reg[2]/QN                      -       CP->QN R     DFCND1         40 44.9   368   366     366    (-,-) 
  gen_rows[0].gen_cols[12].pe_i_dut_csa_tree_ADD_TC_OP_groupi_g3718/Z       -       A2->Z  R     OR2XD1          2  2.0    35    88     454    (-,-) 
  gen_rows[0].gen_cols[12].pe_i_dut_csa_tree_ADD_TC_OP_groupi_g3683/ZN      -       B->ZN  F     IOA21D1         2  1.7    34    31     485    (-,-) 
  gen_rows[0].gen_cols[12].pe_i_dut_csa_tree_ADD_TC_OP_groupi_g3763/ZN      -       A1->ZN F     IND2D1         16 14.3   154   132     617    (-,-) 
  gen_rows[0].gen_cols[12].pe_i_dut_csa_tree_ADD_TC_OP_groupi_g3553/ZN      -       A2->ZN R     AOI21D1         2  2.1    83    83     700    (-,-) 
  gen_rows[0].gen_cols[12].pe_i_dut_csa_tree_ADD_TC_OP_groupi_g3489/ZN      -       A1->ZN F     MOAI22D1        1  1.9   102    44     744    (-,-) 
  gen_rows[0].gen_cols[12].pe_i_dut_csa_tree_ADD_TC_OP_groupi_cdnfadd/CO    -       B->CO  F     FA1D0           1  1.0    32   146     890    (-,-) 
  gen_rows[0].gen_cols[12].pe_i_dut_csa_tree_ADD_TC_OP_groupi_cdnfadd1/CO   -       CI->CO F     FA1D0           1  1.0    31    85     975    (-,-) 
  gen_rows[0].gen_cols[12].pe_i_dut_csa_tree_ADD_TC_OP_groupi_cdnfadd2/CO   -       CI->CO F     FA1D0           1  1.0    31    84    1059    (-,-) 
  gen_rows[0].gen_cols[12].pe_i_dut_csa_tree_ADD_TC_OP_groupi_cdnfadd3/CO   -       CI->CO F     FA1D0           1  1.0    31    84    1144    (-,-) 
  gen_rows[0].gen_cols[12].pe_i_dut_csa_tree_ADD_TC_OP_groupi_cdnfadd4/CO   -       CI->CO F     FA1D0           1  1.0    31    84    1228    (-,-) 
  gen_rows[0].gen_cols[12].pe_i_dut_csa_tree_ADD_TC_OP_groupi_cdnfadd5/CO   -       CI->CO F     FA1D0           1  1.9    40    92    1321    (-,-) 
  g9752/CO                                                                  -       D->CO  F     CMPE42D1        1  1.0    28   121    1442    (-,-) 
  gen_rows[0].gen_cols[12].pe_i_dut_csa_tree_ADD_TC_OP_groupi_cdnfadd7/CO   -       CI->CO F     FA1D0           1  1.0    31    83    1525    (-,-) 
  gen_rows[0].gen_cols[12].pe_i_dut_csa_tree_ADD_TC_OP_groupi_cdnfadd8/CO   -       CI->CO F     FA1D0           1  1.0    31    84    1609    (-,-) 
  gen_rows[0].gen_cols[12].pe_i_dut_csa_tree_ADD_TC_OP_groupi_cdnfadd9/CO   -       CI->CO F     FA1D0           1  1.0    31    84    1694    (-,-) 
  gen_rows[0].gen_cols[12].pe_i_dut_csa_tree_ADD_TC_OP_groupi_cdnfadd10/CO  -       CI->CO F     FA1D0           1  1.0    31    84    1778    (-,-) 
  gen_rows[0].gen_cols[12].pe_i_dut_csa_tree_ADD_TC_OP_groupi_cdnfadd11/CO  -       CI->CO F     FA1D0           1  1.0    31    84    1863    (-,-) 
  gen_rows[0].gen_cols[12].pe_i_dut_csa_tree_ADD_TC_OP_groupi_cdnfadd12/CO  -       CI->CO F     FA1D0           1  1.0    31    84    1947    (-,-) 
  gen_rows[0].gen_cols[12].pe_i_dut_csa_tree_ADD_TC_OP_groupi_cdnfadd13/CO  -       CI->CO F     FA1D0           1  1.0    31    84    2032    (-,-) 
  gen_rows[0].gen_cols[12].pe_i_dut_csa_tree_ADD_TC_OP_groupi_cdnfadd14/CO  -       CI->CO F     FA1D0           1  1.0    31    84    2116    (-,-) 
  gen_rows[0].gen_cols[12].pe_i_dut_csa_tree_ADD_TC_OP_groupi_cdnfadd15/CO  -       CI->CO F     FA1D0           1  1.0    31    84    2201    (-,-) 
  gen_rows[0].gen_cols[12].pe_i_dut_csa_tree_ADD_TC_OP_groupi_cdnfadd16/CO  -       CI->CO F     FA1D0           1  1.0    31    84    2285    (-,-) 
  gen_rows[0].gen_cols[12].pe_i_dut_csa_tree_ADD_TC_OP_groupi_cdnfadd17/CO  -       CI->CO F     FA1D0           1  1.0    31    84    2370    (-,-) 
  gen_rows[0].gen_cols[12].pe_i_dut_csa_tree_ADD_TC_OP_groupi_cdnfadd18/CO  -       CI->CO F     FA1D0           1  1.0    31    84    2454    (-,-) 
  gen_rows[0].gen_cols[12].pe_i_dut_csa_tree_ADD_TC_OP_groupi_cdnfadd19/CO  -       CI->CO F     FA1D0           1  1.0    31    84    2539    (-,-) 
  gen_rows[0].gen_cols[12].pe_i_dut_csa_tree_ADD_TC_OP_groupi_cdnfadd20/CO  -       CI->CO F     FA1D0           1  1.0    31    84    2623    (-,-) 
  gen_rows[0].gen_cols[12].pe_i_dut_csa_tree_ADD_TC_OP_groupi_cdnfadd21/CO  -       CI->CO F     FA1D0           1  1.0    31    84    2708    (-,-) 
  gen_rows[0].gen_cols[12].pe_i_dut_csa_tree_ADD_TC_OP_groupi_cdnfadd22/CO  -       CI->CO F     FA1D0           1  1.0    31    84    2792    (-,-) 
  gen_rows[0].gen_cols[12].pe_i_dut_csa_tree_ADD_TC_OP_groupi_cdnfadd23/CO  -       CI->CO F     FA1D0           1  1.0    31    84    2877    (-,-) 
  gen_rows[0].gen_cols[12].pe_i_dut_csa_tree_ADD_TC_OP_groupi_cdnfadd24/CO  -       CI->CO F     FA1D0           1  1.0    31    84    2961    (-,-) 
  gen_rows[0].gen_cols[12].pe_i_dut_csa_tree_ADD_TC_OP_groupi_cdnfadd25/CO  -       CI->CO F     FA1D0           1  1.0    31    84    3046    (-,-) 
  gen_rows[0].gen_cols[12].pe_i_dut_csa_tree_ADD_TC_OP_groupi_cdnfadd26/CO  -       CI->CO F     FA1D0           1  1.0    31    84    3130    (-,-) 
  gen_rows[0].gen_cols[12].pe_i_dut_csa_tree_ADD_TC_OP_groupi_cdnfadd27/CO  -       CI->CO F     FA1D0           1  1.0    31    84    3215    (-,-) 
  gen_rows[0].gen_cols[12].pe_i_dut_csa_tree_ADD_TC_OP_groupi_cdnfadd28/CO  -       CI->CO F     FA1D0           1  1.0    31    84    3299    (-,-) 
  gen_rows[0].gen_cols[12].pe_i_dut_csa_tree_ADD_TC_OP_groupi_cdnfadd29/CO  -       CI->CO F     FA1D0           1  1.9    40    92    3392    (-,-) 
  g9735/CO                                                                  -       D->CO  F     CMPE42D1        1  1.0    26   121    3513    (-,-) 
  gen_rows[0].gen_cols[12].pe_i_dut_csa_tree_ADD_TC_OP_groupi_cdnfadd31/CO  -       CI->CO F     FA1D0           1  1.0    31    83    3596    (-,-) 
  gen_rows[0].gen_cols[12].pe_i_dut_csa_tree_ADD_TC_OP_groupi_cdnfadd32/CO  -       CI->CO F     FA1D0           1  1.0    31    84    3680    (-,-) 
  gen_rows[0].gen_cols[12].pe_i_dut_csa_tree_ADD_TC_OP_groupi_cdnfadd33/CO  -       CI->CO F     FA1D0           1  1.0    31    84    3765    (-,-) 
  gen_rows[0].gen_cols[12].pe_i_dut_csa_tree_ADD_TC_OP_groupi_cdnfadd34/CO  -       CI->CO F     FA1D0           1  1.0    31    84    3849    (-,-) 
  gen_rows[0].gen_cols[12].pe_i_dut_csa_tree_ADD_TC_OP_groupi_cdnfadd35/CO  -       CI->CO F     FA1D0           1  1.0    31    84    3934    (-,-) 
  gen_rows[0].gen_cols[12].pe_i_dut_csa_tree_ADD_TC_OP_groupi_cdnfadd36/CO  -       CI->CO F     FA1D0           1  1.0    31    84    4018    (-,-) 
  gen_rows[0].gen_cols[12].pe_i_dut_csa_tree_ADD_TC_OP_groupi_cdnfadd37/CO  -       CI->CO F     FA1D0           1  1.0    31    84    4103    (-,-) 
  gen_rows[0].gen_cols[12].pe_i_dut_csa_tree_ADD_TC_OP_groupi_cdnfadd38/CO  -       CI->CO F     FA1D0           1  1.0    31    84    4187    (-,-) 
  gen_rows[0].gen_cols[12].pe_i_dut_csa_tree_ADD_TC_OP_groupi_cdnfadd39/CO  -       CI->CO F     FA1D0           1  1.0    31    84    4272    (-,-) 
  gen_rows[0].gen_cols[12].pe_i_dut_csa_tree_ADD_TC_OP_groupi_cdnfadd40/CO  -       CI->CO F     FA1D0           1  1.0    31    84    4356    (-,-) 
  gen_rows[0].gen_cols[12].pe_i_dut_csa_tree_ADD_TC_OP_groupi_cdnfadd41/CO  -       CI->CO F     FA1D0           1  2.0    40    93    4449    (-,-) 
  gen_rows[0].gen_cols[12].pe_i_dut_csa_tree_ADD_TC_OP_groupi_cdnfadd42/CO  -       CI->CO F     FA1D1           1  2.0    31    70    4519    (-,-) 
  gen_rows[0].gen_cols[12].pe_i_dut_csa_tree_ADD_TC_OP_groupi_cdnfadd43/CO  -       CI->CO F     FA1D1           1  2.0    31    66    4586    (-,-) 
  gen_rows[0].gen_cols[12].pe_i_dut_csa_tree_ADD_TC_OP_groupi_cdnfadd44/CO  -       CI->CO F     FA1D1           1  2.0    31    66    4652    (-,-) 
  gen_rows[0].gen_cols[12].pe_i_dut_csa_tree_ADD_TC_OP_groupi_cdnfadd45/CO  -       CI->CO F     FA1D1           1  1.0    25    62    4714    (-,-) 
  gen_rows[0].gen_cols[12].pe_i_dut_csa_tree_ADD_TC_OP_groupi_cdnfadd46/CO  -       CI->CO F     FA1D0           1  0.8    29    80    4794    (-,-) 
  gen_rows[0].gen_cols[12].pe_i_dut_csa_tree_ADD_TC_OP_groupi_cdnfadd3771/Z -       A3->Z  R     XOR3D0          1  0.8    31    98    4892    (-,-) 
  g222679/ZN                                                                -       A2->ZN R     IOA21D1         1  1.0    78    65    4956    (-,-) 
  gen_rows[0].gen_cols[12].pe_i_dut_acc_out_reg[47]/D                       -       -      R     DFCNQD1         1    -     -     0    4956    (-,-) 
#----------------------------------------------------------------------------------------------------------------------------------------------------

Capture clock path:
#------------------------------------------------------------------------------------------------------------------------------
#                    Timing Point                      Flags   Arc   Edge   Cell      Fanout Load Trans Delay Arrival Instance 
#                                                                                            (fF)  (ps)  (ps)   (ps)  Location 
#------------------------------------------------------------------------------------------------------------------------------
  clk                                                  (i)     -     R     (arrival)  251421  0.0     0     0    5000    (-,-) 
  gen_rows[0].gen_cols[12].pe_i_dut_acc_out_reg[47]/CP <<<     -     R     DFCNQD1    251421    -     0     0    5000    (-,-) 
#------------------------------------------------------------------------------------------------------------------------------



Path 10: MET (1 ps) Setup Check with Pin gen_rows[0].gen_cols[15].pe_i_dut_acc_out_reg[47]/CP->D
          Group: clk
     Startpoint: (R) gen_rows[0].gen_cols[14].pe_i_dut_data_out_reg[2]/CP
          Clock: (R) clk
       Endpoint: (R) gen_rows[0].gen_cols[15].pe_i_dut_acc_out_reg[47]/D
          Clock: (R) clk

                     Capture       Launch     
        Clock Edge:+    5000            0     
       Src Latency:+       0            0     
       Net Latency:+       0 (I)        0 (I) 
           Arrival:=    5000            0     
                                              
             Setup:-      43                  
     Required Time:=    4957                  
      Launch Clock:-       0                  
         Data Path:-    4956                  
             Slack:=       1                  

Launch clock path:
#------------------------------------------------------------------------------------------------------------------------------
#                    Timing Point                      Flags   Arc   Edge   Cell      Fanout Load Trans Delay Arrival Instance 
#                                                                                            (fF)  (ps)  (ps)   (ps)  Location 
#------------------------------------------------------------------------------------------------------------------------------
  clk                                                  (i)     -     R     (arrival)  251421  0.0     0     0       0    (-,-) 
  gen_rows[0].gen_cols[14].pe_i_dut_data_out_reg[2]/CP <<<     -     R     DFCND1     251421    -     0     0       0    (-,-) 
#------------------------------------------------------------------------------------------------------------------------------

#----------------------------------------------------------------------------------------------------------------------------------------------------------
#                                  Timing Point                                   Flags    Arc   Edge   Cell      Fanout Load Trans Delay Arrival Instance 
#                                                                                                                        (fF)  (ps)  (ps)   (ps)  Location 
#----------------------------------------------------------------------------------------------------------------------------------------------------------
  gen_rows[0].gen_cols[14].pe_i_dut_data_out_reg[2]/CP                            -       -      R     (arrival)  251421    -     0     0       0    (-,-) 
  gen_rows[0].gen_cols[14].pe_i_dut_data_out_reg[2]/QN                            -       CP->QN R     DFCND1         40 44.9   368   366     366    (-,-) 
  gen_rows[0].gen_cols[15].pe_i_dut_csa_tree_ADD_TC_OP_groupi_g3718__6783/Z       -       A2->Z  R     OR2XD1          2  2.0    35    88     454    (-,-) 
  gen_rows[0].gen_cols[15].pe_i_dut_csa_tree_ADD_TC_OP_groupi_g3683__5107/ZN      -       B->ZN  F     IOA21D1         2  1.7    34    31     485    (-,-) 
  gen_rows[0].gen_cols[15].pe_i_dut_csa_tree_ADD_TC_OP_groupi_g3763__5122/ZN      -       A1->ZN F     IND2D1         16 14.3   154   132     617    (-,-) 
  gen_rows[0].gen_cols[15].pe_i_dut_csa_tree_ADD_TC_OP_groupi_g3553__1617/ZN      -       A2->ZN R     AOI21D1         2  2.1    83    83     700    (-,-) 
  gen_rows[0].gen_cols[15].pe_i_dut_csa_tree_ADD_TC_OP_groupi_g3489__3680/ZN      -       A1->ZN F     MOAI22D1        1  1.9   102    44     744    (-,-) 
  gen_rows[0].gen_cols[15].pe_i_dut_csa_tree_ADD_TC_OP_groupi_cdnfadd__6783/CO    -       B->CO  F     FA1D0           1  1.0    32   146     890    (-,-) 
  gen_rows[0].gen_cols[15].pe_i_dut_csa_tree_ADD_TC_OP_groupi_cdnfadd1__4319/CO   -       CI->CO F     FA1D0           1  1.0    31    85     975    (-,-) 
  gen_rows[0].gen_cols[15].pe_i_dut_csa_tree_ADD_TC_OP_groupi_cdnfadd2__5477/CO   -       CI->CO F     FA1D0           1  1.0    31    84    1059    (-,-) 
  gen_rows[0].gen_cols[15].pe_i_dut_csa_tree_ADD_TC_OP_groupi_cdnfadd3__2346/CO   -       CI->CO F     FA1D0           1  1.0    31    84    1144    (-,-) 
  gen_rows[0].gen_cols[15].pe_i_dut_csa_tree_ADD_TC_OP_groupi_cdnfadd4__6161/CO   -       CI->CO F     FA1D0           1  1.0    31    84    1228    (-,-) 
  gen_rows[0].gen_cols[15].pe_i_dut_csa_tree_ADD_TC_OP_groupi_cdnfadd5__1881/CO   -       CI->CO F     FA1D0           1  1.9    40    92    1321    (-,-) 
  g337063__1705/CO                                                                -       D->CO  F     CMPE42D1        1  1.0    28   121    1442    (-,-) 
  gen_rows[0].gen_cols[15].pe_i_dut_csa_tree_ADD_TC_OP_groupi_cdnfadd7/CO         -       CI->CO F     FA1D0           1  1.0    31    83    1525    (-,-) 
  gen_rows[0].gen_cols[15].pe_i_dut_csa_tree_ADD_TC_OP_groupi_cdnfadd8/CO         -       CI->CO F     FA1D0           1  1.0    31    84    1609    (-,-) 
  gen_rows[0].gen_cols[15].pe_i_dut_csa_tree_ADD_TC_OP_groupi_cdnfadd9/CO         -       CI->CO F     FA1D0           1  1.0    31    84    1694    (-,-) 
  gen_rows[0].gen_cols[15].pe_i_dut_csa_tree_ADD_TC_OP_groupi_cdnfadd10/CO        -       CI->CO F     FA1D0           1  1.0    31    84    1778    (-,-) 
  gen_rows[0].gen_cols[15].pe_i_dut_csa_tree_ADD_TC_OP_groupi_cdnfadd11/CO        -       CI->CO F     FA1D0           1  1.0    31    84    1863    (-,-) 
  gen_rows[0].gen_cols[15].pe_i_dut_csa_tree_ADD_TC_OP_groupi_cdnfadd12/CO        -       CI->CO F     FA1D0           1  1.0    31    84    1947    (-,-) 
  gen_rows[0].gen_cols[15].pe_i_dut_csa_tree_ADD_TC_OP_groupi_cdnfadd13/CO        -       CI->CO F     FA1D0           1  1.0    31    84    2032    (-,-) 
  gen_rows[0].gen_cols[15].pe_i_dut_csa_tree_ADD_TC_OP_groupi_cdnfadd14/CO        -       CI->CO F     FA1D0           1  1.0    31    84    2116    (-,-) 
  gen_rows[0].gen_cols[15].pe_i_dut_csa_tree_ADD_TC_OP_groupi_cdnfadd15/CO        -       CI->CO F     FA1D0           1  1.0    31    84    2201    (-,-) 
  gen_rows[0].gen_cols[15].pe_i_dut_csa_tree_ADD_TC_OP_groupi_cdnfadd16/CO        -       CI->CO F     FA1D0           1  1.0    31    84    2285    (-,-) 
  gen_rows[0].gen_cols[15].pe_i_dut_csa_tree_ADD_TC_OP_groupi_cdnfadd17/CO        -       CI->CO F     FA1D0           1  1.0    31    84    2370    (-,-) 
  gen_rows[0].gen_cols[15].pe_i_dut_csa_tree_ADD_TC_OP_groupi_cdnfadd18/CO        -       CI->CO F     FA1D0           1  1.0    31    84    2454    (-,-) 
  gen_rows[0].gen_cols[15].pe_i_dut_csa_tree_ADD_TC_OP_groupi_cdnfadd19/CO        -       CI->CO F     FA1D0           1  1.0    31    84    2539    (-,-) 
  gen_rows[0].gen_cols[15].pe_i_dut_csa_tree_ADD_TC_OP_groupi_cdnfadd20/CO        -       CI->CO F     FA1D0           1  1.0    31    84    2623    (-,-) 
  gen_rows[0].gen_cols[15].pe_i_dut_csa_tree_ADD_TC_OP_groupi_cdnfadd21__6161/CO  -       CI->CO F     FA1D0           1  1.0    31    84    2708    (-,-) 
  gen_rows[0].gen_cols[15].pe_i_dut_csa_tree_ADD_TC_OP_groupi_cdnfadd22__4733/CO  -       CI->CO F     FA1D0           1  1.0    31    84    2792    (-,-) 
  gen_rows[0].gen_cols[15].pe_i_dut_csa_tree_ADD_TC_OP_groupi_cdnfadd23__7098/CO  -       CI->CO F     FA1D0           1  1.0    31    84    2877    (-,-) 
  gen_rows[0].gen_cols[15].pe_i_dut_csa_tree_ADD_TC_OP_groupi_cdnfadd24__1617/CO  -       CI->CO F     FA1D0           1  1.0    31    84    2961    (-,-) 
  gen_rows[0].gen_cols[15].pe_i_dut_csa_tree_ADD_TC_OP_groupi_cdnfadd25__5107/CO  -       CI->CO F     FA1D0           1  1.0    31    84    3046    (-,-) 
  gen_rows[0].gen_cols[15].pe_i_dut_csa_tree_ADD_TC_OP_groupi_cdnfadd26__1666/CO  -       CI->CO F     FA1D0           1  1.0    31    84    3130    (-,-) 
  gen_rows[0].gen_cols[15].pe_i_dut_csa_tree_ADD_TC_OP_groupi_cdnfadd27__5477/CO  -       CI->CO F     FA1D0           1  1.0    31    84    3215    (-,-) 
  gen_rows[0].gen_cols[15].pe_i_dut_csa_tree_ADD_TC_OP_groupi_cdnfadd28__6417/CO  -       CI->CO F     FA1D0           1  1.0    31    84    3299    (-,-) 
  gen_rows[0].gen_cols[15].pe_i_dut_csa_tree_ADD_TC_OP_groupi_cdnfadd29__6131/CO  -       CI->CO F     FA1D0           1  1.9    40    92    3392    (-,-) 
  g337040__1617/CO                                                                -       D->CO  F     CMPE42D1        1  1.0    26   121    3513    (-,-) 
  gen_rows[0].gen_cols[15].pe_i_dut_csa_tree_ADD_TC_OP_groupi_cdnfadd31__3680/CO  -       CI->CO F     FA1D0           1  1.0    31    83    3596    (-,-) 
  gen_rows[0].gen_cols[15].pe_i_dut_csa_tree_ADD_TC_OP_groupi_cdnfadd32__5526/CO  -       CI->CO F     FA1D0           1  1.0    31    84    3680    (-,-) 
  gen_rows[0].gen_cols[15].pe_i_dut_csa_tree_ADD_TC_OP_groupi_cdnfadd33__9315/CO  -       CI->CO F     FA1D0           1  1.0    31    84    3765    (-,-) 
  gen_rows[0].gen_cols[15].pe_i_dut_csa_tree_ADD_TC_OP_groupi_cdnfadd34__6161/CO  -       CI->CO F     FA1D0           1  1.0    31    84    3849    (-,-) 
  gen_rows[0].gen_cols[15].pe_i_dut_csa_tree_ADD_TC_OP_groupi_cdnfadd35__4733/CO  -       CI->CO F     FA1D0           1  1.0    31    84    3934    (-,-) 
  gen_rows[0].gen_cols[15].pe_i_dut_csa_tree_ADD_TC_OP_groupi_cdnfadd36__7482/CO  -       CI->CO F     FA1D0           1  1.0    31    84    4018    (-,-) 
  gen_rows[0].gen_cols[15].pe_i_dut_csa_tree_ADD_TC_OP_groupi_cdnfadd37__5115/CO  -       CI->CO F     FA1D0           1  1.0    31    84    4103    (-,-) 
  gen_rows[0].gen_cols[15].pe_i_dut_csa_tree_ADD_TC_OP_groupi_cdnfadd38__1881/CO  -       CI->CO F     FA1D0           1  1.0    31    84    4187    (-,-) 
  gen_rows[0].gen_cols[15].pe_i_dut_csa_tree_ADD_TC_OP_groupi_cdnfadd39__6131/CO  -       CI->CO F     FA1D0           1  1.0    31    84    4272    (-,-) 
  gen_rows[0].gen_cols[15].pe_i_dut_csa_tree_ADD_TC_OP_groupi_cdnfadd40__7098/CO  -       CI->CO F     FA1D0           1  1.0    31    84    4356    (-,-) 
  gen_rows[0].gen_cols[15].pe_i_dut_csa_tree_ADD_TC_OP_groupi_cdnfadd41__8246/CO  -       CI->CO F     FA1D0           1  2.0    40    93    4449    (-,-) 
  gen_rows[0].gen_cols[15].pe_i_dut_csa_tree_ADD_TC_OP_groupi_cdnfadd42__5122/CO  -       CI->CO F     FA1D1           1  2.0    31    70    4519    (-,-) 
  gen_rows[0].gen_cols[15].pe_i_dut_csa_tree_ADD_TC_OP_groupi_cdnfadd43__1705/CO  -       CI->CO F     FA1D1           1  2.0    31    66    4586    (-,-) 
  gen_rows[0].gen_cols[15].pe_i_dut_csa_tree_ADD_TC_OP_groupi_cdnfadd44__2802/CO  -       CI->CO F     FA1D1           1  2.0    31    66    4652    (-,-) 
  gen_rows[0].gen_cols[15].pe_i_dut_csa_tree_ADD_TC_OP_groupi_cdnfadd45__1617/CO  -       CI->CO F     FA1D1           1  1.0    25    62    4714    (-,-) 
  gen_rows[0].gen_cols[15].pe_i_dut_csa_tree_ADD_TC_OP_groupi_cdnfadd46__3680/CO  -       CI->CO F     FA1D0           1  0.8    29    80    4794    (-,-) 
  gen_rows[0].gen_cols[15].pe_i_dut_csa_tree_ADD_TC_OP_groupi_cdnfadd3771__6783/Z -       A3->Z  R     XOR3D0          1  0.8    31    98    4892    (-,-) 
  g20371__9945/ZN                                                                 -       A2->ZN R     IOA21D1         1  1.0    78    65    4956    (-,-) 
  gen_rows[0].gen_cols[15].pe_i_dut_acc_out_reg[47]/D                             -       -      R     DFCNQD1         1    -     -     0    4956    (-,-) 
#----------------------------------------------------------------------------------------------------------------------------------------------------------

Capture clock path:
#------------------------------------------------------------------------------------------------------------------------------
#                    Timing Point                      Flags   Arc   Edge   Cell      Fanout Load Trans Delay Arrival Instance 
#                                                                                            (fF)  (ps)  (ps)   (ps)  Location 
#------------------------------------------------------------------------------------------------------------------------------
  clk                                                  (i)     -     R     (arrival)  251421  0.0     0     0    5000    (-,-) 
  gen_rows[0].gen_cols[15].pe_i_dut_acc_out_reg[47]/CP <<<     -     R     DFCNQD1    251421    -     0     0    5000    (-,-) 
#------------------------------------------------------------------------------------------------------------------------------



Path 11: MET (2 ps) Setup Check with Pin gen_rows[1].gen_cols[31].pe_i_dut_acc_out_reg[47]/CP->D
          Group: clk
     Startpoint: (R) gen_rows[1].gen_cols[30].pe_i_dut_data_out_reg[2]/CP
          Clock: (R) clk
       Endpoint: (R) gen_rows[1].gen_cols[31].pe_i_dut_acc_out_reg[47]/D
          Clock: (R) clk

                     Capture       Launch     
        Clock Edge:+    5000            0     
       Src Latency:+       0            0     
       Net Latency:+       0 (I)        0 (I) 
           Arrival:=    5000            0     
                                              
             Setup:-      43                  
     Required Time:=    4957                  
      Launch Clock:-       0                  
         Data Path:-    4955                  
             Slack:=       2                  

Launch clock path:
#------------------------------------------------------------------------------------------------------------------------------
#                    Timing Point                      Flags   Arc   Edge   Cell      Fanout Load Trans Delay Arrival Instance 
#                                                                                            (fF)  (ps)  (ps)   (ps)  Location 
#------------------------------------------------------------------------------------------------------------------------------
  clk                                                  (i)     -     R     (arrival)  251421  0.0     0     0       0    (-,-) 
  gen_rows[1].gen_cols[30].pe_i_dut_data_out_reg[2]/CP <<<     -     R     DFCND1     251421    -     0     0       0    (-,-) 
#------------------------------------------------------------------------------------------------------------------------------

#----------------------------------------------------------------------------------------------------------------------------------------------------
#                               Timing Point                                Flags    Arc   Edge   Cell      Fanout Load Trans Delay Arrival Instance 
#                                                                                                                  (fF)  (ps)  (ps)   (ps)  Location 
#----------------------------------------------------------------------------------------------------------------------------------------------------
  gen_rows[1].gen_cols[30].pe_i_dut_data_out_reg[2]/CP                      -       -      R     (arrival)  251421    -     0     0       0    (-,-) 
  gen_rows[1].gen_cols[30].pe_i_dut_data_out_reg[2]/QN                      -       CP->QN R     DFCND1         38 42.3   348   355     355    (-,-) 
  gen_rows[1].gen_cols[31].pe_i_dut_csa_tree_ADD_TC_OP_groupi_g3706/ZN      -       B2->ZN R     MAOI22D1        2  1.9    95   113     468    (-,-) 
  gen_rows[1].gen_cols[31].pe_i_dut_csa_tree_ADD_TC_OP_groupi_g3653/ZN      -       A1->ZN F     ND2D1          16 14.3   161   124     592    (-,-) 
  gen_rows[1].gen_cols[31].pe_i_dut_csa_tree_ADD_TC_OP_groupi_g3584/ZN      -       A2->ZN R     AOI21D1         2  2.1    85    84     676    (-,-) 
  gen_rows[1].gen_cols[31].pe_i_dut_csa_tree_ADD_TC_OP_groupi_g3518/ZN      -       A1->ZN F     MOAI22D1        1  1.9    98    44     721    (-,-) 
  gen_rows[1].gen_cols[31].pe_i_dut_csa_tree_ADD_TC_OP_groupi_cdnfadd/CO    -       B->CO  F     FA1D0           1  1.0    32   145     866    (-,-) 
  gen_rows[1].gen_cols[31].pe_i_dut_csa_tree_ADD_TC_OP_groupi_cdnfadd1/CO   -       CI->CO F     FA1D0           1  1.0    31    85     950    (-,-) 
  gen_rows[1].gen_cols[31].pe_i_dut_csa_tree_ADD_TC_OP_groupi_cdnfadd2/CO   -       CI->CO F     FA1D0           1  1.9    40    92    1043    (-,-) 
  g347631/CO                                                                -       D->CO  F     CMPE42D1        1  1.9    32   126    1169    (-,-) 
  g347630/CO                                                                -       D->CO  F     CMPE42D1        1  1.9    32   123    1292    (-,-) 
  g347629/CO                                                                -       D->CO  F     CMPE42D1        1  1.0    28   119    1411    (-,-) 
  gen_rows[1].gen_cols[31].pe_i_dut_csa_tree_ADD_TC_OP_groupi_cdnfadd6/CO   -       CI->CO F     FA1D0           1  1.0    31    83    1494    (-,-) 
  gen_rows[1].gen_cols[31].pe_i_dut_csa_tree_ADD_TC_OP_groupi_cdnfadd7/CO   -       CI->CO F     FA1D0           1  1.0    31    84    1578    (-,-) 
  gen_rows[1].gen_cols[31].pe_i_dut_csa_tree_ADD_TC_OP_groupi_cdnfadd8/CO   -       CI->CO F     FA1D0           1  1.0    31    84    1663    (-,-) 
  gen_rows[1].gen_cols[31].pe_i_dut_csa_tree_ADD_TC_OP_groupi_cdnfadd9/CO   -       CI->CO F     FA1D0           1  1.0    31    84    1747    (-,-) 
  gen_rows[1].gen_cols[31].pe_i_dut_csa_tree_ADD_TC_OP_groupi_cdnfadd10/CO  -       CI->CO F     FA1D0           1  1.0    31    84    1832    (-,-) 
  gen_rows[1].gen_cols[31].pe_i_dut_csa_tree_ADD_TC_OP_groupi_cdnfadd11/CO  -       CI->CO F     FA1D0           1  1.0    31    84    1916    (-,-) 
  gen_rows[1].gen_cols[31].pe_i_dut_csa_tree_ADD_TC_OP_groupi_cdnfadd12/CO  -       CI->CO F     FA1D0           1  1.0    31    84    2001    (-,-) 
  gen_rows[1].gen_cols[31].pe_i_dut_csa_tree_ADD_TC_OP_groupi_cdnfadd13/CO  -       CI->CO F     FA1D0           1  1.0    31    84    2085    (-,-) 
  gen_rows[1].gen_cols[31].pe_i_dut_csa_tree_ADD_TC_OP_groupi_cdnfadd14/CO  -       CI->CO F     FA1D0           1  1.0    31    84    2170    (-,-) 
  gen_rows[1].gen_cols[31].pe_i_dut_csa_tree_ADD_TC_OP_groupi_cdnfadd15/CO  -       CI->CO F     FA1D0           1  1.0    31    84    2254    (-,-) 
  gen_rows[1].gen_cols[31].pe_i_dut_csa_tree_ADD_TC_OP_groupi_cdnfadd16/CO  -       CI->CO F     FA1D0           1  1.0    31    84    2339    (-,-) 
  gen_rows[1].gen_cols[31].pe_i_dut_csa_tree_ADD_TC_OP_groupi_cdnfadd17/CO  -       CI->CO F     FA1D0           1  1.0    31    84    2423    (-,-) 
  gen_rows[1].gen_cols[31].pe_i_dut_csa_tree_ADD_TC_OP_groupi_cdnfadd18/CO  -       CI->CO F     FA1D0           1  1.0    31    84    2508    (-,-) 
  gen_rows[1].gen_cols[31].pe_i_dut_csa_tree_ADD_TC_OP_groupi_cdnfadd19/CO  -       CI->CO F     FA1D0           1  1.0    31    84    2592    (-,-) 
  gen_rows[1].gen_cols[31].pe_i_dut_csa_tree_ADD_TC_OP_groupi_cdnfadd20/CO  -       CI->CO F     FA1D0           1  1.0    31    84    2677    (-,-) 
  gen_rows[1].gen_cols[31].pe_i_dut_csa_tree_ADD_TC_OP_groupi_cdnfadd21/CO  -       CI->CO F     FA1D0           1  1.0    31    84    2761    (-,-) 
  gen_rows[1].gen_cols[31].pe_i_dut_csa_tree_ADD_TC_OP_groupi_cdnfadd22/CO  -       CI->CO F     FA1D0           1  1.0    31    84    2846    (-,-) 
  gen_rows[1].gen_cols[31].pe_i_dut_csa_tree_ADD_TC_OP_groupi_cdnfadd23/CO  -       CI->CO F     FA1D0           1  1.9    40    92    2938    (-,-) 
  g347610/CO                                                                -       D->CO  F     CMPE42D1        1  1.0    26   121    3060    (-,-) 
  gen_rows[1].gen_cols[31].pe_i_dut_csa_tree_ADD_TC_OP_groupi_cdnfadd25/CO  -       CI->CO F     FA1D0           1  1.0    31    83    3142    (-,-) 
  gen_rows[1].gen_cols[31].pe_i_dut_csa_tree_ADD_TC_OP_groupi_cdnfadd26/CO  -       CI->CO F     FA1D0           1  1.0    31    84    3227    (-,-) 
  gen_rows[1].gen_cols[31].pe_i_dut_csa_tree_ADD_TC_OP_groupi_cdnfadd27/CO  -       CI->CO F     FA1D0           1  1.0    31    84    3311    (-,-) 
  gen_rows[1].gen_cols[31].pe_i_dut_csa_tree_ADD_TC_OP_groupi_cdnfadd28/CO  -       CI->CO F     FA1D0           1  1.0    31    84    3396    (-,-) 
  gen_rows[1].gen_cols[31].pe_i_dut_csa_tree_ADD_TC_OP_groupi_cdnfadd29/CO  -       CI->CO F     FA1D0           1  1.9    40    92    3488    (-,-) 
  g347603/CO                                                                -       D->CO  F     CMPE42D1        1  1.0    26   121    3609    (-,-) 
  gen_rows[1].gen_cols[31].pe_i_dut_csa_tree_ADD_TC_OP_groupi_cdnfadd31/CO  -       CI->CO F     FA1D0           1  1.0    31    83    3692    (-,-) 
  gen_rows[1].gen_cols[31].pe_i_dut_csa_tree_ADD_TC_OP_groupi_cdnfadd32/CO  -       CI->CO F     FA1D0           1  1.0    31    84    3776    (-,-) 
  gen_rows[1].gen_cols[31].pe_i_dut_csa_tree_ADD_TC_OP_groupi_cdnfadd33/CO  -       CI->CO F     FA1D0           1  1.0    31    84    3861    (-,-) 
  gen_rows[1].gen_cols[31].pe_i_dut_csa_tree_ADD_TC_OP_groupi_cdnfadd34/CO  -       CI->CO F     FA1D0           1  1.0    31    84    3946    (-,-) 
  gen_rows[1].gen_cols[31].pe_i_dut_csa_tree_ADD_TC_OP_groupi_cdnfadd35/CO  -       CI->CO F     FA1D0           1  1.0    31    84    4030    (-,-) 
  gen_rows[1].gen_cols[31].pe_i_dut_csa_tree_ADD_TC_OP_groupi_cdnfadd36/CO  -       CI->CO F     FA1D0           1  1.0    31    84    4114    (-,-) 
  gen_rows[1].gen_cols[31].pe_i_dut_csa_tree_ADD_TC_OP_groupi_cdnfadd37/CO  -       CI->CO F     FA1D0           1  2.0    40    93    4208    (-,-) 
  gen_rows[1].gen_cols[31].pe_i_dut_csa_tree_ADD_TC_OP_groupi_cdnfadd38/CO  -       CI->CO F     FA1D1           1  2.0    31    70    4277    (-,-) 
  gen_rows[1].gen_cols[31].pe_i_dut_csa_tree_ADD_TC_OP_groupi_cdnfadd39/CO  -       CI->CO F     FA1D1           1  2.0    31    66    4344    (-,-) 
  gen_rows[1].gen_cols[31].pe_i_dut_csa_tree_ADD_TC_OP_groupi_cdnfadd40/CO  -       CI->CO F     FA1D1           1  2.0    31    66    4410    (-,-) 
  gen_rows[1].gen_cols[31].pe_i_dut_csa_tree_ADD_TC_OP_groupi_cdnfadd41/CO  -       CI->CO F     FA1D1           1  2.0    31    66    4477    (-,-) 
  gen_rows[1].gen_cols[31].pe_i_dut_csa_tree_ADD_TC_OP_groupi_cdnfadd42/CO  -       CI->CO F     FA1D1           1  2.0    31    66    4543    (-,-) 
  gen_rows[1].gen_cols[31].pe_i_dut_csa_tree_ADD_TC_OP_groupi_cdnfadd43/CO  -       CI->CO F     FA1D1           1  2.0    31    66    4610    (-,-) 
  gen_rows[1].gen_cols[31].pe_i_dut_csa_tree_ADD_TC_OP_groupi_cdnfadd44/CO  -       CI->CO F     FA1D1           1  2.0    31    66    4676    (-,-) 
  gen_rows[1].gen_cols[31].pe_i_dut_csa_tree_ADD_TC_OP_groupi_cdnfadd45/CO  -       CI->CO F     FA1D1           1  2.0    31    66    4743    (-,-) 
  gen_rows[1].gen_cols[31].pe_i_dut_csa_tree_ADD_TC_OP_groupi_cdnfadd46/CO  -       CI->CO F     FA1D1           1  1.1    26    62    4805    (-,-) 
  gen_rows[1].gen_cols[31].pe_i_dut_csa_tree_ADD_TC_OP_groupi_cdnfadd3807/Z -       A3->Z  R     XOR3D1          1  0.8    26    87    4892    (-,-) 
  g225092/ZN                                                                -       A2->ZN R     IOA21D1         1  1.0    78    64    4955    (-,-) 
  gen_rows[1].gen_cols[31].pe_i_dut_acc_out_reg[47]/D                       -       -      R     DFCNQD1         1    -     -     0    4955    (-,-) 
#----------------------------------------------------------------------------------------------------------------------------------------------------

Capture clock path:
#------------------------------------------------------------------------------------------------------------------------------
#                    Timing Point                      Flags   Arc   Edge   Cell      Fanout Load Trans Delay Arrival Instance 
#                                                                                            (fF)  (ps)  (ps)   (ps)  Location 
#------------------------------------------------------------------------------------------------------------------------------
  clk                                                  (i)     -     R     (arrival)  251421  0.0     0     0    5000    (-,-) 
  gen_rows[1].gen_cols[31].pe_i_dut_acc_out_reg[47]/CP <<<     -     R     DFCNQD1    251421    -     0     0    5000    (-,-) 
#------------------------------------------------------------------------------------------------------------------------------



Path 12: MET (2 ps) Setup Check with Pin gen_rows[2].gen_cols[31].pe_i_dut_acc_out_reg[47]/CP->D
          Group: clk
     Startpoint: (R) gen_rows[2].gen_cols[30].pe_i_dut_data_out_reg[2]/CP
          Clock: (R) clk
       Endpoint: (R) gen_rows[2].gen_cols[31].pe_i_dut_acc_out_reg[47]/D
          Clock: (R) clk

                     Capture       Launch     
        Clock Edge:+    5000            0     
       Src Latency:+       0            0     
       Net Latency:+       0 (I)        0 (I) 
           Arrival:=    5000            0     
                                              
             Setup:-      43                  
     Required Time:=    4957                  
      Launch Clock:-       0                  
         Data Path:-    4955                  
             Slack:=       2                  

Launch clock path:
#------------------------------------------------------------------------------------------------------------------------------
#                    Timing Point                      Flags   Arc   Edge   Cell      Fanout Load Trans Delay Arrival Instance 
#                                                                                            (fF)  (ps)  (ps)   (ps)  Location 
#------------------------------------------------------------------------------------------------------------------------------
  clk                                                  (i)     -     R     (arrival)  251421  0.0     0     0       0    (-,-) 
  gen_rows[2].gen_cols[30].pe_i_dut_data_out_reg[2]/CP <<<     -     R     DFCND1     251421    -     0     0       0    (-,-) 
#------------------------------------------------------------------------------------------------------------------------------

#----------------------------------------------------------------------------------------------------------------------------------------------------
#                               Timing Point                                Flags    Arc   Edge   Cell      Fanout Load Trans Delay Arrival Instance 
#                                                                                                                  (fF)  (ps)  (ps)   (ps)  Location 
#----------------------------------------------------------------------------------------------------------------------------------------------------
  gen_rows[2].gen_cols[30].pe_i_dut_data_out_reg[2]/CP                      -       -      R     (arrival)  251421    -     0     0       0    (-,-) 
  gen_rows[2].gen_cols[30].pe_i_dut_data_out_reg[2]/QN                      -       CP->QN R     DFCND1         38 42.3   348   355     355    (-,-) 
  gen_rows[2].gen_cols[31].pe_i_dut_csa_tree_ADD_TC_OP_groupi_g3706/ZN      -       B2->ZN R     MAOI22D1        2  1.9    95   113     468    (-,-) 
  gen_rows[2].gen_cols[31].pe_i_dut_csa_tree_ADD_TC_OP_groupi_g3653/ZN      -       A1->ZN F     ND2D1          16 14.3   161   124     592    (-,-) 
  gen_rows[2].gen_cols[31].pe_i_dut_csa_tree_ADD_TC_OP_groupi_g3584/ZN      -       A2->ZN R     AOI21D1         2  2.1    85    84     676    (-,-) 
  gen_rows[2].gen_cols[31].pe_i_dut_csa_tree_ADD_TC_OP_groupi_g3518/ZN      -       A1->ZN F     MOAI22D1        1  1.9    98    44     721    (-,-) 
  gen_rows[2].gen_cols[31].pe_i_dut_csa_tree_ADD_TC_OP_groupi_cdnfadd/CO    -       B->CO  F     FA1D0           1  1.0    32   145     866    (-,-) 
  gen_rows[2].gen_cols[31].pe_i_dut_csa_tree_ADD_TC_OP_groupi_cdnfadd1/CO   -       CI->CO F     FA1D0           1  1.0    31    85     950    (-,-) 
  gen_rows[2].gen_cols[31].pe_i_dut_csa_tree_ADD_TC_OP_groupi_cdnfadd2/CO   -       CI->CO F     FA1D0           1  1.9    40    92    1043    (-,-) 
  g347663/CO                                                                -       D->CO  F     CMPE42D1        1  1.9    32   126    1169    (-,-) 
  g347662/CO                                                                -       D->CO  F     CMPE42D1        1  1.9    32   123    1292    (-,-) 
  g347661/CO                                                                -       D->CO  F     CMPE42D1        1  1.0    28   119    1411    (-,-) 
  gen_rows[2].gen_cols[31].pe_i_dut_csa_tree_ADD_TC_OP_groupi_cdnfadd6/CO   -       CI->CO F     FA1D0           1  1.0    31    83    1494    (-,-) 
  gen_rows[2].gen_cols[31].pe_i_dut_csa_tree_ADD_TC_OP_groupi_cdnfadd7/CO   -       CI->CO F     FA1D0           1  1.0    31    84    1578    (-,-) 
  gen_rows[2].gen_cols[31].pe_i_dut_csa_tree_ADD_TC_OP_groupi_cdnfadd8/CO   -       CI->CO F     FA1D0           1  1.0    31    84    1663    (-,-) 
  gen_rows[2].gen_cols[31].pe_i_dut_csa_tree_ADD_TC_OP_groupi_cdnfadd9/CO   -       CI->CO F     FA1D0           1  1.0    31    84    1747    (-,-) 
  gen_rows[2].gen_cols[31].pe_i_dut_csa_tree_ADD_TC_OP_groupi_cdnfadd10/CO  -       CI->CO F     FA1D0           1  1.0    31    84    1832    (-,-) 
  gen_rows[2].gen_cols[31].pe_i_dut_csa_tree_ADD_TC_OP_groupi_cdnfadd11/CO  -       CI->CO F     FA1D0           1  1.0    31    84    1916    (-,-) 
  gen_rows[2].gen_cols[31].pe_i_dut_csa_tree_ADD_TC_OP_groupi_cdnfadd12/CO  -       CI->CO F     FA1D0           1  1.0    31    84    2001    (-,-) 
  gen_rows[2].gen_cols[31].pe_i_dut_csa_tree_ADD_TC_OP_groupi_cdnfadd13/CO  -       CI->CO F     FA1D0           1  1.0    31    84    2085    (-,-) 
  gen_rows[2].gen_cols[31].pe_i_dut_csa_tree_ADD_TC_OP_groupi_cdnfadd14/CO  -       CI->CO F     FA1D0           1  1.0    31    84    2170    (-,-) 
  gen_rows[2].gen_cols[31].pe_i_dut_csa_tree_ADD_TC_OP_groupi_cdnfadd15/CO  -       CI->CO F     FA1D0           1  1.0    31    84    2254    (-,-) 
  gen_rows[2].gen_cols[31].pe_i_dut_csa_tree_ADD_TC_OP_groupi_cdnfadd16/CO  -       CI->CO F     FA1D0           1  1.0    31    84    2339    (-,-) 
  gen_rows[2].gen_cols[31].pe_i_dut_csa_tree_ADD_TC_OP_groupi_cdnfadd17/CO  -       CI->CO F     FA1D0           1  1.0    31    84    2423    (-,-) 
  gen_rows[2].gen_cols[31].pe_i_dut_csa_tree_ADD_TC_OP_groupi_cdnfadd18/CO  -       CI->CO F     FA1D0           1  1.0    31    84    2508    (-,-) 
  gen_rows[2].gen_cols[31].pe_i_dut_csa_tree_ADD_TC_OP_groupi_cdnfadd19/CO  -       CI->CO F     FA1D0           1  1.0    31    84    2592    (-,-) 
  gen_rows[2].gen_cols[31].pe_i_dut_csa_tree_ADD_TC_OP_groupi_cdnfadd20/CO  -       CI->CO F     FA1D0           1  1.0    31    84    2677    (-,-) 
  gen_rows[2].gen_cols[31].pe_i_dut_csa_tree_ADD_TC_OP_groupi_cdnfadd21/CO  -       CI->CO F     FA1D0           1  1.0    31    84    2761    (-,-) 
  gen_rows[2].gen_cols[31].pe_i_dut_csa_tree_ADD_TC_OP_groupi_cdnfadd22/CO  -       CI->CO F     FA1D0           1  1.0    31    84    2846    (-,-) 
  gen_rows[2].gen_cols[31].pe_i_dut_csa_tree_ADD_TC_OP_groupi_cdnfadd23/CO  -       CI->CO F     FA1D0           1  1.9    40    92    2938    (-,-) 
  g347642/CO                                                                -       D->CO  F     CMPE42D1        1  1.0    26   121    3060    (-,-) 
  gen_rows[2].gen_cols[31].pe_i_dut_csa_tree_ADD_TC_OP_groupi_cdnfadd25/CO  -       CI->CO F     FA1D0           1  1.0    31    83    3142    (-,-) 
  gen_rows[2].gen_cols[31].pe_i_dut_csa_tree_ADD_TC_OP_groupi_cdnfadd26/CO  -       CI->CO F     FA1D0           1  1.0    31    84    3227    (-,-) 
  gen_rows[2].gen_cols[31].pe_i_dut_csa_tree_ADD_TC_OP_groupi_cdnfadd27/CO  -       CI->CO F     FA1D0           1  1.0    31    84    3311    (-,-) 
  gen_rows[2].gen_cols[31].pe_i_dut_csa_tree_ADD_TC_OP_groupi_cdnfadd28/CO  -       CI->CO F     FA1D0           1  1.0    31    84    3396    (-,-) 
  gen_rows[2].gen_cols[31].pe_i_dut_csa_tree_ADD_TC_OP_groupi_cdnfadd29/CO  -       CI->CO F     FA1D0           1  1.9    40    92    3488    (-,-) 
  g347635/CO                                                                -       D->CO  F     CMPE42D1        1  1.0    26   121    3609    (-,-) 
  gen_rows[2].gen_cols[31].pe_i_dut_csa_tree_ADD_TC_OP_groupi_cdnfadd31/CO  -       CI->CO F     FA1D0           1  1.0    31    83    3692    (-,-) 
  gen_rows[2].gen_cols[31].pe_i_dut_csa_tree_ADD_TC_OP_groupi_cdnfadd32/CO  -       CI->CO F     FA1D0           1  1.0    31    84    3776    (-,-) 
  gen_rows[2].gen_cols[31].pe_i_dut_csa_tree_ADD_TC_OP_groupi_cdnfadd33/CO  -       CI->CO F     FA1D0           1  1.0    31    84    3861    (-,-) 
  gen_rows[2].gen_cols[31].pe_i_dut_csa_tree_ADD_TC_OP_groupi_cdnfadd34/CO  -       CI->CO F     FA1D0           1  1.0    31    84    3946    (-,-) 
  gen_rows[2].gen_cols[31].pe_i_dut_csa_tree_ADD_TC_OP_groupi_cdnfadd35/CO  -       CI->CO F     FA1D0           1  1.0    31    84    4030    (-,-) 
  gen_rows[2].gen_cols[31].pe_i_dut_csa_tree_ADD_TC_OP_groupi_cdnfadd36/CO  -       CI->CO F     FA1D0           1  1.0    31    84    4114    (-,-) 
  gen_rows[2].gen_cols[31].pe_i_dut_csa_tree_ADD_TC_OP_groupi_cdnfadd37/CO  -       CI->CO F     FA1D0           1  2.0    40    93    4208    (-,-) 
  gen_rows[2].gen_cols[31].pe_i_dut_csa_tree_ADD_TC_OP_groupi_cdnfadd38/CO  -       CI->CO F     FA1D1           1  2.0    31    70    4277    (-,-) 
  gen_rows[2].gen_cols[31].pe_i_dut_csa_tree_ADD_TC_OP_groupi_cdnfadd39/CO  -       CI->CO F     FA1D1           1  2.0    31    66    4344    (-,-) 
  gen_rows[2].gen_cols[31].pe_i_dut_csa_tree_ADD_TC_OP_groupi_cdnfadd40/CO  -       CI->CO F     FA1D1           1  2.0    31    66    4410    (-,-) 
  gen_rows[2].gen_cols[31].pe_i_dut_csa_tree_ADD_TC_OP_groupi_cdnfadd41/CO  -       CI->CO F     FA1D1           1  2.0    31    66    4477    (-,-) 
  gen_rows[2].gen_cols[31].pe_i_dut_csa_tree_ADD_TC_OP_groupi_cdnfadd42/CO  -       CI->CO F     FA1D1           1  2.0    31    66    4543    (-,-) 
  gen_rows[2].gen_cols[31].pe_i_dut_csa_tree_ADD_TC_OP_groupi_cdnfadd43/CO  -       CI->CO F     FA1D1           1  2.0    31    66    4610    (-,-) 
  gen_rows[2].gen_cols[31].pe_i_dut_csa_tree_ADD_TC_OP_groupi_cdnfadd44/CO  -       CI->CO F     FA1D1           1  2.0    31    66    4676    (-,-) 
  gen_rows[2].gen_cols[31].pe_i_dut_csa_tree_ADD_TC_OP_groupi_cdnfadd45/CO  -       CI->CO F     FA1D1           1  2.0    31    66    4743    (-,-) 
  gen_rows[2].gen_cols[31].pe_i_dut_csa_tree_ADD_TC_OP_groupi_cdnfadd46/CO  -       CI->CO F     FA1D1           1  1.1    26    62    4805    (-,-) 
  gen_rows[2].gen_cols[31].pe_i_dut_csa_tree_ADD_TC_OP_groupi_cdnfadd3807/Z -       A3->Z  R     XOR3D1          1  0.8    26    87    4892    (-,-) 
  g225125/ZN                                                                -       A2->ZN R     IOA21D1         1  1.0    78    64    4955    (-,-) 
  gen_rows[2].gen_cols[31].pe_i_dut_acc_out_reg[47]/D                       -       -      R     DFCNQD1         1    -     -     0    4955    (-,-) 
#----------------------------------------------------------------------------------------------------------------------------------------------------

Capture clock path:
#------------------------------------------------------------------------------------------------------------------------------
#                    Timing Point                      Flags   Arc   Edge   Cell      Fanout Load Trans Delay Arrival Instance 
#                                                                                            (fF)  (ps)  (ps)   (ps)  Location 
#------------------------------------------------------------------------------------------------------------------------------
  clk                                                  (i)     -     R     (arrival)  251421  0.0     0     0    5000    (-,-) 
  gen_rows[2].gen_cols[31].pe_i_dut_acc_out_reg[47]/CP <<<     -     R     DFCNQD1    251421    -     0     0    5000    (-,-) 
#------------------------------------------------------------------------------------------------------------------------------



Path 13: MET (2 ps) Setup Check with Pin gen_rows[3].gen_cols[31].pe_i_dut_acc_out_reg[47]/CP->D
          Group: clk
     Startpoint: (R) gen_rows[3].gen_cols[30].pe_i_dut_data_out_reg[2]/CP
          Clock: (R) clk
       Endpoint: (R) gen_rows[3].gen_cols[31].pe_i_dut_acc_out_reg[47]/D
          Clock: (R) clk

                     Capture       Launch     
        Clock Edge:+    5000            0     
       Src Latency:+       0            0     
       Net Latency:+       0 (I)        0 (I) 
           Arrival:=    5000            0     
                                              
             Setup:-      43                  
     Required Time:=    4957                  
      Launch Clock:-       0                  
         Data Path:-    4955                  
             Slack:=       2                  

Launch clock path:
#------------------------------------------------------------------------------------------------------------------------------
#                    Timing Point                      Flags   Arc   Edge   Cell      Fanout Load Trans Delay Arrival Instance 
#                                                                                            (fF)  (ps)  (ps)   (ps)  Location 
#------------------------------------------------------------------------------------------------------------------------------
  clk                                                  (i)     -     R     (arrival)  251421  0.0     0     0       0    (-,-) 
  gen_rows[3].gen_cols[30].pe_i_dut_data_out_reg[2]/CP <<<     -     R     DFCND1     251421    -     0     0       0    (-,-) 
#------------------------------------------------------------------------------------------------------------------------------

#----------------------------------------------------------------------------------------------------------------------------------------------------
#                               Timing Point                                Flags    Arc   Edge   Cell      Fanout Load Trans Delay Arrival Instance 
#                                                                                                                  (fF)  (ps)  (ps)   (ps)  Location 
#----------------------------------------------------------------------------------------------------------------------------------------------------
  gen_rows[3].gen_cols[30].pe_i_dut_data_out_reg[2]/CP                      -       -      R     (arrival)  251421    -     0     0       0    (-,-) 
  gen_rows[3].gen_cols[30].pe_i_dut_data_out_reg[2]/QN                      -       CP->QN R     DFCND1         38 42.3   348   355     355    (-,-) 
  gen_rows[3].gen_cols[31].pe_i_dut_csa_tree_ADD_TC_OP_groupi_g3706/ZN      -       B2->ZN R     MAOI22D1        2  1.9    95   113     468    (-,-) 
  gen_rows[3].gen_cols[31].pe_i_dut_csa_tree_ADD_TC_OP_groupi_g3653/ZN      -       A1->ZN F     ND2D1          16 14.3   161   124     592    (-,-) 
  gen_rows[3].gen_cols[31].pe_i_dut_csa_tree_ADD_TC_OP_groupi_g3584/ZN      -       A2->ZN R     AOI21D1         2  2.1    85    84     676    (-,-) 
  gen_rows[3].gen_cols[31].pe_i_dut_csa_tree_ADD_TC_OP_groupi_g3518/ZN      -       A1->ZN F     MOAI22D1        1  1.9    98    44     721    (-,-) 
  gen_rows[3].gen_cols[31].pe_i_dut_csa_tree_ADD_TC_OP_groupi_cdnfadd/CO    -       B->CO  F     FA1D0           1  1.0    32   145     866    (-,-) 
  gen_rows[3].gen_cols[31].pe_i_dut_csa_tree_ADD_TC_OP_groupi_cdnfadd1/CO   -       CI->CO F     FA1D0           1  1.0    31    85     950    (-,-) 
  gen_rows[3].gen_cols[31].pe_i_dut_csa_tree_ADD_TC_OP_groupi_cdnfadd2/CO   -       CI->CO F     FA1D0           1  1.9    40    92    1043    (-,-) 
  g347695/CO                                                                -       D->CO  F     CMPE42D1        1  1.9    32   126    1169    (-,-) 
  g347694/CO                                                                -       D->CO  F     CMPE42D1        1  1.9    32   123    1292    (-,-) 
  g347693/CO                                                                -       D->CO  F     CMPE42D1        1  1.0    28   119    1411    (-,-) 
  gen_rows[3].gen_cols[31].pe_i_dut_csa_tree_ADD_TC_OP_groupi_cdnfadd6/CO   -       CI->CO F     FA1D0           1  1.0    31    83    1494    (-,-) 
  gen_rows[3].gen_cols[31].pe_i_dut_csa_tree_ADD_TC_OP_groupi_cdnfadd7/CO   -       CI->CO F     FA1D0           1  1.0    31    84    1578    (-,-) 
  gen_rows[3].gen_cols[31].pe_i_dut_csa_tree_ADD_TC_OP_groupi_cdnfadd8/CO   -       CI->CO F     FA1D0           1  1.0    31    84    1663    (-,-) 
  gen_rows[3].gen_cols[31].pe_i_dut_csa_tree_ADD_TC_OP_groupi_cdnfadd9/CO   -       CI->CO F     FA1D0           1  1.0    31    84    1747    (-,-) 
  gen_rows[3].gen_cols[31].pe_i_dut_csa_tree_ADD_TC_OP_groupi_cdnfadd10/CO  -       CI->CO F     FA1D0           1  1.0    31    84    1832    (-,-) 
  gen_rows[3].gen_cols[31].pe_i_dut_csa_tree_ADD_TC_OP_groupi_cdnfadd11/CO  -       CI->CO F     FA1D0           1  1.0    31    84    1916    (-,-) 
  gen_rows[3].gen_cols[31].pe_i_dut_csa_tree_ADD_TC_OP_groupi_cdnfadd12/CO  -       CI->CO F     FA1D0           1  1.0    31    84    2001    (-,-) 
  gen_rows[3].gen_cols[31].pe_i_dut_csa_tree_ADD_TC_OP_groupi_cdnfadd13/CO  -       CI->CO F     FA1D0           1  1.0    31    84    2085    (-,-) 
  gen_rows[3].gen_cols[31].pe_i_dut_csa_tree_ADD_TC_OP_groupi_cdnfadd14/CO  -       CI->CO F     FA1D0           1  1.0    31    84    2170    (-,-) 
  gen_rows[3].gen_cols[31].pe_i_dut_csa_tree_ADD_TC_OP_groupi_cdnfadd15/CO  -       CI->CO F     FA1D0           1  1.0    31    84    2254    (-,-) 
  gen_rows[3].gen_cols[31].pe_i_dut_csa_tree_ADD_TC_OP_groupi_cdnfadd16/CO  -       CI->CO F     FA1D0           1  1.0    31    84    2339    (-,-) 
  gen_rows[3].gen_cols[31].pe_i_dut_csa_tree_ADD_TC_OP_groupi_cdnfadd17/CO  -       CI->CO F     FA1D0           1  1.0    31    84    2423    (-,-) 
  gen_rows[3].gen_cols[31].pe_i_dut_csa_tree_ADD_TC_OP_groupi_cdnfadd18/CO  -       CI->CO F     FA1D0           1  1.0    31    84    2508    (-,-) 
  gen_rows[3].gen_cols[31].pe_i_dut_csa_tree_ADD_TC_OP_groupi_cdnfadd19/CO  -       CI->CO F     FA1D0           1  1.0    31    84    2592    (-,-) 
  gen_rows[3].gen_cols[31].pe_i_dut_csa_tree_ADD_TC_OP_groupi_cdnfadd20/CO  -       CI->CO F     FA1D0           1  1.0    31    84    2677    (-,-) 
  gen_rows[3].gen_cols[31].pe_i_dut_csa_tree_ADD_TC_OP_groupi_cdnfadd21/CO  -       CI->CO F     FA1D0           1  1.0    31    84    2761    (-,-) 
  gen_rows[3].gen_cols[31].pe_i_dut_csa_tree_ADD_TC_OP_groupi_cdnfadd22/CO  -       CI->CO F     FA1D0           1  1.0    31    84    2846    (-,-) 
  gen_rows[3].gen_cols[31].pe_i_dut_csa_tree_ADD_TC_OP_groupi_cdnfadd23/CO  -       CI->CO F     FA1D0           1  1.9    40    92    2938    (-,-) 
  g347674/CO                                                                -       D->CO  F     CMPE42D1        1  1.0    26   121    3060    (-,-) 
  gen_rows[3].gen_cols[31].pe_i_dut_csa_tree_ADD_TC_OP_groupi_cdnfadd25/CO  -       CI->CO F     FA1D0           1  1.0    31    83    3142    (-,-) 
  gen_rows[3].gen_cols[31].pe_i_dut_csa_tree_ADD_TC_OP_groupi_cdnfadd26/CO  -       CI->CO F     FA1D0           1  1.0    31    84    3227    (-,-) 
  gen_rows[3].gen_cols[31].pe_i_dut_csa_tree_ADD_TC_OP_groupi_cdnfadd27/CO  -       CI->CO F     FA1D0           1  1.0    31    84    3311    (-,-) 
  gen_rows[3].gen_cols[31].pe_i_dut_csa_tree_ADD_TC_OP_groupi_cdnfadd28/CO  -       CI->CO F     FA1D0           1  1.0    31    84    3396    (-,-) 
  gen_rows[3].gen_cols[31].pe_i_dut_csa_tree_ADD_TC_OP_groupi_cdnfadd29/CO  -       CI->CO F     FA1D0           1  1.9    40    92    3488    (-,-) 
  g347667/CO                                                                -       D->CO  F     CMPE42D1        1  1.0    26   121    3609    (-,-) 
  gen_rows[3].gen_cols[31].pe_i_dut_csa_tree_ADD_TC_OP_groupi_cdnfadd31/CO  -       CI->CO F     FA1D0           1  1.0    31    83    3692    (-,-) 
  gen_rows[3].gen_cols[31].pe_i_dut_csa_tree_ADD_TC_OP_groupi_cdnfadd32/CO  -       CI->CO F     FA1D0           1  1.0    31    84    3776    (-,-) 
  gen_rows[3].gen_cols[31].pe_i_dut_csa_tree_ADD_TC_OP_groupi_cdnfadd33/CO  -       CI->CO F     FA1D0           1  1.0    31    84    3861    (-,-) 
  gen_rows[3].gen_cols[31].pe_i_dut_csa_tree_ADD_TC_OP_groupi_cdnfadd34/CO  -       CI->CO F     FA1D0           1  1.0    31    84    3946    (-,-) 
  gen_rows[3].gen_cols[31].pe_i_dut_csa_tree_ADD_TC_OP_groupi_cdnfadd35/CO  -       CI->CO F     FA1D0           1  1.0    31    84    4030    (-,-) 
  gen_rows[3].gen_cols[31].pe_i_dut_csa_tree_ADD_TC_OP_groupi_cdnfadd36/CO  -       CI->CO F     FA1D0           1  1.0    31    84    4114    (-,-) 
  gen_rows[3].gen_cols[31].pe_i_dut_csa_tree_ADD_TC_OP_groupi_cdnfadd37/CO  -       CI->CO F     FA1D0           1  2.0    40    93    4208    (-,-) 
  gen_rows[3].gen_cols[31].pe_i_dut_csa_tree_ADD_TC_OP_groupi_cdnfadd38/CO  -       CI->CO F     FA1D1           1  2.0    31    70    4277    (-,-) 
  gen_rows[3].gen_cols[31].pe_i_dut_csa_tree_ADD_TC_OP_groupi_cdnfadd39/CO  -       CI->CO F     FA1D1           1  2.0    31    66    4344    (-,-) 
  gen_rows[3].gen_cols[31].pe_i_dut_csa_tree_ADD_TC_OP_groupi_cdnfadd40/CO  -       CI->CO F     FA1D1           1  2.0    31    66    4410    (-,-) 
  gen_rows[3].gen_cols[31].pe_i_dut_csa_tree_ADD_TC_OP_groupi_cdnfadd41/CO  -       CI->CO F     FA1D1           1  2.0    31    66    4477    (-,-) 
  gen_rows[3].gen_cols[31].pe_i_dut_csa_tree_ADD_TC_OP_groupi_cdnfadd42/CO  -       CI->CO F     FA1D1           1  2.0    31    66    4543    (-,-) 
  gen_rows[3].gen_cols[31].pe_i_dut_csa_tree_ADD_TC_OP_groupi_cdnfadd43/CO  -       CI->CO F     FA1D1           1  2.0    31    66    4610    (-,-) 
  gen_rows[3].gen_cols[31].pe_i_dut_csa_tree_ADD_TC_OP_groupi_cdnfadd44/CO  -       CI->CO F     FA1D1           1  2.0    31    66    4676    (-,-) 
  gen_rows[3].gen_cols[31].pe_i_dut_csa_tree_ADD_TC_OP_groupi_cdnfadd45/CO  -       CI->CO F     FA1D1           1  2.0    31    66    4743    (-,-) 
  gen_rows[3].gen_cols[31].pe_i_dut_csa_tree_ADD_TC_OP_groupi_cdnfadd46/CO  -       CI->CO F     FA1D1           1  1.1    26    62    4805    (-,-) 
  gen_rows[3].gen_cols[31].pe_i_dut_csa_tree_ADD_TC_OP_groupi_cdnfadd3807/Z -       A3->Z  R     XOR3D1          1  0.8    26    87    4892    (-,-) 
  g225158/ZN                                                                -       A2->ZN R     IOA21D1         1  1.0    78    64    4955    (-,-) 
  gen_rows[3].gen_cols[31].pe_i_dut_acc_out_reg[47]/D                       -       -      R     DFCNQD1         1    -     -     0    4955    (-,-) 
#----------------------------------------------------------------------------------------------------------------------------------------------------

Capture clock path:
#------------------------------------------------------------------------------------------------------------------------------
#                    Timing Point                      Flags   Arc   Edge   Cell      Fanout Load Trans Delay Arrival Instance 
#                                                                                            (fF)  (ps)  (ps)   (ps)  Location 
#------------------------------------------------------------------------------------------------------------------------------
  clk                                                  (i)     -     R     (arrival)  251421  0.0     0     0    5000    (-,-) 
  gen_rows[3].gen_cols[31].pe_i_dut_acc_out_reg[47]/CP <<<     -     R     DFCNQD1    251421    -     0     0    5000    (-,-) 
#------------------------------------------------------------------------------------------------------------------------------



Path 14: MET (2 ps) Setup Check with Pin gen_rows[4].gen_cols[31].pe_i_dut_acc_out_reg[47]/CP->D
          Group: clk
     Startpoint: (R) gen_rows[4].gen_cols[30].pe_i_dut_data_out_reg[2]/CP
          Clock: (R) clk
       Endpoint: (R) gen_rows[4].gen_cols[31].pe_i_dut_acc_out_reg[47]/D
          Clock: (R) clk

                     Capture       Launch     
        Clock Edge:+    5000            0     
       Src Latency:+       0            0     
       Net Latency:+       0 (I)        0 (I) 
           Arrival:=    5000            0     
                                              
             Setup:-      43                  
     Required Time:=    4957                  
      Launch Clock:-       0                  
         Data Path:-    4955                  
             Slack:=       2                  

Launch clock path:
#------------------------------------------------------------------------------------------------------------------------------
#                    Timing Point                      Flags   Arc   Edge   Cell      Fanout Load Trans Delay Arrival Instance 
#                                                                                            (fF)  (ps)  (ps)   (ps)  Location 
#------------------------------------------------------------------------------------------------------------------------------
  clk                                                  (i)     -     R     (arrival)  251421  0.0     0     0       0    (-,-) 
  gen_rows[4].gen_cols[30].pe_i_dut_data_out_reg[2]/CP <<<     -     R     DFCND1     251421    -     0     0       0    (-,-) 
#------------------------------------------------------------------------------------------------------------------------------

#----------------------------------------------------------------------------------------------------------------------------------------------------
#                               Timing Point                                Flags    Arc   Edge   Cell      Fanout Load Trans Delay Arrival Instance 
#                                                                                                                  (fF)  (ps)  (ps)   (ps)  Location 
#----------------------------------------------------------------------------------------------------------------------------------------------------
  gen_rows[4].gen_cols[30].pe_i_dut_data_out_reg[2]/CP                      -       -      R     (arrival)  251421    -     0     0       0    (-,-) 
  gen_rows[4].gen_cols[30].pe_i_dut_data_out_reg[2]/QN                      -       CP->QN R     DFCND1         38 42.3   348   355     355    (-,-) 
  gen_rows[4].gen_cols[31].pe_i_dut_csa_tree_ADD_TC_OP_groupi_g3706/ZN      -       B2->ZN R     MAOI22D1        2  1.9    95   113     468    (-,-) 
  gen_rows[4].gen_cols[31].pe_i_dut_csa_tree_ADD_TC_OP_groupi_g3653/ZN      -       A1->ZN F     ND2D1          16 14.3   161   124     592    (-,-) 
  gen_rows[4].gen_cols[31].pe_i_dut_csa_tree_ADD_TC_OP_groupi_g3584/ZN      -       A2->ZN R     AOI21D1         2  2.1    85    84     676    (-,-) 
  gen_rows[4].gen_cols[31].pe_i_dut_csa_tree_ADD_TC_OP_groupi_g3518/ZN      -       A1->ZN F     MOAI22D1        1  1.9    98    44     721    (-,-) 
  gen_rows[4].gen_cols[31].pe_i_dut_csa_tree_ADD_TC_OP_groupi_cdnfadd/CO    -       B->CO  F     FA1D0           1  1.0    32   145     866    (-,-) 
  gen_rows[4].gen_cols[31].pe_i_dut_csa_tree_ADD_TC_OP_groupi_cdnfadd1/CO   -       CI->CO F     FA1D0           1  1.0    31    85     950    (-,-) 
  gen_rows[4].gen_cols[31].pe_i_dut_csa_tree_ADD_TC_OP_groupi_cdnfadd2/CO   -       CI->CO F     FA1D0           1  1.9    40    92    1043    (-,-) 
  g347727/CO                                                                -       D->CO  F     CMPE42D1        1  1.9    32   126    1169    (-,-) 
  g347726/CO                                                                -       D->CO  F     CMPE42D1        1  1.9    32   123    1292    (-,-) 
  g347725/CO                                                                -       D->CO  F     CMPE42D1        1  1.0    28   119    1411    (-,-) 
  gen_rows[4].gen_cols[31].pe_i_dut_csa_tree_ADD_TC_OP_groupi_cdnfadd6/CO   -       CI->CO F     FA1D0           1  1.0    31    83    1494    (-,-) 
  gen_rows[4].gen_cols[31].pe_i_dut_csa_tree_ADD_TC_OP_groupi_cdnfadd7/CO   -       CI->CO F     FA1D0           1  1.0    31    84    1578    (-,-) 
  gen_rows[4].gen_cols[31].pe_i_dut_csa_tree_ADD_TC_OP_groupi_cdnfadd8/CO   -       CI->CO F     FA1D0           1  1.0    31    84    1663    (-,-) 
  gen_rows[4].gen_cols[31].pe_i_dut_csa_tree_ADD_TC_OP_groupi_cdnfadd9/CO   -       CI->CO F     FA1D0           1  1.0    31    84    1747    (-,-) 
  gen_rows[4].gen_cols[31].pe_i_dut_csa_tree_ADD_TC_OP_groupi_cdnfadd10/CO  -       CI->CO F     FA1D0           1  1.0    31    84    1832    (-,-) 
  gen_rows[4].gen_cols[31].pe_i_dut_csa_tree_ADD_TC_OP_groupi_cdnfadd11/CO  -       CI->CO F     FA1D0           1  1.0    31    84    1916    (-,-) 
  gen_rows[4].gen_cols[31].pe_i_dut_csa_tree_ADD_TC_OP_groupi_cdnfadd12/CO  -       CI->CO F     FA1D0           1  1.0    31    84    2001    (-,-) 
  gen_rows[4].gen_cols[31].pe_i_dut_csa_tree_ADD_TC_OP_groupi_cdnfadd13/CO  -       CI->CO F     FA1D0           1  1.0    31    84    2085    (-,-) 
  gen_rows[4].gen_cols[31].pe_i_dut_csa_tree_ADD_TC_OP_groupi_cdnfadd14/CO  -       CI->CO F     FA1D0           1  1.0    31    84    2170    (-,-) 
  gen_rows[4].gen_cols[31].pe_i_dut_csa_tree_ADD_TC_OP_groupi_cdnfadd15/CO  -       CI->CO F     FA1D0           1  1.0    31    84    2254    (-,-) 
  gen_rows[4].gen_cols[31].pe_i_dut_csa_tree_ADD_TC_OP_groupi_cdnfadd16/CO  -       CI->CO F     FA1D0           1  1.0    31    84    2339    (-,-) 
  gen_rows[4].gen_cols[31].pe_i_dut_csa_tree_ADD_TC_OP_groupi_cdnfadd17/CO  -       CI->CO F     FA1D0           1  1.0    31    84    2423    (-,-) 
  gen_rows[4].gen_cols[31].pe_i_dut_csa_tree_ADD_TC_OP_groupi_cdnfadd18/CO  -       CI->CO F     FA1D0           1  1.0    31    84    2508    (-,-) 
  gen_rows[4].gen_cols[31].pe_i_dut_csa_tree_ADD_TC_OP_groupi_cdnfadd19/CO  -       CI->CO F     FA1D0           1  1.0    31    84    2592    (-,-) 
  gen_rows[4].gen_cols[31].pe_i_dut_csa_tree_ADD_TC_OP_groupi_cdnfadd20/CO  -       CI->CO F     FA1D0           1  1.0    31    84    2677    (-,-) 
  gen_rows[4].gen_cols[31].pe_i_dut_csa_tree_ADD_TC_OP_groupi_cdnfadd21/CO  -       CI->CO F     FA1D0           1  1.0    31    84    2761    (-,-) 
  gen_rows[4].gen_cols[31].pe_i_dut_csa_tree_ADD_TC_OP_groupi_cdnfadd22/CO  -       CI->CO F     FA1D0           1  1.0    31    84    2846    (-,-) 
  gen_rows[4].gen_cols[31].pe_i_dut_csa_tree_ADD_TC_OP_groupi_cdnfadd23/CO  -       CI->CO F     FA1D0           1  1.9    40    92    2938    (-,-) 
  g347706/CO                                                                -       D->CO  F     CMPE42D1        1  1.0    26   121    3060    (-,-) 
  gen_rows[4].gen_cols[31].pe_i_dut_csa_tree_ADD_TC_OP_groupi_cdnfadd25/CO  -       CI->CO F     FA1D0           1  1.0    31    83    3142    (-,-) 
  gen_rows[4].gen_cols[31].pe_i_dut_csa_tree_ADD_TC_OP_groupi_cdnfadd26/CO  -       CI->CO F     FA1D0           1  1.0    31    84    3227    (-,-) 
  gen_rows[4].gen_cols[31].pe_i_dut_csa_tree_ADD_TC_OP_groupi_cdnfadd27/CO  -       CI->CO F     FA1D0           1  1.0    31    84    3311    (-,-) 
  gen_rows[4].gen_cols[31].pe_i_dut_csa_tree_ADD_TC_OP_groupi_cdnfadd28/CO  -       CI->CO F     FA1D0           1  1.0    31    84    3396    (-,-) 
  gen_rows[4].gen_cols[31].pe_i_dut_csa_tree_ADD_TC_OP_groupi_cdnfadd29/CO  -       CI->CO F     FA1D0           1  1.9    40    92    3488    (-,-) 
  g347699/CO                                                                -       D->CO  F     CMPE42D1        1  1.0    26   121    3609    (-,-) 
  gen_rows[4].gen_cols[31].pe_i_dut_csa_tree_ADD_TC_OP_groupi_cdnfadd31/CO  -       CI->CO F     FA1D0           1  1.0    31    83    3692    (-,-) 
  gen_rows[4].gen_cols[31].pe_i_dut_csa_tree_ADD_TC_OP_groupi_cdnfadd32/CO  -       CI->CO F     FA1D0           1  1.0    31    84    3776    (-,-) 
  gen_rows[4].gen_cols[31].pe_i_dut_csa_tree_ADD_TC_OP_groupi_cdnfadd33/CO  -       CI->CO F     FA1D0           1  1.0    31    84    3861    (-,-) 
  gen_rows[4].gen_cols[31].pe_i_dut_csa_tree_ADD_TC_OP_groupi_cdnfadd34/CO  -       CI->CO F     FA1D0           1  1.0    31    84    3946    (-,-) 
  gen_rows[4].gen_cols[31].pe_i_dut_csa_tree_ADD_TC_OP_groupi_cdnfadd35/CO  -       CI->CO F     FA1D0           1  1.0    31    84    4030    (-,-) 
  gen_rows[4].gen_cols[31].pe_i_dut_csa_tree_ADD_TC_OP_groupi_cdnfadd36/CO  -       CI->CO F     FA1D0           1  1.0    31    84    4114    (-,-) 
  gen_rows[4].gen_cols[31].pe_i_dut_csa_tree_ADD_TC_OP_groupi_cdnfadd37/CO  -       CI->CO F     FA1D0           1  2.0    40    93    4208    (-,-) 
  gen_rows[4].gen_cols[31].pe_i_dut_csa_tree_ADD_TC_OP_groupi_cdnfadd38/CO  -       CI->CO F     FA1D1           1  2.0    31    70    4277    (-,-) 
  gen_rows[4].gen_cols[31].pe_i_dut_csa_tree_ADD_TC_OP_groupi_cdnfadd39/CO  -       CI->CO F     FA1D1           1  2.0    31    66    4344    (-,-) 
  gen_rows[4].gen_cols[31].pe_i_dut_csa_tree_ADD_TC_OP_groupi_cdnfadd40/CO  -       CI->CO F     FA1D1           1  2.0    31    66    4410    (-,-) 
  gen_rows[4].gen_cols[31].pe_i_dut_csa_tree_ADD_TC_OP_groupi_cdnfadd41/CO  -       CI->CO F     FA1D1           1  2.0    31    66    4477    (-,-) 
  gen_rows[4].gen_cols[31].pe_i_dut_csa_tree_ADD_TC_OP_groupi_cdnfadd42/CO  -       CI->CO F     FA1D1           1  2.0    31    66    4543    (-,-) 
  gen_rows[4].gen_cols[31].pe_i_dut_csa_tree_ADD_TC_OP_groupi_cdnfadd43/CO  -       CI->CO F     FA1D1           1  2.0    31    66    4610    (-,-) 
  gen_rows[4].gen_cols[31].pe_i_dut_csa_tree_ADD_TC_OP_groupi_cdnfadd44/CO  -       CI->CO F     FA1D1           1  2.0    31    66    4676    (-,-) 
  gen_rows[4].gen_cols[31].pe_i_dut_csa_tree_ADD_TC_OP_groupi_cdnfadd45/CO  -       CI->CO F     FA1D1           1  2.0    31    66    4743    (-,-) 
  gen_rows[4].gen_cols[31].pe_i_dut_csa_tree_ADD_TC_OP_groupi_cdnfadd46/CO  -       CI->CO F     FA1D1           1  1.1    26    62    4805    (-,-) 
  gen_rows[4].gen_cols[31].pe_i_dut_csa_tree_ADD_TC_OP_groupi_cdnfadd3807/Z -       A3->Z  R     XOR3D1          1  0.8    26    87    4892    (-,-) 
  g225188/ZN                                                                -       A2->ZN R     IOA21D1         1  1.0    78    64    4955    (-,-) 
  gen_rows[4].gen_cols[31].pe_i_dut_acc_out_reg[47]/D                       -       -      R     DFCNQD1         1    -     -     0    4955    (-,-) 
#----------------------------------------------------------------------------------------------------------------------------------------------------

Capture clock path:
#------------------------------------------------------------------------------------------------------------------------------
#                    Timing Point                      Flags   Arc   Edge   Cell      Fanout Load Trans Delay Arrival Instance 
#                                                                                            (fF)  (ps)  (ps)   (ps)  Location 
#------------------------------------------------------------------------------------------------------------------------------
  clk                                                  (i)     -     R     (arrival)  251421  0.0     0     0    5000    (-,-) 
  gen_rows[4].gen_cols[31].pe_i_dut_acc_out_reg[47]/CP <<<     -     R     DFCNQD1    251421    -     0     0    5000    (-,-) 
#------------------------------------------------------------------------------------------------------------------------------



Path 15: MET (2 ps) Setup Check with Pin gen_rows[5].gen_cols[31].pe_i_dut_acc_out_reg[47]/CP->D
          Group: clk
     Startpoint: (R) gen_rows[5].gen_cols[30].pe_i_dut_data_out_reg[2]/CP
          Clock: (R) clk
       Endpoint: (R) gen_rows[5].gen_cols[31].pe_i_dut_acc_out_reg[47]/D
          Clock: (R) clk

                     Capture       Launch     
        Clock Edge:+    5000            0     
       Src Latency:+       0            0     
       Net Latency:+       0 (I)        0 (I) 
           Arrival:=    5000            0     
                                              
             Setup:-      43                  
     Required Time:=    4957                  
      Launch Clock:-       0                  
         Data Path:-    4955                  
             Slack:=       2                  

Launch clock path:
#------------------------------------------------------------------------------------------------------------------------------
#                    Timing Point                      Flags   Arc   Edge   Cell      Fanout Load Trans Delay Arrival Instance 
#                                                                                            (fF)  (ps)  (ps)   (ps)  Location 
#------------------------------------------------------------------------------------------------------------------------------
  clk                                                  (i)     -     R     (arrival)  251421  0.0     0     0       0    (-,-) 
  gen_rows[5].gen_cols[30].pe_i_dut_data_out_reg[2]/CP <<<     -     R     DFCND1     251421    -     0     0       0    (-,-) 
#------------------------------------------------------------------------------------------------------------------------------

#----------------------------------------------------------------------------------------------------------------------------------------------------
#                               Timing Point                                Flags    Arc   Edge   Cell      Fanout Load Trans Delay Arrival Instance 
#                                                                                                                  (fF)  (ps)  (ps)   (ps)  Location 
#----------------------------------------------------------------------------------------------------------------------------------------------------
  gen_rows[5].gen_cols[30].pe_i_dut_data_out_reg[2]/CP                      -       -      R     (arrival)  251421    -     0     0       0    (-,-) 
  gen_rows[5].gen_cols[30].pe_i_dut_data_out_reg[2]/QN                      -       CP->QN R     DFCND1         38 42.3   348   355     355    (-,-) 
  gen_rows[5].gen_cols[31].pe_i_dut_csa_tree_ADD_TC_OP_groupi_g3706/ZN      -       B2->ZN R     MAOI22D1        2  1.9    95   113     468    (-,-) 
  gen_rows[5].gen_cols[31].pe_i_dut_csa_tree_ADD_TC_OP_groupi_g3653/ZN      -       A1->ZN F     ND2D1          16 14.3   161   124     592    (-,-) 
  gen_rows[5].gen_cols[31].pe_i_dut_csa_tree_ADD_TC_OP_groupi_g3584/ZN      -       A2->ZN R     AOI21D1         2  2.1    85    84     676    (-,-) 
  gen_rows[5].gen_cols[31].pe_i_dut_csa_tree_ADD_TC_OP_groupi_g3518/ZN      -       A1->ZN F     MOAI22D1        1  1.9    98    44     721    (-,-) 
  gen_rows[5].gen_cols[31].pe_i_dut_csa_tree_ADD_TC_OP_groupi_cdnfadd/CO    -       B->CO  F     FA1D0           1  1.0    32   145     866    (-,-) 
  gen_rows[5].gen_cols[31].pe_i_dut_csa_tree_ADD_TC_OP_groupi_cdnfadd1/CO   -       CI->CO F     FA1D0           1  1.0    31    85     950    (-,-) 
  gen_rows[5].gen_cols[31].pe_i_dut_csa_tree_ADD_TC_OP_groupi_cdnfadd2/CO   -       CI->CO F     FA1D0           1  1.9    40    92    1043    (-,-) 
  g347759/CO                                                                -       D->CO  F     CMPE42D1        1  1.9    32   126    1169    (-,-) 
  g347758/CO                                                                -       D->CO  F     CMPE42D1        1  1.9    32   123    1292    (-,-) 
  g347757/CO                                                                -       D->CO  F     CMPE42D1        1  1.0    28   119    1411    (-,-) 
  gen_rows[5].gen_cols[31].pe_i_dut_csa_tree_ADD_TC_OP_groupi_cdnfadd6/CO   -       CI->CO F     FA1D0           1  1.0    31    83    1494    (-,-) 
  gen_rows[5].gen_cols[31].pe_i_dut_csa_tree_ADD_TC_OP_groupi_cdnfadd7/CO   -       CI->CO F     FA1D0           1  1.0    31    84    1578    (-,-) 
  gen_rows[5].gen_cols[31].pe_i_dut_csa_tree_ADD_TC_OP_groupi_cdnfadd8/CO   -       CI->CO F     FA1D0           1  1.0    31    84    1663    (-,-) 
  gen_rows[5].gen_cols[31].pe_i_dut_csa_tree_ADD_TC_OP_groupi_cdnfadd9/CO   -       CI->CO F     FA1D0           1  1.0    31    84    1747    (-,-) 
  gen_rows[5].gen_cols[31].pe_i_dut_csa_tree_ADD_TC_OP_groupi_cdnfadd10/CO  -       CI->CO F     FA1D0           1  1.0    31    84    1832    (-,-) 
  gen_rows[5].gen_cols[31].pe_i_dut_csa_tree_ADD_TC_OP_groupi_cdnfadd11/CO  -       CI->CO F     FA1D0           1  1.0    31    84    1916    (-,-) 
  gen_rows[5].gen_cols[31].pe_i_dut_csa_tree_ADD_TC_OP_groupi_cdnfadd12/CO  -       CI->CO F     FA1D0           1  1.0    31    84    2001    (-,-) 
  gen_rows[5].gen_cols[31].pe_i_dut_csa_tree_ADD_TC_OP_groupi_cdnfadd13/CO  -       CI->CO F     FA1D0           1  1.0    31    84    2085    (-,-) 
  gen_rows[5].gen_cols[31].pe_i_dut_csa_tree_ADD_TC_OP_groupi_cdnfadd14/CO  -       CI->CO F     FA1D0           1  1.0    31    84    2170    (-,-) 
  gen_rows[5].gen_cols[31].pe_i_dut_csa_tree_ADD_TC_OP_groupi_cdnfadd15/CO  -       CI->CO F     FA1D0           1  1.0    31    84    2254    (-,-) 
  gen_rows[5].gen_cols[31].pe_i_dut_csa_tree_ADD_TC_OP_groupi_cdnfadd16/CO  -       CI->CO F     FA1D0           1  1.0    31    84    2339    (-,-) 
  gen_rows[5].gen_cols[31].pe_i_dut_csa_tree_ADD_TC_OP_groupi_cdnfadd17/CO  -       CI->CO F     FA1D0           1  1.0    31    84    2423    (-,-) 
  gen_rows[5].gen_cols[31].pe_i_dut_csa_tree_ADD_TC_OP_groupi_cdnfadd18/CO  -       CI->CO F     FA1D0           1  1.0    31    84    2508    (-,-) 
  gen_rows[5].gen_cols[31].pe_i_dut_csa_tree_ADD_TC_OP_groupi_cdnfadd19/CO  -       CI->CO F     FA1D0           1  1.0    31    84    2592    (-,-) 
  gen_rows[5].gen_cols[31].pe_i_dut_csa_tree_ADD_TC_OP_groupi_cdnfadd20/CO  -       CI->CO F     FA1D0           1  1.0    31    84    2677    (-,-) 
  gen_rows[5].gen_cols[31].pe_i_dut_csa_tree_ADD_TC_OP_groupi_cdnfadd21/CO  -       CI->CO F     FA1D0           1  1.0    31    84    2761    (-,-) 
  gen_rows[5].gen_cols[31].pe_i_dut_csa_tree_ADD_TC_OP_groupi_cdnfadd22/CO  -       CI->CO F     FA1D0           1  1.0    31    84    2846    (-,-) 
  gen_rows[5].gen_cols[31].pe_i_dut_csa_tree_ADD_TC_OP_groupi_cdnfadd23/CO  -       CI->CO F     FA1D0           1  1.9    40    92    2938    (-,-) 
  g347738/CO                                                                -       D->CO  F     CMPE42D1        1  1.0    26   121    3060    (-,-) 
  gen_rows[5].gen_cols[31].pe_i_dut_csa_tree_ADD_TC_OP_groupi_cdnfadd25/CO  -       CI->CO F     FA1D0           1  1.0    31    83    3142    (-,-) 
  gen_rows[5].gen_cols[31].pe_i_dut_csa_tree_ADD_TC_OP_groupi_cdnfadd26/CO  -       CI->CO F     FA1D0           1  1.0    31    84    3227    (-,-) 
  gen_rows[5].gen_cols[31].pe_i_dut_csa_tree_ADD_TC_OP_groupi_cdnfadd27/CO  -       CI->CO F     FA1D0           1  1.0    31    84    3311    (-,-) 
  gen_rows[5].gen_cols[31].pe_i_dut_csa_tree_ADD_TC_OP_groupi_cdnfadd28/CO  -       CI->CO F     FA1D0           1  1.0    31    84    3396    (-,-) 
  gen_rows[5].gen_cols[31].pe_i_dut_csa_tree_ADD_TC_OP_groupi_cdnfadd29/CO  -       CI->CO F     FA1D0           1  1.9    40    92    3488    (-,-) 
  g347731/CO                                                                -       D->CO  F     CMPE42D1        1  1.0    26   121    3609    (-,-) 
  gen_rows[5].gen_cols[31].pe_i_dut_csa_tree_ADD_TC_OP_groupi_cdnfadd31/CO  -       CI->CO F     FA1D0           1  1.0    31    83    3692    (-,-) 
  gen_rows[5].gen_cols[31].pe_i_dut_csa_tree_ADD_TC_OP_groupi_cdnfadd32/CO  -       CI->CO F     FA1D0           1  1.0    31    84    3776    (-,-) 
  gen_rows[5].gen_cols[31].pe_i_dut_csa_tree_ADD_TC_OP_groupi_cdnfadd33/CO  -       CI->CO F     FA1D0           1  1.0    31    84    3861    (-,-) 
  gen_rows[5].gen_cols[31].pe_i_dut_csa_tree_ADD_TC_OP_groupi_cdnfadd34/CO  -       CI->CO F     FA1D0           1  1.0    31    84    3946    (-,-) 
  gen_rows[5].gen_cols[31].pe_i_dut_csa_tree_ADD_TC_OP_groupi_cdnfadd35/CO  -       CI->CO F     FA1D0           1  1.0    31    84    4030    (-,-) 
  gen_rows[5].gen_cols[31].pe_i_dut_csa_tree_ADD_TC_OP_groupi_cdnfadd36/CO  -       CI->CO F     FA1D0           1  1.0    31    84    4114    (-,-) 
  gen_rows[5].gen_cols[31].pe_i_dut_csa_tree_ADD_TC_OP_groupi_cdnfadd37/CO  -       CI->CO F     FA1D0           1  2.0    40    93    4208    (-,-) 
  gen_rows[5].gen_cols[31].pe_i_dut_csa_tree_ADD_TC_OP_groupi_cdnfadd38/CO  -       CI->CO F     FA1D1           1  2.0    31    70    4277    (-,-) 
  gen_rows[5].gen_cols[31].pe_i_dut_csa_tree_ADD_TC_OP_groupi_cdnfadd39/CO  -       CI->CO F     FA1D1           1  2.0    31    66    4344    (-,-) 
  gen_rows[5].gen_cols[31].pe_i_dut_csa_tree_ADD_TC_OP_groupi_cdnfadd40/CO  -       CI->CO F     FA1D1           1  2.0    31    66    4410    (-,-) 
  gen_rows[5].gen_cols[31].pe_i_dut_csa_tree_ADD_TC_OP_groupi_cdnfadd41/CO  -       CI->CO F     FA1D1           1  2.0    31    66    4477    (-,-) 
  gen_rows[5].gen_cols[31].pe_i_dut_csa_tree_ADD_TC_OP_groupi_cdnfadd42/CO  -       CI->CO F     FA1D1           1  2.0    31    66    4543    (-,-) 
  gen_rows[5].gen_cols[31].pe_i_dut_csa_tree_ADD_TC_OP_groupi_cdnfadd43/CO  -       CI->CO F     FA1D1           1  2.0    31    66    4610    (-,-) 
  gen_rows[5].gen_cols[31].pe_i_dut_csa_tree_ADD_TC_OP_groupi_cdnfadd44/CO  -       CI->CO F     FA1D1           1  2.0    31    66    4676    (-,-) 
  gen_rows[5].gen_cols[31].pe_i_dut_csa_tree_ADD_TC_OP_groupi_cdnfadd45/CO  -       CI->CO F     FA1D1           1  2.0    31    66    4743    (-,-) 
  gen_rows[5].gen_cols[31].pe_i_dut_csa_tree_ADD_TC_OP_groupi_cdnfadd46/CO  -       CI->CO F     FA1D1           1  1.1    26    62    4805    (-,-) 
  gen_rows[5].gen_cols[31].pe_i_dut_csa_tree_ADD_TC_OP_groupi_cdnfadd3807/Z -       A3->Z  R     XOR3D1          1  0.8    26    87    4892    (-,-) 
  g225194/ZN                                                                -       A2->ZN R     IOA21D1         1  1.0    78    64    4955    (-,-) 
  gen_rows[5].gen_cols[31].pe_i_dut_acc_out_reg[47]/D                       -       -      R     DFCNQD1         1    -     -     0    4955    (-,-) 
#----------------------------------------------------------------------------------------------------------------------------------------------------

Capture clock path:
#------------------------------------------------------------------------------------------------------------------------------
#                    Timing Point                      Flags   Arc   Edge   Cell      Fanout Load Trans Delay Arrival Instance 
#                                                                                            (fF)  (ps)  (ps)   (ps)  Location 
#------------------------------------------------------------------------------------------------------------------------------
  clk                                                  (i)     -     R     (arrival)  251421  0.0     0     0    5000    (-,-) 
  gen_rows[5].gen_cols[31].pe_i_dut_acc_out_reg[47]/CP <<<     -     R     DFCNQD1    251421    -     0     0    5000    (-,-) 
#------------------------------------------------------------------------------------------------------------------------------



Path 16: MET (2 ps) Setup Check with Pin gen_rows[6].gen_cols[31].pe_i_dut_acc_out_reg[47]/CP->D
          Group: clk
     Startpoint: (R) gen_rows[6].gen_cols[30].pe_i_dut_data_out_reg[2]/CP
          Clock: (R) clk
       Endpoint: (R) gen_rows[6].gen_cols[31].pe_i_dut_acc_out_reg[47]/D
          Clock: (R) clk

                     Capture       Launch     
        Clock Edge:+    5000            0     
       Src Latency:+       0            0     
       Net Latency:+       0 (I)        0 (I) 
           Arrival:=    5000            0     
                                              
             Setup:-      43                  
     Required Time:=    4957                  
      Launch Clock:-       0                  
         Data Path:-    4955                  
             Slack:=       2                  

Launch clock path:
#------------------------------------------------------------------------------------------------------------------------------
#                    Timing Point                      Flags   Arc   Edge   Cell      Fanout Load Trans Delay Arrival Instance 
#                                                                                            (fF)  (ps)  (ps)   (ps)  Location 
#------------------------------------------------------------------------------------------------------------------------------
  clk                                                  (i)     -     R     (arrival)  251421  0.0     0     0       0    (-,-) 
  gen_rows[6].gen_cols[30].pe_i_dut_data_out_reg[2]/CP <<<     -     R     DFCND1     251421    -     0     0       0    (-,-) 
#------------------------------------------------------------------------------------------------------------------------------

#----------------------------------------------------------------------------------------------------------------------------------------------------
#                               Timing Point                                Flags    Arc   Edge   Cell      Fanout Load Trans Delay Arrival Instance 
#                                                                                                                  (fF)  (ps)  (ps)   (ps)  Location 
#----------------------------------------------------------------------------------------------------------------------------------------------------
  gen_rows[6].gen_cols[30].pe_i_dut_data_out_reg[2]/CP                      -       -      R     (arrival)  251421    -     0     0       0    (-,-) 
  gen_rows[6].gen_cols[30].pe_i_dut_data_out_reg[2]/QN                      -       CP->QN R     DFCND1         38 42.3   348   355     355    (-,-) 
  gen_rows[6].gen_cols[31].pe_i_dut_csa_tree_ADD_TC_OP_groupi_g3706/ZN      -       B2->ZN R     MAOI22D1        2  1.9    95   113     468    (-,-) 
  gen_rows[6].gen_cols[31].pe_i_dut_csa_tree_ADD_TC_OP_groupi_g3653/ZN      -       A1->ZN F     ND2D1          16 14.3   161   124     592    (-,-) 
  gen_rows[6].gen_cols[31].pe_i_dut_csa_tree_ADD_TC_OP_groupi_g3584/ZN      -       A2->ZN R     AOI21D1         2  2.1    85    84     676    (-,-) 
  gen_rows[6].gen_cols[31].pe_i_dut_csa_tree_ADD_TC_OP_groupi_g3518/ZN      -       A1->ZN F     MOAI22D1        1  1.9    98    44     721    (-,-) 
  gen_rows[6].gen_cols[31].pe_i_dut_csa_tree_ADD_TC_OP_groupi_cdnfadd/CO    -       B->CO  F     FA1D0           1  1.0    32   145     866    (-,-) 
  gen_rows[6].gen_cols[31].pe_i_dut_csa_tree_ADD_TC_OP_groupi_cdnfadd1/CO   -       CI->CO F     FA1D0           1  1.0    31    85     950    (-,-) 
  gen_rows[6].gen_cols[31].pe_i_dut_csa_tree_ADD_TC_OP_groupi_cdnfadd2/CO   -       CI->CO F     FA1D0           1  1.9    40    92    1043    (-,-) 
  g347791/CO                                                                -       D->CO  F     CMPE42D1        1  1.9    32   126    1169    (-,-) 
  g347790/CO                                                                -       D->CO  F     CMPE42D1        1  1.9    32   123    1292    (-,-) 
  g347789/CO                                                                -       D->CO  F     CMPE42D1        1  1.0    28   119    1411    (-,-) 
  gen_rows[6].gen_cols[31].pe_i_dut_csa_tree_ADD_TC_OP_groupi_cdnfadd6/CO   -       CI->CO F     FA1D0           1  1.0    31    83    1494    (-,-) 
  gen_rows[6].gen_cols[31].pe_i_dut_csa_tree_ADD_TC_OP_groupi_cdnfadd7/CO   -       CI->CO F     FA1D0           1  1.0    31    84    1578    (-,-) 
  gen_rows[6].gen_cols[31].pe_i_dut_csa_tree_ADD_TC_OP_groupi_cdnfadd8/CO   -       CI->CO F     FA1D0           1  1.0    31    84    1663    (-,-) 
  gen_rows[6].gen_cols[31].pe_i_dut_csa_tree_ADD_TC_OP_groupi_cdnfadd9/CO   -       CI->CO F     FA1D0           1  1.0    31    84    1747    (-,-) 
  gen_rows[6].gen_cols[31].pe_i_dut_csa_tree_ADD_TC_OP_groupi_cdnfadd10/CO  -       CI->CO F     FA1D0           1  1.0    31    84    1832    (-,-) 
  gen_rows[6].gen_cols[31].pe_i_dut_csa_tree_ADD_TC_OP_groupi_cdnfadd11/CO  -       CI->CO F     FA1D0           1  1.0    31    84    1916    (-,-) 
  gen_rows[6].gen_cols[31].pe_i_dut_csa_tree_ADD_TC_OP_groupi_cdnfadd12/CO  -       CI->CO F     FA1D0           1  1.0    31    84    2001    (-,-) 
  gen_rows[6].gen_cols[31].pe_i_dut_csa_tree_ADD_TC_OP_groupi_cdnfadd13/CO  -       CI->CO F     FA1D0           1  1.0    31    84    2085    (-,-) 
  gen_rows[6].gen_cols[31].pe_i_dut_csa_tree_ADD_TC_OP_groupi_cdnfadd14/CO  -       CI->CO F     FA1D0           1  1.0    31    84    2170    (-,-) 
  gen_rows[6].gen_cols[31].pe_i_dut_csa_tree_ADD_TC_OP_groupi_cdnfadd15/CO  -       CI->CO F     FA1D0           1  1.0    31    84    2254    (-,-) 
  gen_rows[6].gen_cols[31].pe_i_dut_csa_tree_ADD_TC_OP_groupi_cdnfadd16/CO  -       CI->CO F     FA1D0           1  1.0    31    84    2339    (-,-) 
  gen_rows[6].gen_cols[31].pe_i_dut_csa_tree_ADD_TC_OP_groupi_cdnfadd17/CO  -       CI->CO F     FA1D0           1  1.0    31    84    2423    (-,-) 
  gen_rows[6].gen_cols[31].pe_i_dut_csa_tree_ADD_TC_OP_groupi_cdnfadd18/CO  -       CI->CO F     FA1D0           1  1.0    31    84    2508    (-,-) 
  gen_rows[6].gen_cols[31].pe_i_dut_csa_tree_ADD_TC_OP_groupi_cdnfadd19/CO  -       CI->CO F     FA1D0           1  1.0    31    84    2592    (-,-) 
  gen_rows[6].gen_cols[31].pe_i_dut_csa_tree_ADD_TC_OP_groupi_cdnfadd20/CO  -       CI->CO F     FA1D0           1  1.0    31    84    2677    (-,-) 
  gen_rows[6].gen_cols[31].pe_i_dut_csa_tree_ADD_TC_OP_groupi_cdnfadd21/CO  -       CI->CO F     FA1D0           1  1.0    31    84    2761    (-,-) 
  gen_rows[6].gen_cols[31].pe_i_dut_csa_tree_ADD_TC_OP_groupi_cdnfadd22/CO  -       CI->CO F     FA1D0           1  1.0    31    84    2846    (-,-) 
  gen_rows[6].gen_cols[31].pe_i_dut_csa_tree_ADD_TC_OP_groupi_cdnfadd23/CO  -       CI->CO F     FA1D0           1  1.9    40    92    2938    (-,-) 
  g347770/CO                                                                -       D->CO  F     CMPE42D1        1  1.0    26   121    3060    (-,-) 
  gen_rows[6].gen_cols[31].pe_i_dut_csa_tree_ADD_TC_OP_groupi_cdnfadd25/CO  -       CI->CO F     FA1D0           1  1.0    31    83    3142    (-,-) 
  gen_rows[6].gen_cols[31].pe_i_dut_csa_tree_ADD_TC_OP_groupi_cdnfadd26/CO  -       CI->CO F     FA1D0           1  1.0    31    84    3227    (-,-) 
  gen_rows[6].gen_cols[31].pe_i_dut_csa_tree_ADD_TC_OP_groupi_cdnfadd27/CO  -       CI->CO F     FA1D0           1  1.0    31    84    3311    (-,-) 
  gen_rows[6].gen_cols[31].pe_i_dut_csa_tree_ADD_TC_OP_groupi_cdnfadd28/CO  -       CI->CO F     FA1D0           1  1.0    31    84    3396    (-,-) 
  gen_rows[6].gen_cols[31].pe_i_dut_csa_tree_ADD_TC_OP_groupi_cdnfadd29/CO  -       CI->CO F     FA1D0           1  1.9    40    92    3488    (-,-) 
  g347763/CO                                                                -       D->CO  F     CMPE42D1        1  1.0    26   121    3609    (-,-) 
  gen_rows[6].gen_cols[31].pe_i_dut_csa_tree_ADD_TC_OP_groupi_cdnfadd31/CO  -       CI->CO F     FA1D0           1  1.0    31    83    3692    (-,-) 
  gen_rows[6].gen_cols[31].pe_i_dut_csa_tree_ADD_TC_OP_groupi_cdnfadd32/CO  -       CI->CO F     FA1D0           1  1.0    31    84    3776    (-,-) 
  gen_rows[6].gen_cols[31].pe_i_dut_csa_tree_ADD_TC_OP_groupi_cdnfadd33/CO  -       CI->CO F     FA1D0           1  1.0    31    84    3861    (-,-) 
  gen_rows[6].gen_cols[31].pe_i_dut_csa_tree_ADD_TC_OP_groupi_cdnfadd34/CO  -       CI->CO F     FA1D0           1  1.0    31    84    3946    (-,-) 
  gen_rows[6].gen_cols[31].pe_i_dut_csa_tree_ADD_TC_OP_groupi_cdnfadd35/CO  -       CI->CO F     FA1D0           1  1.0    31    84    4030    (-,-) 
  gen_rows[6].gen_cols[31].pe_i_dut_csa_tree_ADD_TC_OP_groupi_cdnfadd36/CO  -       CI->CO F     FA1D0           1  1.0    31    84    4114    (-,-) 
  gen_rows[6].gen_cols[31].pe_i_dut_csa_tree_ADD_TC_OP_groupi_cdnfadd37/CO  -       CI->CO F     FA1D0           1  2.0    40    93    4208    (-,-) 
  gen_rows[6].gen_cols[31].pe_i_dut_csa_tree_ADD_TC_OP_groupi_cdnfadd38/CO  -       CI->CO F     FA1D1           1  2.0    31    70    4277    (-,-) 
  gen_rows[6].gen_cols[31].pe_i_dut_csa_tree_ADD_TC_OP_groupi_cdnfadd39/CO  -       CI->CO F     FA1D1           1  2.0    31    66    4344    (-,-) 
  gen_rows[6].gen_cols[31].pe_i_dut_csa_tree_ADD_TC_OP_groupi_cdnfadd40/CO  -       CI->CO F     FA1D1           1  2.0    31    66    4410    (-,-) 
  gen_rows[6].gen_cols[31].pe_i_dut_csa_tree_ADD_TC_OP_groupi_cdnfadd41/CO  -       CI->CO F     FA1D1           1  2.0    31    66    4477    (-,-) 
  gen_rows[6].gen_cols[31].pe_i_dut_csa_tree_ADD_TC_OP_groupi_cdnfadd42/CO  -       CI->CO F     FA1D1           1  2.0    31    66    4543    (-,-) 
  gen_rows[6].gen_cols[31].pe_i_dut_csa_tree_ADD_TC_OP_groupi_cdnfadd43/CO  -       CI->CO F     FA1D1           1  2.0    31    66    4610    (-,-) 
  gen_rows[6].gen_cols[31].pe_i_dut_csa_tree_ADD_TC_OP_groupi_cdnfadd44/CO  -       CI->CO F     FA1D1           1  2.0    31    66    4676    (-,-) 
  gen_rows[6].gen_cols[31].pe_i_dut_csa_tree_ADD_TC_OP_groupi_cdnfadd45/CO  -       CI->CO F     FA1D1           1  2.0    31    66    4743    (-,-) 
  gen_rows[6].gen_cols[31].pe_i_dut_csa_tree_ADD_TC_OP_groupi_cdnfadd46/CO  -       CI->CO F     FA1D1           1  1.1    26    62    4805    (-,-) 
  gen_rows[6].gen_cols[31].pe_i_dut_csa_tree_ADD_TC_OP_groupi_cdnfadd3807/Z -       A3->Z  R     XOR3D1          1  0.8    26    87    4892    (-,-) 
  g225223/ZN                                                                -       A2->ZN R     IOA21D1         1  1.0    78    64    4955    (-,-) 
  gen_rows[6].gen_cols[31].pe_i_dut_acc_out_reg[47]/D                       -       -      R     DFCNQD1         1    -     -     0    4955    (-,-) 
#----------------------------------------------------------------------------------------------------------------------------------------------------

Capture clock path:
#------------------------------------------------------------------------------------------------------------------------------
#                    Timing Point                      Flags   Arc   Edge   Cell      Fanout Load Trans Delay Arrival Instance 
#                                                                                            (fF)  (ps)  (ps)   (ps)  Location 
#------------------------------------------------------------------------------------------------------------------------------
  clk                                                  (i)     -     R     (arrival)  251421  0.0     0     0    5000    (-,-) 
  gen_rows[6].gen_cols[31].pe_i_dut_acc_out_reg[47]/CP <<<     -     R     DFCNQD1    251421    -     0     0    5000    (-,-) 
#------------------------------------------------------------------------------------------------------------------------------



Path 17: MET (2 ps) Setup Check with Pin gen_rows[7].gen_cols[31].pe_i_dut_acc_out_reg[47]/CP->D
          Group: clk
     Startpoint: (R) gen_rows[7].gen_cols[30].pe_i_dut_data_out_reg[2]/CP
          Clock: (R) clk
       Endpoint: (R) gen_rows[7].gen_cols[31].pe_i_dut_acc_out_reg[47]/D
          Clock: (R) clk

                     Capture       Launch     
        Clock Edge:+    5000            0     
       Src Latency:+       0            0     
       Net Latency:+       0 (I)        0 (I) 
           Arrival:=    5000            0     
                                              
             Setup:-      43                  
     Required Time:=    4957                  
      Launch Clock:-       0                  
         Data Path:-    4955                  
             Slack:=       2                  

Launch clock path:
#------------------------------------------------------------------------------------------------------------------------------
#                    Timing Point                      Flags   Arc   Edge   Cell      Fanout Load Trans Delay Arrival Instance 
#                                                                                            (fF)  (ps)  (ps)   (ps)  Location 
#------------------------------------------------------------------------------------------------------------------------------
  clk                                                  (i)     -     R     (arrival)  251421  0.0     0     0       0    (-,-) 
  gen_rows[7].gen_cols[30].pe_i_dut_data_out_reg[2]/CP <<<     -     R     DFCND1     251421    -     0     0       0    (-,-) 
#------------------------------------------------------------------------------------------------------------------------------

#----------------------------------------------------------------------------------------------------------------------------------------------------
#                               Timing Point                                Flags    Arc   Edge   Cell      Fanout Load Trans Delay Arrival Instance 
#                                                                                                                  (fF)  (ps)  (ps)   (ps)  Location 
#----------------------------------------------------------------------------------------------------------------------------------------------------
  gen_rows[7].gen_cols[30].pe_i_dut_data_out_reg[2]/CP                      -       -      R     (arrival)  251421    -     0     0       0    (-,-) 
  gen_rows[7].gen_cols[30].pe_i_dut_data_out_reg[2]/QN                      -       CP->QN R     DFCND1         38 42.3   348   355     355    (-,-) 
  gen_rows[7].gen_cols[31].pe_i_dut_csa_tree_ADD_TC_OP_groupi_g3706/ZN      -       B2->ZN R     MAOI22D1        2  1.9    95   113     468    (-,-) 
  gen_rows[7].gen_cols[31].pe_i_dut_csa_tree_ADD_TC_OP_groupi_g3653/ZN      -       A1->ZN F     ND2D1          16 14.3   161   124     592    (-,-) 
  gen_rows[7].gen_cols[31].pe_i_dut_csa_tree_ADD_TC_OP_groupi_g3584/ZN      -       A2->ZN R     AOI21D1         2  2.1    85    84     676    (-,-) 
  gen_rows[7].gen_cols[31].pe_i_dut_csa_tree_ADD_TC_OP_groupi_g3518/ZN      -       A1->ZN F     MOAI22D1        1  1.9    98    44     721    (-,-) 
  gen_rows[7].gen_cols[31].pe_i_dut_csa_tree_ADD_TC_OP_groupi_cdnfadd/CO    -       B->CO  F     FA1D0           1  1.0    32   145     866    (-,-) 
  gen_rows[7].gen_cols[31].pe_i_dut_csa_tree_ADD_TC_OP_groupi_cdnfadd1/CO   -       CI->CO F     FA1D0           1  1.0    31    85     950    (-,-) 
  gen_rows[7].gen_cols[31].pe_i_dut_csa_tree_ADD_TC_OP_groupi_cdnfadd2/CO   -       CI->CO F     FA1D0           1  1.9    40    92    1043    (-,-) 
  g347823/CO                                                                -       D->CO  F     CMPE42D1        1  1.9    32   126    1169    (-,-) 
  g347822/CO                                                                -       D->CO  F     CMPE42D1        1  1.9    32   123    1292    (-,-) 
  g347821/CO                                                                -       D->CO  F     CMPE42D1        1  1.0    28   119    1411    (-,-) 
  gen_rows[7].gen_cols[31].pe_i_dut_csa_tree_ADD_TC_OP_groupi_cdnfadd6/CO   -       CI->CO F     FA1D0           1  1.0    31    83    1494    (-,-) 
  gen_rows[7].gen_cols[31].pe_i_dut_csa_tree_ADD_TC_OP_groupi_cdnfadd7/CO   -       CI->CO F     FA1D0           1  1.0    31    84    1578    (-,-) 
  gen_rows[7].gen_cols[31].pe_i_dut_csa_tree_ADD_TC_OP_groupi_cdnfadd8/CO   -       CI->CO F     FA1D0           1  1.0    31    84    1663    (-,-) 
  gen_rows[7].gen_cols[31].pe_i_dut_csa_tree_ADD_TC_OP_groupi_cdnfadd9/CO   -       CI->CO F     FA1D0           1  1.0    31    84    1747    (-,-) 
  gen_rows[7].gen_cols[31].pe_i_dut_csa_tree_ADD_TC_OP_groupi_cdnfadd10/CO  -       CI->CO F     FA1D0           1  1.0    31    84    1832    (-,-) 
  gen_rows[7].gen_cols[31].pe_i_dut_csa_tree_ADD_TC_OP_groupi_cdnfadd11/CO  -       CI->CO F     FA1D0           1  1.0    31    84    1916    (-,-) 
  gen_rows[7].gen_cols[31].pe_i_dut_csa_tree_ADD_TC_OP_groupi_cdnfadd12/CO  -       CI->CO F     FA1D0           1  1.0    31    84    2001    (-,-) 
  gen_rows[7].gen_cols[31].pe_i_dut_csa_tree_ADD_TC_OP_groupi_cdnfadd13/CO  -       CI->CO F     FA1D0           1  1.0    31    84    2085    (-,-) 
  gen_rows[7].gen_cols[31].pe_i_dut_csa_tree_ADD_TC_OP_groupi_cdnfadd14/CO  -       CI->CO F     FA1D0           1  1.0    31    84    2170    (-,-) 
  gen_rows[7].gen_cols[31].pe_i_dut_csa_tree_ADD_TC_OP_groupi_cdnfadd15/CO  -       CI->CO F     FA1D0           1  1.0    31    84    2254    (-,-) 
  gen_rows[7].gen_cols[31].pe_i_dut_csa_tree_ADD_TC_OP_groupi_cdnfadd16/CO  -       CI->CO F     FA1D0           1  1.0    31    84    2339    (-,-) 
  gen_rows[7].gen_cols[31].pe_i_dut_csa_tree_ADD_TC_OP_groupi_cdnfadd17/CO  -       CI->CO F     FA1D0           1  1.0    31    84    2423    (-,-) 
  gen_rows[7].gen_cols[31].pe_i_dut_csa_tree_ADD_TC_OP_groupi_cdnfadd18/CO  -       CI->CO F     FA1D0           1  1.0    31    84    2508    (-,-) 
  gen_rows[7].gen_cols[31].pe_i_dut_csa_tree_ADD_TC_OP_groupi_cdnfadd19/CO  -       CI->CO F     FA1D0           1  1.0    31    84    2592    (-,-) 
  gen_rows[7].gen_cols[31].pe_i_dut_csa_tree_ADD_TC_OP_groupi_cdnfadd20/CO  -       CI->CO F     FA1D0           1  1.0    31    84    2677    (-,-) 
  gen_rows[7].gen_cols[31].pe_i_dut_csa_tree_ADD_TC_OP_groupi_cdnfadd21/CO  -       CI->CO F     FA1D0           1  1.0    31    84    2761    (-,-) 
  gen_rows[7].gen_cols[31].pe_i_dut_csa_tree_ADD_TC_OP_groupi_cdnfadd22/CO  -       CI->CO F     FA1D0           1  1.0    31    84    2846    (-,-) 
  gen_rows[7].gen_cols[31].pe_i_dut_csa_tree_ADD_TC_OP_groupi_cdnfadd23/CO  -       CI->CO F     FA1D0           1  1.9    40    92    2938    (-,-) 
  g347802/CO                                                                -       D->CO  F     CMPE42D1        1  1.0    26   121    3060    (-,-) 
  gen_rows[7].gen_cols[31].pe_i_dut_csa_tree_ADD_TC_OP_groupi_cdnfadd25/CO  -       CI->CO F     FA1D0           1  1.0    31    83    3142    (-,-) 
  gen_rows[7].gen_cols[31].pe_i_dut_csa_tree_ADD_TC_OP_groupi_cdnfadd26/CO  -       CI->CO F     FA1D0           1  1.0    31    84    3227    (-,-) 
  gen_rows[7].gen_cols[31].pe_i_dut_csa_tree_ADD_TC_OP_groupi_cdnfadd27/CO  -       CI->CO F     FA1D0           1  1.0    31    84    3311    (-,-) 
  gen_rows[7].gen_cols[31].pe_i_dut_csa_tree_ADD_TC_OP_groupi_cdnfadd28/CO  -       CI->CO F     FA1D0           1  1.0    31    84    3396    (-,-) 
  gen_rows[7].gen_cols[31].pe_i_dut_csa_tree_ADD_TC_OP_groupi_cdnfadd29/CO  -       CI->CO F     FA1D0           1  1.9    40    92    3488    (-,-) 
  g347795/CO                                                                -       D->CO  F     CMPE42D1        1  1.0    26   121    3609    (-,-) 
  gen_rows[7].gen_cols[31].pe_i_dut_csa_tree_ADD_TC_OP_groupi_cdnfadd31/CO  -       CI->CO F     FA1D0           1  1.0    31    83    3692    (-,-) 
  gen_rows[7].gen_cols[31].pe_i_dut_csa_tree_ADD_TC_OP_groupi_cdnfadd32/CO  -       CI->CO F     FA1D0           1  1.0    31    84    3776    (-,-) 
  gen_rows[7].gen_cols[31].pe_i_dut_csa_tree_ADD_TC_OP_groupi_cdnfadd33/CO  -       CI->CO F     FA1D0           1  1.0    31    84    3861    (-,-) 
  gen_rows[7].gen_cols[31].pe_i_dut_csa_tree_ADD_TC_OP_groupi_cdnfadd34/CO  -       CI->CO F     FA1D0           1  1.0    31    84    3946    (-,-) 
  gen_rows[7].gen_cols[31].pe_i_dut_csa_tree_ADD_TC_OP_groupi_cdnfadd35/CO  -       CI->CO F     FA1D0           1  1.0    31    84    4030    (-,-) 
  gen_rows[7].gen_cols[31].pe_i_dut_csa_tree_ADD_TC_OP_groupi_cdnfadd36/CO  -       CI->CO F     FA1D0           1  1.0    31    84    4114    (-,-) 
  gen_rows[7].gen_cols[31].pe_i_dut_csa_tree_ADD_TC_OP_groupi_cdnfadd37/CO  -       CI->CO F     FA1D0           1  2.0    40    93    4208    (-,-) 
  gen_rows[7].gen_cols[31].pe_i_dut_csa_tree_ADD_TC_OP_groupi_cdnfadd38/CO  -       CI->CO F     FA1D1           1  2.0    31    70    4277    (-,-) 
  gen_rows[7].gen_cols[31].pe_i_dut_csa_tree_ADD_TC_OP_groupi_cdnfadd39/CO  -       CI->CO F     FA1D1           1  2.0    31    66    4344    (-,-) 
  gen_rows[7].gen_cols[31].pe_i_dut_csa_tree_ADD_TC_OP_groupi_cdnfadd40/CO  -       CI->CO F     FA1D1           1  2.0    31    66    4410    (-,-) 
  gen_rows[7].gen_cols[31].pe_i_dut_csa_tree_ADD_TC_OP_groupi_cdnfadd41/CO  -       CI->CO F     FA1D1           1  2.0    31    66    4477    (-,-) 
  gen_rows[7].gen_cols[31].pe_i_dut_csa_tree_ADD_TC_OP_groupi_cdnfadd42/CO  -       CI->CO F     FA1D1           1  2.0    31    66    4543    (-,-) 
  gen_rows[7].gen_cols[31].pe_i_dut_csa_tree_ADD_TC_OP_groupi_cdnfadd43/CO  -       CI->CO F     FA1D1           1  2.0    31    66    4610    (-,-) 
  gen_rows[7].gen_cols[31].pe_i_dut_csa_tree_ADD_TC_OP_groupi_cdnfadd44/CO  -       CI->CO F     FA1D1           1  2.0    31    66    4676    (-,-) 
  gen_rows[7].gen_cols[31].pe_i_dut_csa_tree_ADD_TC_OP_groupi_cdnfadd45/CO  -       CI->CO F     FA1D1           1  2.0    31    66    4743    (-,-) 
  gen_rows[7].gen_cols[31].pe_i_dut_csa_tree_ADD_TC_OP_groupi_cdnfadd46/CO  -       CI->CO F     FA1D1           1  1.1    26    62    4805    (-,-) 
  gen_rows[7].gen_cols[31].pe_i_dut_csa_tree_ADD_TC_OP_groupi_cdnfadd3807/Z -       A3->Z  R     XOR3D1          1  0.8    26    87    4892    (-,-) 
  g225280/ZN                                                                -       A2->ZN R     IOA21D1         1  1.0    78    64    4955    (-,-) 
  gen_rows[7].gen_cols[31].pe_i_dut_acc_out_reg[47]/D                       -       -      R     DFCNQD1         1    -     -     0    4955    (-,-) 
#----------------------------------------------------------------------------------------------------------------------------------------------------

Capture clock path:
#------------------------------------------------------------------------------------------------------------------------------
#                    Timing Point                      Flags   Arc   Edge   Cell      Fanout Load Trans Delay Arrival Instance 
#                                                                                            (fF)  (ps)  (ps)   (ps)  Location 
#------------------------------------------------------------------------------------------------------------------------------
  clk                                                  (i)     -     R     (arrival)  251421  0.0     0     0    5000    (-,-) 
  gen_rows[7].gen_cols[31].pe_i_dut_acc_out_reg[47]/CP <<<     -     R     DFCNQD1    251421    -     0     0    5000    (-,-) 
#------------------------------------------------------------------------------------------------------------------------------



Path 18: MET (2 ps) Setup Check with Pin gen_rows[1].gen_cols[1].pe_i_dut_acc_out_reg[47]/CP->D
          Group: clk
     Startpoint: (R) gen_rows[1].gen_cols[0].pe_i_dut_data_out_reg[2]/CP
          Clock: (R) clk
       Endpoint: (R) gen_rows[1].gen_cols[1].pe_i_dut_acc_out_reg[47]/D
          Clock: (R) clk

                     Capture       Launch     
        Clock Edge:+    5000            0     
       Src Latency:+       0            0     
       Net Latency:+       0 (I)        0 (I) 
           Arrival:=    5000            0     
                                              
             Setup:-      43                  
     Required Time:=    4957                  
      Launch Clock:-       0                  
         Data Path:-    4955                  
             Slack:=       2                  

Launch clock path:
#-----------------------------------------------------------------------------------------------------------------------------
#                    Timing Point                     Flags   Arc   Edge   Cell      Fanout Load Trans Delay Arrival Instance 
#                                                                                           (fF)  (ps)  (ps)   (ps)  Location 
#-----------------------------------------------------------------------------------------------------------------------------
  clk                                                 (i)     -     R     (arrival)  251421  0.0     0     0       0    (-,-) 
  gen_rows[1].gen_cols[0].pe_i_dut_data_out_reg[2]/CP <<<     -     R     DFCND1     251421    -     0     0       0    (-,-) 
#-----------------------------------------------------------------------------------------------------------------------------

#---------------------------------------------------------------------------------------------------------------------------------------------------
#                              Timing Point                                Flags    Arc   Edge   Cell      Fanout Load Trans Delay Arrival Instance 
#                                                                                                                 (fF)  (ps)  (ps)   (ps)  Location 
#---------------------------------------------------------------------------------------------------------------------------------------------------
  gen_rows[1].gen_cols[0].pe_i_dut_data_out_reg[2]/CP                      -       -      R     (arrival)  251421    -     0     0       0    (-,-) 
  gen_rows[1].gen_cols[0].pe_i_dut_data_out_reg[2]/QN                      -       CP->QN R     DFCND1         38 42.3   348   355     355    (-,-) 
  gen_rows[1].gen_cols[1].pe_i_dut_csa_tree_ADD_TC_OP_groupi_g3706/ZN      -       B2->ZN R     MAOI22D1        2  1.9    95   113     468    (-,-) 
  gen_rows[1].gen_cols[1].pe_i_dut_csa_tree_ADD_TC_OP_groupi_g3653/ZN      -       A1->ZN F     ND2D1          16 14.3   161   124     592    (-,-) 
  gen_rows[1].gen_cols[1].pe_i_dut_csa_tree_ADD_TC_OP_groupi_g3584/ZN      -       A2->ZN R     AOI21D1         2  2.1    85    84     676    (-,-) 
  gen_rows[1].gen_cols[1].pe_i_dut_csa_tree_ADD_TC_OP_groupi_g3518/ZN      -       A1->ZN F     MOAI22D1        1  1.9    98    44     721    (-,-) 
  gen_rows[1].gen_cols[1].pe_i_dut_csa_tree_ADD_TC_OP_groupi_cdnfadd/CO    -       B->CO  F     FA1D0           1  1.0    32   145     866    (-,-) 
  gen_rows[1].gen_cols[1].pe_i_dut_csa_tree_ADD_TC_OP_groupi_cdnfadd1/CO   -       CI->CO F     FA1D0           1  1.0    31    85     950    (-,-) 
  gen_rows[1].gen_cols[1].pe_i_dut_csa_tree_ADD_TC_OP_groupi_cdnfadd2/CO   -       CI->CO F     FA1D0           1  1.9    40    92    1043    (-,-) 
  g341799/CO                                                               -       D->CO  F     CMPE42D1        1  1.9    32   126    1169    (-,-) 
  g341798/CO                                                               -       D->CO  F     CMPE42D1        1  1.9    32   123    1292    (-,-) 
  g341797/CO                                                               -       D->CO  F     CMPE42D1        1  1.0    28   119    1411    (-,-) 
  gen_rows[1].gen_cols[1].pe_i_dut_csa_tree_ADD_TC_OP_groupi_cdnfadd6/CO   -       CI->CO F     FA1D0           1  1.0    31    83    1494    (-,-) 
  gen_rows[1].gen_cols[1].pe_i_dut_csa_tree_ADD_TC_OP_groupi_cdnfadd7/CO   -       CI->CO F     FA1D0           1  1.0    31    84    1578    (-,-) 
  gen_rows[1].gen_cols[1].pe_i_dut_csa_tree_ADD_TC_OP_groupi_cdnfadd8/CO   -       CI->CO F     FA1D0           1  1.0    31    84    1663    (-,-) 
  gen_rows[1].gen_cols[1].pe_i_dut_csa_tree_ADD_TC_OP_groupi_cdnfadd9/CO   -       CI->CO F     FA1D0           1  1.0    31    84    1747    (-,-) 
  gen_rows[1].gen_cols[1].pe_i_dut_csa_tree_ADD_TC_OP_groupi_cdnfadd10/CO  -       CI->CO F     FA1D0           1  1.0    31    84    1832    (-,-) 
  gen_rows[1].gen_cols[1].pe_i_dut_csa_tree_ADD_TC_OP_groupi_cdnfadd11/CO  -       CI->CO F     FA1D0           1  1.0    31    84    1916    (-,-) 
  gen_rows[1].gen_cols[1].pe_i_dut_csa_tree_ADD_TC_OP_groupi_cdnfadd12/CO  -       CI->CO F     FA1D0           1  1.0    31    84    2001    (-,-) 
  gen_rows[1].gen_cols[1].pe_i_dut_csa_tree_ADD_TC_OP_groupi_cdnfadd13/CO  -       CI->CO F     FA1D0           1  1.0    31    84    2085    (-,-) 
  gen_rows[1].gen_cols[1].pe_i_dut_csa_tree_ADD_TC_OP_groupi_cdnfadd14/CO  -       CI->CO F     FA1D0           1  1.0    31    84    2170    (-,-) 
  gen_rows[1].gen_cols[1].pe_i_dut_csa_tree_ADD_TC_OP_groupi_cdnfadd15/CO  -       CI->CO F     FA1D0           1  1.0    31    84    2254    (-,-) 
  gen_rows[1].gen_cols[1].pe_i_dut_csa_tree_ADD_TC_OP_groupi_cdnfadd16/CO  -       CI->CO F     FA1D0           1  1.0    31    84    2339    (-,-) 
  gen_rows[1].gen_cols[1].pe_i_dut_csa_tree_ADD_TC_OP_groupi_cdnfadd17/CO  -       CI->CO F     FA1D0           1  1.0    31    84    2423    (-,-) 
  gen_rows[1].gen_cols[1].pe_i_dut_csa_tree_ADD_TC_OP_groupi_cdnfadd18/CO  -       CI->CO F     FA1D0           1  1.0    31    84    2508    (-,-) 
  gen_rows[1].gen_cols[1].pe_i_dut_csa_tree_ADD_TC_OP_groupi_cdnfadd19/CO  -       CI->CO F     FA1D0           1  1.0    31    84    2592    (-,-) 
  gen_rows[1].gen_cols[1].pe_i_dut_csa_tree_ADD_TC_OP_groupi_cdnfadd20/CO  -       CI->CO F     FA1D0           1  1.0    31    84    2677    (-,-) 
  gen_rows[1].gen_cols[1].pe_i_dut_csa_tree_ADD_TC_OP_groupi_cdnfadd21/CO  -       CI->CO F     FA1D0           1  1.0    31    84    2761    (-,-) 
  gen_rows[1].gen_cols[1].pe_i_dut_csa_tree_ADD_TC_OP_groupi_cdnfadd22/CO  -       CI->CO F     FA1D0           1  1.0    31    84    2846    (-,-) 
  gen_rows[1].gen_cols[1].pe_i_dut_csa_tree_ADD_TC_OP_groupi_cdnfadd23/CO  -       CI->CO F     FA1D0           1  1.9    40    92    2938    (-,-) 
  g341778/CO                                                               -       D->CO  F     CMPE42D1        1  1.0    26   121    3060    (-,-) 
  gen_rows[1].gen_cols[1].pe_i_dut_csa_tree_ADD_TC_OP_groupi_cdnfadd25/CO  -       CI->CO F     FA1D0           1  1.0    31    83    3142    (-,-) 
  gen_rows[1].gen_cols[1].pe_i_dut_csa_tree_ADD_TC_OP_groupi_cdnfadd26/CO  -       CI->CO F     FA1D0           1  1.0    31    84    3227    (-,-) 
  gen_rows[1].gen_cols[1].pe_i_dut_csa_tree_ADD_TC_OP_groupi_cdnfadd27/CO  -       CI->CO F     FA1D0           1  1.0    31    84    3311    (-,-) 
  gen_rows[1].gen_cols[1].pe_i_dut_csa_tree_ADD_TC_OP_groupi_cdnfadd28/CO  -       CI->CO F     FA1D0           1  1.0    31    84    3396    (-,-) 
  gen_rows[1].gen_cols[1].pe_i_dut_csa_tree_ADD_TC_OP_groupi_cdnfadd29/CO  -       CI->CO F     FA1D0           1  1.9    40    92    3488    (-,-) 
  g341771/CO                                                               -       D->CO  F     CMPE42D1        1  1.0    26   121    3609    (-,-) 
  gen_rows[1].gen_cols[1].pe_i_dut_csa_tree_ADD_TC_OP_groupi_cdnfadd31/CO  -       CI->CO F     FA1D0           1  1.0    31    83    3692    (-,-) 
  gen_rows[1].gen_cols[1].pe_i_dut_csa_tree_ADD_TC_OP_groupi_cdnfadd32/CO  -       CI->CO F     FA1D0           1  1.0    31    84    3776    (-,-) 
  gen_rows[1].gen_cols[1].pe_i_dut_csa_tree_ADD_TC_OP_groupi_cdnfadd33/CO  -       CI->CO F     FA1D0           1  1.0    31    84    3861    (-,-) 
  gen_rows[1].gen_cols[1].pe_i_dut_csa_tree_ADD_TC_OP_groupi_cdnfadd34/CO  -       CI->CO F     FA1D0           1  1.0    31    84    3946    (-,-) 
  gen_rows[1].gen_cols[1].pe_i_dut_csa_tree_ADD_TC_OP_groupi_cdnfadd35/CO  -       CI->CO F     FA1D0           1  1.0    31    84    4030    (-,-) 
  gen_rows[1].gen_cols[1].pe_i_dut_csa_tree_ADD_TC_OP_groupi_cdnfadd36/CO  -       CI->CO F     FA1D0           1  1.0    31    84    4114    (-,-) 
  gen_rows[1].gen_cols[1].pe_i_dut_csa_tree_ADD_TC_OP_groupi_cdnfadd37/CO  -       CI->CO F     FA1D0           1  2.0    40    93    4208    (-,-) 
  gen_rows[1].gen_cols[1].pe_i_dut_csa_tree_ADD_TC_OP_groupi_cdnfadd38/CO  -       CI->CO F     FA1D1           1  2.0    31    70    4277    (-,-) 
  gen_rows[1].gen_cols[1].pe_i_dut_csa_tree_ADD_TC_OP_groupi_cdnfadd39/CO  -       CI->CO F     FA1D1           1  2.0    31    66    4344    (-,-) 
  gen_rows[1].gen_cols[1].pe_i_dut_csa_tree_ADD_TC_OP_groupi_cdnfadd40/CO  -       CI->CO F     FA1D1           1  2.0    31    66    4410    (-,-) 
  gen_rows[1].gen_cols[1].pe_i_dut_csa_tree_ADD_TC_OP_groupi_cdnfadd41/CO  -       CI->CO F     FA1D1           1  2.0    31    66    4477    (-,-) 
  gen_rows[1].gen_cols[1].pe_i_dut_csa_tree_ADD_TC_OP_groupi_cdnfadd42/CO  -       CI->CO F     FA1D1           1  2.0    31    66    4543    (-,-) 
  gen_rows[1].gen_cols[1].pe_i_dut_csa_tree_ADD_TC_OP_groupi_cdnfadd43/CO  -       CI->CO F     FA1D1           1  2.0    31    66    4610    (-,-) 
  gen_rows[1].gen_cols[1].pe_i_dut_csa_tree_ADD_TC_OP_groupi_cdnfadd44/CO  -       CI->CO F     FA1D1           1  2.0    31    66    4676    (-,-) 
  gen_rows[1].gen_cols[1].pe_i_dut_csa_tree_ADD_TC_OP_groupi_cdnfadd45/CO  -       CI->CO F     FA1D1           1  2.0    31    66    4743    (-,-) 
  gen_rows[1].gen_cols[1].pe_i_dut_csa_tree_ADD_TC_OP_groupi_cdnfadd46/CO  -       CI->CO F     FA1D1           1  1.1    26    62    4805    (-,-) 
  gen_rows[1].gen_cols[1].pe_i_dut_csa_tree_ADD_TC_OP_groupi_cdnfadd3807/Z -       A3->Z  R     XOR3D1          1  0.8    26    87    4892    (-,-) 
  g224074/ZN                                                               -       A2->ZN R     IOA21D1         1  1.0    78    64    4955    (-,-) 
  gen_rows[1].gen_cols[1].pe_i_dut_acc_out_reg[47]/D                       -       -      R     DFCNQD1         1    -     -     0    4955    (-,-) 
#---------------------------------------------------------------------------------------------------------------------------------------------------

Capture clock path:
#-----------------------------------------------------------------------------------------------------------------------------
#                    Timing Point                     Flags   Arc   Edge   Cell      Fanout Load Trans Delay Arrival Instance 
#                                                                                           (fF)  (ps)  (ps)   (ps)  Location 
#-----------------------------------------------------------------------------------------------------------------------------
  clk                                                 (i)     -     R     (arrival)  251421  0.0     0     0    5000    (-,-) 
  gen_rows[1].gen_cols[1].pe_i_dut_acc_out_reg[47]/CP <<<     -     R     DFCNQD1    251421    -     0     0    5000    (-,-) 
#-----------------------------------------------------------------------------------------------------------------------------



Path 19: MET (2 ps) Setup Check with Pin gen_rows[2].gen_cols[1].pe_i_dut_acc_out_reg[47]/CP->D
          Group: clk
     Startpoint: (R) gen_rows[2].gen_cols[0].pe_i_dut_data_out_reg[2]/CP
          Clock: (R) clk
       Endpoint: (R) gen_rows[2].gen_cols[1].pe_i_dut_acc_out_reg[47]/D
          Clock: (R) clk

                     Capture       Launch     
        Clock Edge:+    5000            0     
       Src Latency:+       0            0     
       Net Latency:+       0 (I)        0 (I) 
           Arrival:=    5000            0     
                                              
             Setup:-      43                  
     Required Time:=    4957                  
      Launch Clock:-       0                  
         Data Path:-    4955                  
             Slack:=       2                  

Launch clock path:
#-----------------------------------------------------------------------------------------------------------------------------
#                    Timing Point                     Flags   Arc   Edge   Cell      Fanout Load Trans Delay Arrival Instance 
#                                                                                           (fF)  (ps)  (ps)   (ps)  Location 
#-----------------------------------------------------------------------------------------------------------------------------
  clk                                                 (i)     -     R     (arrival)  251421  0.0     0     0       0    (-,-) 
  gen_rows[2].gen_cols[0].pe_i_dut_data_out_reg[2]/CP <<<     -     R     DFCND1     251421    -     0     0       0    (-,-) 
#-----------------------------------------------------------------------------------------------------------------------------

#---------------------------------------------------------------------------------------------------------------------------------------------------
#                              Timing Point                                Flags    Arc   Edge   Cell      Fanout Load Trans Delay Arrival Instance 
#                                                                                                                 (fF)  (ps)  (ps)   (ps)  Location 
#---------------------------------------------------------------------------------------------------------------------------------------------------
  gen_rows[2].gen_cols[0].pe_i_dut_data_out_reg[2]/CP                      -       -      R     (arrival)  251421    -     0     0       0    (-,-) 
  gen_rows[2].gen_cols[0].pe_i_dut_data_out_reg[2]/QN                      -       CP->QN R     DFCND1         38 42.3   348   355     355    (-,-) 
  gen_rows[2].gen_cols[1].pe_i_dut_csa_tree_ADD_TC_OP_groupi_g3706/ZN      -       B2->ZN R     MAOI22D1        2  1.9    95   113     468    (-,-) 
  gen_rows[2].gen_cols[1].pe_i_dut_csa_tree_ADD_TC_OP_groupi_g3653/ZN      -       A1->ZN F     ND2D1          16 14.3   161   124     592    (-,-) 
  gen_rows[2].gen_cols[1].pe_i_dut_csa_tree_ADD_TC_OP_groupi_g3584/ZN      -       A2->ZN R     AOI21D1         2  2.1    85    84     676    (-,-) 
  gen_rows[2].gen_cols[1].pe_i_dut_csa_tree_ADD_TC_OP_groupi_g3518/ZN      -       A1->ZN F     MOAI22D1        1  1.9    98    44     721    (-,-) 
  gen_rows[2].gen_cols[1].pe_i_dut_csa_tree_ADD_TC_OP_groupi_cdnfadd/CO    -       B->CO  F     FA1D0           1  1.0    32   145     866    (-,-) 
  gen_rows[2].gen_cols[1].pe_i_dut_csa_tree_ADD_TC_OP_groupi_cdnfadd1/CO   -       CI->CO F     FA1D0           1  1.0    31    85     950    (-,-) 
  gen_rows[2].gen_cols[1].pe_i_dut_csa_tree_ADD_TC_OP_groupi_cdnfadd2/CO   -       CI->CO F     FA1D0           1  1.9    40    92    1043    (-,-) 
  g341831/CO                                                               -       D->CO  F     CMPE42D1        1  1.9    32   126    1169    (-,-) 
  g341830/CO                                                               -       D->CO  F     CMPE42D1        1  1.9    32   123    1292    (-,-) 
  g341829/CO                                                               -       D->CO  F     CMPE42D1        1  1.0    28   119    1411    (-,-) 
  gen_rows[2].gen_cols[1].pe_i_dut_csa_tree_ADD_TC_OP_groupi_cdnfadd6/CO   -       CI->CO F     FA1D0           1  1.0    31    83    1494    (-,-) 
  gen_rows[2].gen_cols[1].pe_i_dut_csa_tree_ADD_TC_OP_groupi_cdnfadd7/CO   -       CI->CO F     FA1D0           1  1.0    31    84    1578    (-,-) 
  gen_rows[2].gen_cols[1].pe_i_dut_csa_tree_ADD_TC_OP_groupi_cdnfadd8/CO   -       CI->CO F     FA1D0           1  1.0    31    84    1663    (-,-) 
  gen_rows[2].gen_cols[1].pe_i_dut_csa_tree_ADD_TC_OP_groupi_cdnfadd9/CO   -       CI->CO F     FA1D0           1  1.0    31    84    1747    (-,-) 
  gen_rows[2].gen_cols[1].pe_i_dut_csa_tree_ADD_TC_OP_groupi_cdnfadd10/CO  -       CI->CO F     FA1D0           1  1.0    31    84    1832    (-,-) 
  gen_rows[2].gen_cols[1].pe_i_dut_csa_tree_ADD_TC_OP_groupi_cdnfadd11/CO  -       CI->CO F     FA1D0           1  1.0    31    84    1916    (-,-) 
  gen_rows[2].gen_cols[1].pe_i_dut_csa_tree_ADD_TC_OP_groupi_cdnfadd12/CO  -       CI->CO F     FA1D0           1  1.0    31    84    2001    (-,-) 
  gen_rows[2].gen_cols[1].pe_i_dut_csa_tree_ADD_TC_OP_groupi_cdnfadd13/CO  -       CI->CO F     FA1D0           1  1.0    31    84    2085    (-,-) 
  gen_rows[2].gen_cols[1].pe_i_dut_csa_tree_ADD_TC_OP_groupi_cdnfadd14/CO  -       CI->CO F     FA1D0           1  1.0    31    84    2170    (-,-) 
  gen_rows[2].gen_cols[1].pe_i_dut_csa_tree_ADD_TC_OP_groupi_cdnfadd15/CO  -       CI->CO F     FA1D0           1  1.0    31    84    2254    (-,-) 
  gen_rows[2].gen_cols[1].pe_i_dut_csa_tree_ADD_TC_OP_groupi_cdnfadd16/CO  -       CI->CO F     FA1D0           1  1.0    31    84    2339    (-,-) 
  gen_rows[2].gen_cols[1].pe_i_dut_csa_tree_ADD_TC_OP_groupi_cdnfadd17/CO  -       CI->CO F     FA1D0           1  1.0    31    84    2423    (-,-) 
  gen_rows[2].gen_cols[1].pe_i_dut_csa_tree_ADD_TC_OP_groupi_cdnfadd18/CO  -       CI->CO F     FA1D0           1  1.0    31    84    2508    (-,-) 
  gen_rows[2].gen_cols[1].pe_i_dut_csa_tree_ADD_TC_OP_groupi_cdnfadd19/CO  -       CI->CO F     FA1D0           1  1.0    31    84    2592    (-,-) 
  gen_rows[2].gen_cols[1].pe_i_dut_csa_tree_ADD_TC_OP_groupi_cdnfadd20/CO  -       CI->CO F     FA1D0           1  1.0    31    84    2677    (-,-) 
  gen_rows[2].gen_cols[1].pe_i_dut_csa_tree_ADD_TC_OP_groupi_cdnfadd21/CO  -       CI->CO F     FA1D0           1  1.0    31    84    2761    (-,-) 
  gen_rows[2].gen_cols[1].pe_i_dut_csa_tree_ADD_TC_OP_groupi_cdnfadd22/CO  -       CI->CO F     FA1D0           1  1.0    31    84    2846    (-,-) 
  gen_rows[2].gen_cols[1].pe_i_dut_csa_tree_ADD_TC_OP_groupi_cdnfadd23/CO  -       CI->CO F     FA1D0           1  1.9    40    92    2938    (-,-) 
  g341810/CO                                                               -       D->CO  F     CMPE42D1        1  1.0    26   121    3060    (-,-) 
  gen_rows[2].gen_cols[1].pe_i_dut_csa_tree_ADD_TC_OP_groupi_cdnfadd25/CO  -       CI->CO F     FA1D0           1  1.0    31    83    3142    (-,-) 
  gen_rows[2].gen_cols[1].pe_i_dut_csa_tree_ADD_TC_OP_groupi_cdnfadd26/CO  -       CI->CO F     FA1D0           1  1.0    31    84    3227    (-,-) 
  gen_rows[2].gen_cols[1].pe_i_dut_csa_tree_ADD_TC_OP_groupi_cdnfadd27/CO  -       CI->CO F     FA1D0           1  1.0    31    84    3311    (-,-) 
  gen_rows[2].gen_cols[1].pe_i_dut_csa_tree_ADD_TC_OP_groupi_cdnfadd28/CO  -       CI->CO F     FA1D0           1  1.0    31    84    3396    (-,-) 
  gen_rows[2].gen_cols[1].pe_i_dut_csa_tree_ADD_TC_OP_groupi_cdnfadd29/CO  -       CI->CO F     FA1D0           1  1.9    40    92    3488    (-,-) 
  g341803/CO                                                               -       D->CO  F     CMPE42D1        1  1.0    26   121    3609    (-,-) 
  gen_rows[2].gen_cols[1].pe_i_dut_csa_tree_ADD_TC_OP_groupi_cdnfadd31/CO  -       CI->CO F     FA1D0           1  1.0    31    83    3692    (-,-) 
  gen_rows[2].gen_cols[1].pe_i_dut_csa_tree_ADD_TC_OP_groupi_cdnfadd32/CO  -       CI->CO F     FA1D0           1  1.0    31    84    3776    (-,-) 
  gen_rows[2].gen_cols[1].pe_i_dut_csa_tree_ADD_TC_OP_groupi_cdnfadd33/CO  -       CI->CO F     FA1D0           1  1.0    31    84    3861    (-,-) 
  gen_rows[2].gen_cols[1].pe_i_dut_csa_tree_ADD_TC_OP_groupi_cdnfadd34/CO  -       CI->CO F     FA1D0           1  1.0    31    84    3946    (-,-) 
  gen_rows[2].gen_cols[1].pe_i_dut_csa_tree_ADD_TC_OP_groupi_cdnfadd35/CO  -       CI->CO F     FA1D0           1  1.0    31    84    4030    (-,-) 
  gen_rows[2].gen_cols[1].pe_i_dut_csa_tree_ADD_TC_OP_groupi_cdnfadd36/CO  -       CI->CO F     FA1D0           1  1.0    31    84    4114    (-,-) 
  gen_rows[2].gen_cols[1].pe_i_dut_csa_tree_ADD_TC_OP_groupi_cdnfadd37/CO  -       CI->CO F     FA1D0           1  2.0    40    93    4208    (-,-) 
  gen_rows[2].gen_cols[1].pe_i_dut_csa_tree_ADD_TC_OP_groupi_cdnfadd38/CO  -       CI->CO F     FA1D1           1  2.0    31    70    4277    (-,-) 
  gen_rows[2].gen_cols[1].pe_i_dut_csa_tree_ADD_TC_OP_groupi_cdnfadd39/CO  -       CI->CO F     FA1D1           1  2.0    31    66    4344    (-,-) 
  gen_rows[2].gen_cols[1].pe_i_dut_csa_tree_ADD_TC_OP_groupi_cdnfadd40/CO  -       CI->CO F     FA1D1           1  2.0    31    66    4410    (-,-) 
  gen_rows[2].gen_cols[1].pe_i_dut_csa_tree_ADD_TC_OP_groupi_cdnfadd41/CO  -       CI->CO F     FA1D1           1  2.0    31    66    4477    (-,-) 
  gen_rows[2].gen_cols[1].pe_i_dut_csa_tree_ADD_TC_OP_groupi_cdnfadd42/CO  -       CI->CO F     FA1D1           1  2.0    31    66    4543    (-,-) 
  gen_rows[2].gen_cols[1].pe_i_dut_csa_tree_ADD_TC_OP_groupi_cdnfadd43/CO  -       CI->CO F     FA1D1           1  2.0    31    66    4610    (-,-) 
  gen_rows[2].gen_cols[1].pe_i_dut_csa_tree_ADD_TC_OP_groupi_cdnfadd44/CO  -       CI->CO F     FA1D1           1  2.0    31    66    4676    (-,-) 
  gen_rows[2].gen_cols[1].pe_i_dut_csa_tree_ADD_TC_OP_groupi_cdnfadd45/CO  -       CI->CO F     FA1D1           1  2.0    31    66    4743    (-,-) 
  gen_rows[2].gen_cols[1].pe_i_dut_csa_tree_ADD_TC_OP_groupi_cdnfadd46/CO  -       CI->CO F     FA1D1           1  1.1    26    62    4805    (-,-) 
  gen_rows[2].gen_cols[1].pe_i_dut_csa_tree_ADD_TC_OP_groupi_cdnfadd3807/Z -       A3->Z  R     XOR3D1          1  0.8    26    87    4892    (-,-) 
  g224102/ZN                                                               -       A2->ZN R     IOA21D1         1  1.0    78    64    4955    (-,-) 
  gen_rows[2].gen_cols[1].pe_i_dut_acc_out_reg[47]/D                       -       -      R     DFCNQD1         1    -     -     0    4955    (-,-) 
#---------------------------------------------------------------------------------------------------------------------------------------------------

Capture clock path:
#-----------------------------------------------------------------------------------------------------------------------------
#                    Timing Point                     Flags   Arc   Edge   Cell      Fanout Load Trans Delay Arrival Instance 
#                                                                                           (fF)  (ps)  (ps)   (ps)  Location 
#-----------------------------------------------------------------------------------------------------------------------------
  clk                                                 (i)     -     R     (arrival)  251421  0.0     0     0    5000    (-,-) 
  gen_rows[2].gen_cols[1].pe_i_dut_acc_out_reg[47]/CP <<<     -     R     DFCNQD1    251421    -     0     0    5000    (-,-) 
#-----------------------------------------------------------------------------------------------------------------------------



Path 20: MET (2 ps) Setup Check with Pin gen_rows[3].gen_cols[1].pe_i_dut_acc_out_reg[47]/CP->D
          Group: clk
     Startpoint: (R) gen_rows[3].gen_cols[0].pe_i_dut_data_out_reg[2]/CP
          Clock: (R) clk
       Endpoint: (R) gen_rows[3].gen_cols[1].pe_i_dut_acc_out_reg[47]/D
          Clock: (R) clk

                     Capture       Launch     
        Clock Edge:+    5000            0     
       Src Latency:+       0            0     
       Net Latency:+       0 (I)        0 (I) 
           Arrival:=    5000            0     
                                              
             Setup:-      43                  
     Required Time:=    4957                  
      Launch Clock:-       0                  
         Data Path:-    4955                  
             Slack:=       2                  

Launch clock path:
#-----------------------------------------------------------------------------------------------------------------------------
#                    Timing Point                     Flags   Arc   Edge   Cell      Fanout Load Trans Delay Arrival Instance 
#                                                                                           (fF)  (ps)  (ps)   (ps)  Location 
#-----------------------------------------------------------------------------------------------------------------------------
  clk                                                 (i)     -     R     (arrival)  251421  0.0     0     0       0    (-,-) 
  gen_rows[3].gen_cols[0].pe_i_dut_data_out_reg[2]/CP <<<     -     R     DFCND1     251421    -     0     0       0    (-,-) 
#-----------------------------------------------------------------------------------------------------------------------------

#---------------------------------------------------------------------------------------------------------------------------------------------------
#                              Timing Point                                Flags    Arc   Edge   Cell      Fanout Load Trans Delay Arrival Instance 
#                                                                                                                 (fF)  (ps)  (ps)   (ps)  Location 
#---------------------------------------------------------------------------------------------------------------------------------------------------
  gen_rows[3].gen_cols[0].pe_i_dut_data_out_reg[2]/CP                      -       -      R     (arrival)  251421    -     0     0       0    (-,-) 
  gen_rows[3].gen_cols[0].pe_i_dut_data_out_reg[2]/QN                      -       CP->QN R     DFCND1         38 42.3   348   355     355    (-,-) 
  gen_rows[3].gen_cols[1].pe_i_dut_csa_tree_ADD_TC_OP_groupi_g3706/ZN      -       B2->ZN R     MAOI22D1        2  1.9    95   113     468    (-,-) 
  gen_rows[3].gen_cols[1].pe_i_dut_csa_tree_ADD_TC_OP_groupi_g3653/ZN      -       A1->ZN F     ND2D1          16 14.3   161   124     592    (-,-) 
  gen_rows[3].gen_cols[1].pe_i_dut_csa_tree_ADD_TC_OP_groupi_g3584/ZN      -       A2->ZN R     AOI21D1         2  2.1    85    84     676    (-,-) 
  gen_rows[3].gen_cols[1].pe_i_dut_csa_tree_ADD_TC_OP_groupi_g3518/ZN      -       A1->ZN F     MOAI22D1        1  1.9    98    44     721    (-,-) 
  gen_rows[3].gen_cols[1].pe_i_dut_csa_tree_ADD_TC_OP_groupi_cdnfadd/CO    -       B->CO  F     FA1D0           1  1.0    32   145     866    (-,-) 
  gen_rows[3].gen_cols[1].pe_i_dut_csa_tree_ADD_TC_OP_groupi_cdnfadd1/CO   -       CI->CO F     FA1D0           1  1.0    31    85     950    (-,-) 
  gen_rows[3].gen_cols[1].pe_i_dut_csa_tree_ADD_TC_OP_groupi_cdnfadd2/CO   -       CI->CO F     FA1D0           1  1.9    40    92    1043    (-,-) 
  g341863/CO                                                               -       D->CO  F     CMPE42D1        1  1.9    32   126    1169    (-,-) 
  g341862/CO                                                               -       D->CO  F     CMPE42D1        1  1.9    32   123    1292    (-,-) 
  g341861/CO                                                               -       D->CO  F     CMPE42D1        1  1.0    28   119    1411    (-,-) 
  gen_rows[3].gen_cols[1].pe_i_dut_csa_tree_ADD_TC_OP_groupi_cdnfadd6/CO   -       CI->CO F     FA1D0           1  1.0    31    83    1494    (-,-) 
  gen_rows[3].gen_cols[1].pe_i_dut_csa_tree_ADD_TC_OP_groupi_cdnfadd7/CO   -       CI->CO F     FA1D0           1  1.0    31    84    1578    (-,-) 
  gen_rows[3].gen_cols[1].pe_i_dut_csa_tree_ADD_TC_OP_groupi_cdnfadd8/CO   -       CI->CO F     FA1D0           1  1.0    31    84    1663    (-,-) 
  gen_rows[3].gen_cols[1].pe_i_dut_csa_tree_ADD_TC_OP_groupi_cdnfadd9/CO   -       CI->CO F     FA1D0           1  1.0    31    84    1747    (-,-) 
  gen_rows[3].gen_cols[1].pe_i_dut_csa_tree_ADD_TC_OP_groupi_cdnfadd10/CO  -       CI->CO F     FA1D0           1  1.0    31    84    1832    (-,-) 
  gen_rows[3].gen_cols[1].pe_i_dut_csa_tree_ADD_TC_OP_groupi_cdnfadd11/CO  -       CI->CO F     FA1D0           1  1.0    31    84    1916    (-,-) 
  gen_rows[3].gen_cols[1].pe_i_dut_csa_tree_ADD_TC_OP_groupi_cdnfadd12/CO  -       CI->CO F     FA1D0           1  1.0    31    84    2001    (-,-) 
  gen_rows[3].gen_cols[1].pe_i_dut_csa_tree_ADD_TC_OP_groupi_cdnfadd13/CO  -       CI->CO F     FA1D0           1  1.0    31    84    2085    (-,-) 
  gen_rows[3].gen_cols[1].pe_i_dut_csa_tree_ADD_TC_OP_groupi_cdnfadd14/CO  -       CI->CO F     FA1D0           1  1.0    31    84    2170    (-,-) 
  gen_rows[3].gen_cols[1].pe_i_dut_csa_tree_ADD_TC_OP_groupi_cdnfadd15/CO  -       CI->CO F     FA1D0           1  1.0    31    84    2254    (-,-) 
  gen_rows[3].gen_cols[1].pe_i_dut_csa_tree_ADD_TC_OP_groupi_cdnfadd16/CO  -       CI->CO F     FA1D0           1  1.0    31    84    2339    (-,-) 
  gen_rows[3].gen_cols[1].pe_i_dut_csa_tree_ADD_TC_OP_groupi_cdnfadd17/CO  -       CI->CO F     FA1D0           1  1.0    31    84    2423    (-,-) 
  gen_rows[3].gen_cols[1].pe_i_dut_csa_tree_ADD_TC_OP_groupi_cdnfadd18/CO  -       CI->CO F     FA1D0           1  1.0    31    84    2508    (-,-) 
  gen_rows[3].gen_cols[1].pe_i_dut_csa_tree_ADD_TC_OP_groupi_cdnfadd19/CO  -       CI->CO F     FA1D0           1  1.0    31    84    2592    (-,-) 
  gen_rows[3].gen_cols[1].pe_i_dut_csa_tree_ADD_TC_OP_groupi_cdnfadd20/CO  -       CI->CO F     FA1D0           1  1.0    31    84    2677    (-,-) 
  gen_rows[3].gen_cols[1].pe_i_dut_csa_tree_ADD_TC_OP_groupi_cdnfadd21/CO  -       CI->CO F     FA1D0           1  1.0    31    84    2761    (-,-) 
  gen_rows[3].gen_cols[1].pe_i_dut_csa_tree_ADD_TC_OP_groupi_cdnfadd22/CO  -       CI->CO F     FA1D0           1  1.0    31    84    2846    (-,-) 
  gen_rows[3].gen_cols[1].pe_i_dut_csa_tree_ADD_TC_OP_groupi_cdnfadd23/CO  -       CI->CO F     FA1D0           1  1.9    40    92    2938    (-,-) 
  g341842/CO                                                               -       D->CO  F     CMPE42D1        1  1.0    26   121    3060    (-,-) 
  gen_rows[3].gen_cols[1].pe_i_dut_csa_tree_ADD_TC_OP_groupi_cdnfadd25/CO  -       CI->CO F     FA1D0           1  1.0    31    83    3142    (-,-) 
  gen_rows[3].gen_cols[1].pe_i_dut_csa_tree_ADD_TC_OP_groupi_cdnfadd26/CO  -       CI->CO F     FA1D0           1  1.0    31    84    3227    (-,-) 
  gen_rows[3].gen_cols[1].pe_i_dut_csa_tree_ADD_TC_OP_groupi_cdnfadd27/CO  -       CI->CO F     FA1D0           1  1.0    31    84    3311    (-,-) 
  gen_rows[3].gen_cols[1].pe_i_dut_csa_tree_ADD_TC_OP_groupi_cdnfadd28/CO  -       CI->CO F     FA1D0           1  1.0    31    84    3396    (-,-) 
  gen_rows[3].gen_cols[1].pe_i_dut_csa_tree_ADD_TC_OP_groupi_cdnfadd29/CO  -       CI->CO F     FA1D0           1  1.9    40    92    3488    (-,-) 
  g341835/CO                                                               -       D->CO  F     CMPE42D1        1  1.0    26   121    3609    (-,-) 
  gen_rows[3].gen_cols[1].pe_i_dut_csa_tree_ADD_TC_OP_groupi_cdnfadd31/CO  -       CI->CO F     FA1D0           1  1.0    31    83    3692    (-,-) 
  gen_rows[3].gen_cols[1].pe_i_dut_csa_tree_ADD_TC_OP_groupi_cdnfadd32/CO  -       CI->CO F     FA1D0           1  1.0    31    84    3776    (-,-) 
  gen_rows[3].gen_cols[1].pe_i_dut_csa_tree_ADD_TC_OP_groupi_cdnfadd33/CO  -       CI->CO F     FA1D0           1  1.0    31    84    3861    (-,-) 
  gen_rows[3].gen_cols[1].pe_i_dut_csa_tree_ADD_TC_OP_groupi_cdnfadd34/CO  -       CI->CO F     FA1D0           1  1.0    31    84    3946    (-,-) 
  gen_rows[3].gen_cols[1].pe_i_dut_csa_tree_ADD_TC_OP_groupi_cdnfadd35/CO  -       CI->CO F     FA1D0           1  1.0    31    84    4030    (-,-) 
  gen_rows[3].gen_cols[1].pe_i_dut_csa_tree_ADD_TC_OP_groupi_cdnfadd36/CO  -       CI->CO F     FA1D0           1  1.0    31    84    4114    (-,-) 
  gen_rows[3].gen_cols[1].pe_i_dut_csa_tree_ADD_TC_OP_groupi_cdnfadd37/CO  -       CI->CO F     FA1D0           1  2.0    40    93    4208    (-,-) 
  gen_rows[3].gen_cols[1].pe_i_dut_csa_tree_ADD_TC_OP_groupi_cdnfadd38/CO  -       CI->CO F     FA1D1           1  2.0    31    70    4277    (-,-) 
  gen_rows[3].gen_cols[1].pe_i_dut_csa_tree_ADD_TC_OP_groupi_cdnfadd39/CO  -       CI->CO F     FA1D1           1  2.0    31    66    4344    (-,-) 
  gen_rows[3].gen_cols[1].pe_i_dut_csa_tree_ADD_TC_OP_groupi_cdnfadd40/CO  -       CI->CO F     FA1D1           1  2.0    31    66    4410    (-,-) 
  gen_rows[3].gen_cols[1].pe_i_dut_csa_tree_ADD_TC_OP_groupi_cdnfadd41/CO  -       CI->CO F     FA1D1           1  2.0    31    66    4477    (-,-) 
  gen_rows[3].gen_cols[1].pe_i_dut_csa_tree_ADD_TC_OP_groupi_cdnfadd42/CO  -       CI->CO F     FA1D1           1  2.0    31    66    4543    (-,-) 
  gen_rows[3].gen_cols[1].pe_i_dut_csa_tree_ADD_TC_OP_groupi_cdnfadd43/CO  -       CI->CO F     FA1D1           1  2.0    31    66    4610    (-,-) 
  gen_rows[3].gen_cols[1].pe_i_dut_csa_tree_ADD_TC_OP_groupi_cdnfadd44/CO  -       CI->CO F     FA1D1           1  2.0    31    66    4676    (-,-) 
  gen_rows[3].gen_cols[1].pe_i_dut_csa_tree_ADD_TC_OP_groupi_cdnfadd45/CO  -       CI->CO F     FA1D1           1  2.0    31    66    4743    (-,-) 
  gen_rows[3].gen_cols[1].pe_i_dut_csa_tree_ADD_TC_OP_groupi_cdnfadd46/CO  -       CI->CO F     FA1D1           1  1.1    26    62    4805    (-,-) 
  gen_rows[3].gen_cols[1].pe_i_dut_csa_tree_ADD_TC_OP_groupi_cdnfadd3807/Z -       A3->Z  R     XOR3D1          1  0.8    26    87    4892    (-,-) 
  g224135/ZN                                                               -       A2->ZN R     IOA21D1         1  1.0    78    64    4955    (-,-) 
  gen_rows[3].gen_cols[1].pe_i_dut_acc_out_reg[47]/D                       -       -      R     DFCNQD1         1    -     -     0    4955    (-,-) 
#---------------------------------------------------------------------------------------------------------------------------------------------------

Capture clock path:
#-----------------------------------------------------------------------------------------------------------------------------
#                    Timing Point                     Flags   Arc   Edge   Cell      Fanout Load Trans Delay Arrival Instance 
#                                                                                           (fF)  (ps)  (ps)   (ps)  Location 
#-----------------------------------------------------------------------------------------------------------------------------
  clk                                                 (i)     -     R     (arrival)  251421  0.0     0     0    5000    (-,-) 
  gen_rows[3].gen_cols[1].pe_i_dut_acc_out_reg[47]/CP <<<     -     R     DFCNQD1    251421    -     0     0    5000    (-,-) 
#-----------------------------------------------------------------------------------------------------------------------------

