============================================================
  Generated by:           Genus(TM) Synthesis Solution 23.15-s099_1
  Generated on:           Aug 23 2026  01:53:56 pm
  Module:                 accelerator_eyerissv2_int8_ROWS8_COLS32
  Operating conditions:   NCCOM (balanced_tree)
  Wireload mode:          segmented
  Area mode:              timing library
============================================================


Path 1: MET (1058 ps) Setup Check with Pin gen_rows[2].gen_cols[6].pe_i_acc_reg[31]/CP->D
          Group: clk
     Startpoint: (R) activation_in[18]
          Clock: (R) clk
       Endpoint: (R) gen_rows[2].gen_cols[6].pe_i_acc_reg[31]/D
          Clock: (R) clk

                     Capture       Launch     
        Clock Edge:+    5000            0     
        Drv Adjust:+       0            0     
       Src Latency:+       0            0     
       Net Latency:+       0 (I)        0 (I) 
           Arrival:=    5000            0     
                                              
             Setup:-      34                  
     Required Time:=    4966                  
      Launch Clock:-       0                  
       Input Delay:-     500                  
         Data Path:-    3408                  
             Slack:=    1058                  

Exceptions/Constraints:
  input_delay             500             in_del_48_1   

#------------------------------------------------------------------------------------------------------------------------------------------------
#                             Timing Point                               Flags    Arc   Edge   Cell     Fanout Load Trans Delay Arrival Instance 
#                                                                                                              (fF)  (ps)  (ps)   (ps)  Location 
#------------------------------------------------------------------------------------------------------------------------------------------------
  activation_in[18]                                                      -       -      R     (arrival)     33 52.2     0     0     500    (-,-) 
  hi_fo_buf86169/Z                                                       -       I->Z   R     CKBD1          2  3.8    39    40     540    (-,-) 
  hi_fo_buf86168/Z                                                       -       I->Z   R     DEL005        17 26.6   223   174     714    (-,-) 
  hi_fo_buf86167/Z                                                       -       I->Z   R     CKBD1          2  4.0    45    85     800    (-,-) 
  hi_fo_buf86162/Z                                                       -       I->Z   R     DEL005        16 25.6   215   172     971    (-,-) 
  gen_rows[2].gen_cols[6].pe_i_csa_tree_ADD_TC_OP_groupi_g987/ZN         -       S->ZN  F     MUX2ND0        2  2.1    88   121    1092    (-,-) 
  gen_rows[2].gen_cols[6].pe_i_csa_tree_ADD_TC_OP_groupi_g916/ZN         -       B2->ZN R     OAI22D1        1  1.1    77    73    1165    (-,-) 
  gen_rows[2].gen_cols[6].pe_i_csa_tree_ADD_TC_OP_groupi_cdnfadd_006_1/S -       CI->S  R     FA1D0          1  2.0    48   130    1295    (-,-) 
  g11229/S                                                               -       D->S   F     CMPE42D1       1  1.9    34   193    1488    (-,-) 
  gen_rows[2].gen_cols[6].pe_i_csa_tree_ADD_TC_OP_groupi_cdnfadd6/CO     -       B->CO  F     FA1D0          1  1.0    31   124    1612    (-,-) 
  gen_rows[2].gen_cols[6].pe_i_csa_tree_ADD_TC_OP_groupi_cdnfadd7/CO     -       CI->CO F     FA1D0          1  1.0    31    84    1696    (-,-) 
  gen_rows[2].gen_cols[6].pe_i_csa_tree_ADD_TC_OP_groupi_cdnfadd8/CO     -       CI->CO F     FA1D0          1  1.0    31    84    1781    (-,-) 
  gen_rows[2].gen_cols[6].pe_i_csa_tree_ADD_TC_OP_groupi_cdnfadd9/CO     -       CI->CO F     FA1D0          1  1.0    31    84    1865    (-,-) 
  gen_rows[2].gen_cols[6].pe_i_csa_tree_ADD_TC_OP_groupi_cdnfadd10/CO    -       CI->CO F     FA1D0          1  1.0    31    84    1950    (-,-) 
  gen_rows[2].gen_cols[6].pe_i_csa_tree_ADD_TC_OP_groupi_cdnfadd11/CO    -       CI->CO F     FA1D0          1  1.9    40    92    2042    (-,-) 
  g11226/CO                                                              -       D->CO  F     CMPE42D1       1  1.0    26   121    2163    (-,-) 
  gen_rows[2].gen_cols[6].pe_i_csa_tree_ADD_TC_OP_groupi_cdnfadd13/CO    -       CI->CO F     FA1D0          1  1.9    40    91    2254    (-,-) 
  g11225/CO                                                              -       D->CO  F     CMPE42D1       1  1.0    26   121    2375    (-,-) 
  gen_rows[2].gen_cols[6].pe_i_csa_tree_ADD_TC_OP_groupi_cdnfadd15/CO    -       CI->CO F     FA1D0          1  1.0    31    83    2458    (-,-) 
  gen_rows[2].gen_cols[6].pe_i_csa_tree_ADD_TC_OP_groupi_cdnfadd16/CO    -       CI->CO F     FA1D0          1  1.0    31    84    2542    (-,-) 
  gen_rows[2].gen_cols[6].pe_i_csa_tree_ADD_TC_OP_groupi_cdnfadd17/CO    -       CI->CO F     FA1D0          1  1.0    31    84    2627    (-,-) 
  gen_rows[2].gen_cols[6].pe_i_csa_tree_ADD_TC_OP_groupi_cdnfadd18/CO    -       CI->CO F     FA1D0          1  1.0    31    84    2711    (-,-) 
  gen_rows[2].gen_cols[6].pe_i_csa_tree_ADD_TC_OP_groupi_cdnfadd19/CO    -       CI->CO F     FA1D0          1  1.0    31    84    2796    (-,-) 
  gen_rows[2].gen_cols[6].pe_i_csa_tree_ADD_TC_OP_groupi_cdnfadd20/CO    -       CI->CO F     FA1D0          1  1.0    31    84    2880    (-,-) 
  gen_rows[2].gen_cols[6].pe_i_csa_tree_ADD_TC_OP_groupi_cdnfadd21/CO    -       CI->CO F     FA1D0          1  1.0    31    84    2965    (-,-) 
  gen_rows[2].gen_cols[6].pe_i_csa_tree_ADD_TC_OP_groupi_cdnfadd22/CO    -       CI->CO F     FA1D0          1  1.0    31    84    3049    (-,-) 
  gen_rows[2].gen_cols[6].pe_i_csa_tree_ADD_TC_OP_groupi_cdnfadd23/CO    -       CI->CO F     FA1D0          1  1.0    31    84    3134    (-,-) 
  gen_rows[2].gen_cols[6].pe_i_csa_tree_ADD_TC_OP_groupi_cdnfadd24/CO    -       CI->CO F     FA1D0          1  1.0    31    84    3218    (-,-) 
  gen_rows[2].gen_cols[6].pe_i_csa_tree_ADD_TC_OP_groupi_cdnfadd25/CO    -       CI->CO F     FA1D0          1  1.0    31    84    3303    (-,-) 
  gen_rows[2].gen_cols[6].pe_i_csa_tree_ADD_TC_OP_groupi_cdnfadd26/CO    -       CI->CO F     FA1D0          1  1.0    31    84    3387    (-,-) 
  gen_rows[2].gen_cols[6].pe_i_csa_tree_ADD_TC_OP_groupi_cdnfadd27/CO    -       CI->CO F     FA1D0          1  1.0    31    84    3472    (-,-) 
  gen_rows[2].gen_cols[6].pe_i_csa_tree_ADD_TC_OP_groupi_cdnfadd28/CO    -       CI->CO F     FA1D0          1  1.0    31    84    3556    (-,-) 
  gen_rows[2].gen_cols[6].pe_i_csa_tree_ADD_TC_OP_groupi_cdnfadd29/CO    -       CI->CO F     FA1D0          1  1.0    31    84    3641    (-,-) 
  gen_rows[2].gen_cols[6].pe_i_csa_tree_ADD_TC_OP_groupi_cdnfadd30/CO    -       CI->CO F     FA1D0          1  0.8    29    82    3723    (-,-) 
  gen_rows[2].gen_cols[6].pe_i_csa_tree_ADD_TC_OP_groupi_cdnfadd1039/Z   -       A3->Z  R     XOR3D0         1  1.1    35   101    3824    (-,-) 
  g103764/ZN                                                             -       B2->ZN F     AOI22D1        1  0.9    65    40    3864    (-,-) 
  g102443/ZN                                                             -       A2->ZN R     NR2XD0         1  1.0    38    44    3908    (-,-) 
  gen_rows[2].gen_cols[6].pe_i_acc_reg[31]/D                             -       -      R     DFCNQD1        1    -     -     0    3908    (-,-) 
#------------------------------------------------------------------------------------------------------------------------------------------------

Capture clock path:
#---------------------------------------------------------------------------------------------------------------------
#                Timing Point                 Flags   Arc   Edge   Cell      Fanout Load Trans Delay Arrival Instance 
#                                                                                   (fF)  (ps)  (ps)   (ps)  Location 
#---------------------------------------------------------------------------------------------------------------------
  clk                                         (i)     -     R     (arrival)  123413  0.0     0     0    5000    (-,-) 
  gen_rows[2].gen_cols[6].pe_i_acc_reg[31]/CP <<<     -     R     DFCNQD1    123413    -     0     0    5000    (-,-) 
#---------------------------------------------------------------------------------------------------------------------



Path 2: MET (1058 ps) Setup Check with Pin gen_rows[2].gen_cols[16].pe_i_acc_reg[31]/CP->D
          Group: clk
     Startpoint: (R) activation_in[18]
          Clock: (R) clk
       Endpoint: (R) gen_rows[2].gen_cols[16].pe_i_acc_reg[31]/D
          Clock: (R) clk

                     Capture       Launch     
        Clock Edge:+    5000            0     
        Drv Adjust:+       0            0     
       Src Latency:+       0            0     
       Net Latency:+       0 (I)        0 (I) 
           Arrival:=    5000            0     
                                              
             Setup:-      34                  
     Required Time:=    4966                  
      Launch Clock:-       0                  
       Input Delay:-     500                  
         Data Path:-    3408                  
             Slack:=    1058                  

Exceptions/Constraints:
  input_delay             500             in_del_48_1   

#-------------------------------------------------------------------------------------------------------------------------------------------------
#                              Timing Point                               Flags    Arc   Edge   Cell     Fanout Load Trans Delay Arrival Instance 
#                                                                                                               (fF)  (ps)  (ps)   (ps)  Location 
#-------------------------------------------------------------------------------------------------------------------------------------------------
  activation_in[18]                                                       -       -      R     (arrival)     33 52.2     0     0     500    (-,-) 
  hi_fo_buf86169/Z                                                        -       I->Z   R     CKBD1          2  3.8    39    40     540    (-,-) 
  hi_fo_buf86168/Z                                                        -       I->Z   R     DEL005        17 26.6   223   174     714    (-,-) 
  hi_fo_buf86167/Z                                                        -       I->Z   R     CKBD1          2  4.0    45    85     800    (-,-) 
  hi_fo_buf86162/Z                                                        -       I->Z   R     DEL005        16 25.6   215   172     971    (-,-) 
  gen_rows[2].gen_cols[16].pe_i_csa_tree_ADD_TC_OP_groupi_g987/ZN         -       S->ZN  F     MUX2ND0        2  2.1    88   121    1092    (-,-) 
  gen_rows[2].gen_cols[16].pe_i_csa_tree_ADD_TC_OP_groupi_g916/ZN         -       B2->ZN R     OAI22D1        1  1.1    77    73    1165    (-,-) 
  gen_rows[2].gen_cols[16].pe_i_csa_tree_ADD_TC_OP_groupi_cdnfadd_006_1/S -       CI->S  R     FA1D0          1  2.0    48   130    1295    (-,-) 
  g11037/S                                                                -       D->S   F     CMPE42D1       1  1.9    34   193    1488    (-,-) 
  gen_rows[2].gen_cols[16].pe_i_csa_tree_ADD_TC_OP_groupi_cdnfadd6/CO     -       B->CO  F     FA1D0          1  1.0    31   124    1612    (-,-) 
  gen_rows[2].gen_cols[16].pe_i_csa_tree_ADD_TC_OP_groupi_cdnfadd7/CO     -       CI->CO F     FA1D0          1  1.0    31    84    1696    (-,-) 
  gen_rows[2].gen_cols[16].pe_i_csa_tree_ADD_TC_OP_groupi_cdnfadd8/CO     -       CI->CO F     FA1D0          1  1.0    31    84    1781    (-,-) 
  gen_rows[2].gen_cols[16].pe_i_csa_tree_ADD_TC_OP_groupi_cdnfadd9/CO     -       CI->CO F     FA1D0          1  1.0    31    84    1865    (-,-) 
  gen_rows[2].gen_cols[16].pe_i_csa_tree_ADD_TC_OP_groupi_cdnfadd10/CO    -       CI->CO F     FA1D0          1  1.0    31    84    1950    (-,-) 
  gen_rows[2].gen_cols[16].pe_i_csa_tree_ADD_TC_OP_groupi_cdnfadd11/CO    -       CI->CO F     FA1D0          1  1.9    40    92    2042    (-,-) 
  g11034/CO                                                               -       D->CO  F     CMPE42D1       1  1.0    26   121    2163    (-,-) 
  gen_rows[2].gen_cols[16].pe_i_csa_tree_ADD_TC_OP_groupi_cdnfadd13/CO    -       CI->CO F     FA1D0          1  1.9    40    91    2254    (-,-) 
  g11033/CO                                                               -       D->CO  F     CMPE42D1       1  1.0    26   121    2375    (-,-) 
  gen_rows[2].gen_cols[16].pe_i_csa_tree_ADD_TC_OP_groupi_cdnfadd15/CO    -       CI->CO F     FA1D0          1  1.0    31    83    2458    (-,-) 
  gen_rows[2].gen_cols[16].pe_i_csa_tree_ADD_TC_OP_groupi_cdnfadd16/CO    -       CI->CO F     FA1D0          1  1.0    31    84    2542    (-,-) 
  gen_rows[2].gen_cols[16].pe_i_csa_tree_ADD_TC_OP_groupi_cdnfadd17/CO    -       CI->CO F     FA1D0          1  1.0    31    84    2627    (-,-) 
  gen_rows[2].gen_cols[16].pe_i_csa_tree_ADD_TC_OP_groupi_cdnfadd18/CO    -       CI->CO F     FA1D0          1  1.0    31    84    2711    (-,-) 
  gen_rows[2].gen_cols[16].pe_i_csa_tree_ADD_TC_OP_groupi_cdnfadd19/CO    -       CI->CO F     FA1D0          1  1.0    31    84    2796    (-,-) 
  gen_rows[2].gen_cols[16].pe_i_csa_tree_ADD_TC_OP_groupi_cdnfadd20/CO    -       CI->CO F     FA1D0          1  1.0    31    84    2880    (-,-) 
  gen_rows[2].gen_cols[16].pe_i_csa_tree_ADD_TC_OP_groupi_cdnfadd21/CO    -       CI->CO F     FA1D0          1  1.0    31    84    2965    (-,-) 
  gen_rows[2].gen_cols[16].pe_i_csa_tree_ADD_TC_OP_groupi_cdnfadd22/CO    -       CI->CO F     FA1D0          1  1.0    31    84    3049    (-,-) 
  gen_rows[2].gen_cols[16].pe_i_csa_tree_ADD_TC_OP_groupi_cdnfadd23/CO    -       CI->CO F     FA1D0          1  1.0    31    84    3134    (-,-) 
  gen_rows[2].gen_cols[16].pe_i_csa_tree_ADD_TC_OP_groupi_cdnfadd24/CO    -       CI->CO F     FA1D0          1  1.0    31    84    3218    (-,-) 
  gen_rows[2].gen_cols[16].pe_i_csa_tree_ADD_TC_OP_groupi_cdnfadd25/CO    -       CI->CO F     FA1D0          1  1.0    31    84    3303    (-,-) 
  gen_rows[2].gen_cols[16].pe_i_csa_tree_ADD_TC_OP_groupi_cdnfadd26/CO    -       CI->CO F     FA1D0          1  1.0    31    84    3387    (-,-) 
  gen_rows[2].gen_cols[16].pe_i_csa_tree_ADD_TC_OP_groupi_cdnfadd27/CO    -       CI->CO F     FA1D0          1  1.0    31    84    3472    (-,-) 
  gen_rows[2].gen_cols[16].pe_i_csa_tree_ADD_TC_OP_groupi_cdnfadd28/CO    -       CI->CO F     FA1D0          1  1.0    31    84    3556    (-,-) 
  gen_rows[2].gen_cols[16].pe_i_csa_tree_ADD_TC_OP_groupi_cdnfadd29/CO    -       CI->CO F     FA1D0          1  1.0    31    84    3641    (-,-) 
  gen_rows[2].gen_cols[16].pe_i_csa_tree_ADD_TC_OP_groupi_cdnfadd30/CO    -       CI->CO F     FA1D0          1  0.8    29    82    3723    (-,-) 
  gen_rows[2].gen_cols[16].pe_i_csa_tree_ADD_TC_OP_groupi_cdnfadd1039/Z   -       A3->Z  R     XOR3D0         1  1.1    35   101    3824    (-,-) 
  g103753/ZN                                                              -       B2->ZN F     AOI22D1        1  0.9    65    40    3864    (-,-) 
  g102243/ZN                                                              -       A2->ZN R     NR2XD0         1  1.0    38    44    3908    (-,-) 
  gen_rows[2].gen_cols[16].pe_i_acc_reg[31]/D                             -       -      R     DFCNQD1        1    -     -     0    3908    (-,-) 
#-------------------------------------------------------------------------------------------------------------------------------------------------

Capture clock path:
#----------------------------------------------------------------------------------------------------------------------
#                Timing Point                  Flags   Arc   Edge   Cell      Fanout Load Trans Delay Arrival Instance 
#                                                                                    (fF)  (ps)  (ps)   (ps)  Location 
#----------------------------------------------------------------------------------------------------------------------
  clk                                          (i)     -     R     (arrival)  123413  0.0     0     0    5000    (-,-) 
  gen_rows[2].gen_cols[16].pe_i_acc_reg[31]/CP <<<     -     R     DFCNQD1    123413    -     0     0    5000    (-,-) 
#----------------------------------------------------------------------------------------------------------------------



Path 3: MET (1058 ps) Setup Check with Pin gen_rows[5].gen_cols[6].pe_i_acc_reg[31]/CP->D
          Group: clk
     Startpoint: (R) activation_in[42]
          Clock: (R) clk
       Endpoint: (R) gen_rows[5].gen_cols[6].pe_i_acc_reg[31]/D
          Clock: (R) clk

                     Capture       Launch     
        Clock Edge:+    5000            0     
        Drv Adjust:+       0            0     
       Src Latency:+       0            0     
       Net Latency:+       0 (I)        0 (I) 
           Arrival:=    5000            0     
                                              
             Setup:-      34                  
     Required Time:=    4966                  
      Launch Clock:-       0                  
       Input Delay:-     500                  
         Data Path:-    3408                  
             Slack:=    1058                  

Exceptions/Constraints:
  input_delay             500             in_del_24_1   

#------------------------------------------------------------------------------------------------------------------------------------------------
#                             Timing Point                               Flags    Arc   Edge   Cell     Fanout Load Trans Delay Arrival Instance 
#                                                                                                              (fF)  (ps)  (ps)   (ps)  Location 
#------------------------------------------------------------------------------------------------------------------------------------------------
  activation_in[42]                                                      -       -      R     (arrival)     33 52.2     0     0     500    (-,-) 
  hi_fo_buf86297/Z                                                       -       I->Z   R     CKBD1          2  3.8    39    40     540    (-,-) 
  hi_fo_buf86296/Z                                                       -       I->Z   R     DEL005        17 26.6   223   174     714    (-,-) 
  hi_fo_buf86295/Z                                                       -       I->Z   R     CKBD1          2  4.0    45    85     800    (-,-) 
  hi_fo_buf86290/Z                                                       -       I->Z   R     DEL005        16 25.6   215   172     971    (-,-) 
  gen_rows[5].gen_cols[6].pe_i_csa_tree_ADD_TC_OP_groupi_g987/ZN         -       S->ZN  F     MUX2ND0        2  2.1    88   121    1092    (-,-) 
  gen_rows[5].gen_cols[6].pe_i_csa_tree_ADD_TC_OP_groupi_g916/ZN         -       B2->ZN R     OAI22D1        1  1.1    77    73    1165    (-,-) 
  gen_rows[5].gen_cols[6].pe_i_csa_tree_ADD_TC_OP_groupi_cdnfadd_006_1/S -       CI->S  R     FA1D0          1  2.0    48   130    1295    (-,-) 
  g10941/S                                                               -       D->S   F     CMPE42D1       1  1.9    34   193    1488    (-,-) 
  gen_rows[5].gen_cols[6].pe_i_csa_tree_ADD_TC_OP_groupi_cdnfadd6/CO     -       B->CO  F     FA1D0          1  1.0    31   124    1612    (-,-) 
  gen_rows[5].gen_cols[6].pe_i_csa_tree_ADD_TC_OP_groupi_cdnfadd7/CO     -       CI->CO F     FA1D0          1  1.0    31    84    1696    (-,-) 
  gen_rows[5].gen_cols[6].pe_i_csa_tree_ADD_TC_OP_groupi_cdnfadd8/CO     -       CI->CO F     FA1D0          1  1.0    31    84    1781    (-,-) 
  gen_rows[5].gen_cols[6].pe_i_csa_tree_ADD_TC_OP_groupi_cdnfadd9/CO     -       CI->CO F     FA1D0          1  1.0    31    84    1865    (-,-) 
  gen_rows[5].gen_cols[6].pe_i_csa_tree_ADD_TC_OP_groupi_cdnfadd10/CO    -       CI->CO F     FA1D0          1  1.0    31    84    1950    (-,-) 
  gen_rows[5].gen_cols[6].pe_i_csa_tree_ADD_TC_OP_groupi_cdnfadd11/CO    -       CI->CO F     FA1D0          1  1.9    40    92    2042    (-,-) 
  g10938/CO                                                              -       D->CO  F     CMPE42D1       1  1.0    26   121    2163    (-,-) 
  gen_rows[5].gen_cols[6].pe_i_csa_tree_ADD_TC_OP_groupi_cdnfadd13/CO    -       CI->CO F     FA1D0          1  1.9    40    91    2254    (-,-) 
  g10937/CO                                                              -       D->CO  F     CMPE42D1       1  1.0    26   121    2375    (-,-) 
  gen_rows[5].gen_cols[6].pe_i_csa_tree_ADD_TC_OP_groupi_cdnfadd15/CO    -       CI->CO F     FA1D0          1  1.0    31    83    2458    (-,-) 
  gen_rows[5].gen_cols[6].pe_i_csa_tree_ADD_TC_OP_groupi_cdnfadd16/CO    -       CI->CO F     FA1D0          1  1.0    31    84    2542    (-,-) 
  gen_rows[5].gen_cols[6].pe_i_csa_tree_ADD_TC_OP_groupi_cdnfadd17/CO    -       CI->CO F     FA1D0          1  1.0    31    84    2627    (-,-) 
  gen_rows[5].gen_cols[6].pe_i_csa_tree_ADD_TC_OP_groupi_cdnfadd18/CO    -       CI->CO F     FA1D0          1  1.0    31    84    2711    (-,-) 
  gen_rows[5].gen_cols[6].pe_i_csa_tree_ADD_TC_OP_groupi_cdnfadd19/CO    -       CI->CO F     FA1D0          1  1.0    31    84    2796    (-,-) 
  gen_rows[5].gen_cols[6].pe_i_csa_tree_ADD_TC_OP_groupi_cdnfadd20/CO    -       CI->CO F     FA1D0          1  1.0    31    84    2880    (-,-) 
  gen_rows[5].gen_cols[6].pe_i_csa_tree_ADD_TC_OP_groupi_cdnfadd21/CO    -       CI->CO F     FA1D0          1  1.0    31    84    2965    (-,-) 
  gen_rows[5].gen_cols[6].pe_i_csa_tree_ADD_TC_OP_groupi_cdnfadd22/CO    -       CI->CO F     FA1D0          1  1.0    31    84    3049    (-,-) 
  gen_rows[5].gen_cols[6].pe_i_csa_tree_ADD_TC_OP_groupi_cdnfadd23/CO    -       CI->CO F     FA1D0          1  1.0    31    84    3134    (-,-) 
  gen_rows[5].gen_cols[6].pe_i_csa_tree_ADD_TC_OP_groupi_cdnfadd24/CO    -       CI->CO F     FA1D0          1  1.0    31    84    3218    (-,-) 
  gen_rows[5].gen_cols[6].pe_i_csa_tree_ADD_TC_OP_groupi_cdnfadd25/CO    -       CI->CO F     FA1D0          1  1.0    31    84    3303    (-,-) 
  gen_rows[5].gen_cols[6].pe_i_csa_tree_ADD_TC_OP_groupi_cdnfadd26/CO    -       CI->CO F     FA1D0          1  1.0    31    84    3387    (-,-) 
  gen_rows[5].gen_cols[6].pe_i_csa_tree_ADD_TC_OP_groupi_cdnfadd27/CO    -       CI->CO F     FA1D0          1  1.0    31    84    3472    (-,-) 
  gen_rows[5].gen_cols[6].pe_i_csa_tree_ADD_TC_OP_groupi_cdnfadd28/CO    -       CI->CO F     FA1D0          1  1.0    31    84    3556    (-,-) 
  gen_rows[5].gen_cols[6].pe_i_csa_tree_ADD_TC_OP_groupi_cdnfadd29/CO    -       CI->CO F     FA1D0          1  1.0    31    84    3641    (-,-) 
  gen_rows[5].gen_cols[6].pe_i_csa_tree_ADD_TC_OP_groupi_cdnfadd30/CO    -       CI->CO F     FA1D0          1  0.8    29    82    3723    (-,-) 
  gen_rows[5].gen_cols[6].pe_i_csa_tree_ADD_TC_OP_groupi_cdnfadd1039/Z   -       A3->Z  R     XOR3D0         1  1.1    35   101    3824    (-,-) 
  g103697/ZN                                                             -       B2->ZN F     AOI22D1        1  0.9    65    40    3864    (-,-) 
  g102087/ZN                                                             -       A2->ZN R     NR2XD0         1  1.0    38    44    3908    (-,-) 
  gen_rows[5].gen_cols[6].pe_i_acc_reg[31]/D                             -       -      R     DFCNQD1        1    -     -     0    3908    (-,-) 
#------------------------------------------------------------------------------------------------------------------------------------------------

Capture clock path:
#---------------------------------------------------------------------------------------------------------------------
#                Timing Point                 Flags   Arc   Edge   Cell      Fanout Load Trans Delay Arrival Instance 
#                                                                                   (fF)  (ps)  (ps)   (ps)  Location 
#---------------------------------------------------------------------------------------------------------------------
  clk                                         (i)     -     R     (arrival)  123413  0.0     0     0    5000    (-,-) 
  gen_rows[5].gen_cols[6].pe_i_acc_reg[31]/CP <<<     -     R     DFCNQD1    123413    -     0     0    5000    (-,-) 
#---------------------------------------------------------------------------------------------------------------------



Path 4: MET (1059 ps) Setup Check with Pin gen_rows[6].gen_cols[23].pe_i_acc_reg[31]/CP->D
          Group: clk
     Startpoint: (R) activation_in[50]
          Clock: (R) clk
       Endpoint: (R) gen_rows[6].gen_cols[23].pe_i_acc_reg[31]/D
          Clock: (R) clk

                     Capture       Launch     
        Clock Edge:+    5000            0     
        Drv Adjust:+       0            0     
       Src Latency:+       0            0     
       Net Latency:+       0 (I)        0 (I) 
           Arrival:=    5000            0     
                                              
             Setup:-      38                  
     Required Time:=    4962                  
      Launch Clock:-       0                  
       Input Delay:-     500                  
         Data Path:-    3404                  
             Slack:=    1059                  

Exceptions/Constraints:
  input_delay             500             in_del_16_1   

#-------------------------------------------------------------------------------------------------------------------------------------------------
#                              Timing Point                               Flags    Arc   Edge   Cell     Fanout Load Trans Delay Arrival Instance 
#                                                                                                               (fF)  (ps)  (ps)   (ps)  Location 
#-------------------------------------------------------------------------------------------------------------------------------------------------
  activation_in[50]                                                       -       -      R     (arrival)     33 52.2     0     0     500    (-,-) 
  hi_fo_buf86453/Z                                                        -       I->Z   R     CKBD1          2  3.8    39    40     540    (-,-) 
  hi_fo_buf86452/Z                                                        -       I->Z   R     DEL005        17 26.6   223   174     714    (-,-) 
  hi_fo_buf86451/Z                                                        -       I->Z   R     CKBD1          2  4.0    45    85     800    (-,-) 
  hi_fo_buf86446/Z                                                        -       I->Z   R     DEL005        16 25.6   215   172     971    (-,-) 
  gen_rows[6].gen_cols[23].pe_i_csa_tree_ADD_TC_OP_groupi_g987/ZN         -       S->ZN  F     MUX2ND0        2  2.1    88   121    1092    (-,-) 
  gen_rows[6].gen_cols[23].pe_i_csa_tree_ADD_TC_OP_groupi_g916/ZN         -       B2->ZN R     OAI22D1        1  1.1    77    73    1165    (-,-) 
  gen_rows[6].gen_cols[23].pe_i_csa_tree_ADD_TC_OP_groupi_cdnfadd_006_1/S -       CI->S  R     FA1D0          1  2.0    48   130    1295    (-,-) 
  g11379/S                                                                -       D->S   F     CMPE42D1       1  1.9    34   193    1488    (-,-) 
  gen_rows[6].gen_cols[23].pe_i_csa_tree_ADD_TC_OP_groupi_cdnfadd6/CO     -       B->CO  F     FA1D0          1  1.0    31   124    1612    (-,-) 
  gen_rows[6].gen_cols[23].pe_i_csa_tree_ADD_TC_OP_groupi_cdnfadd7/CO     -       CI->CO F     FA1D0          1  1.0    31    84    1696    (-,-) 
  gen_rows[6].gen_cols[23].pe_i_csa_tree_ADD_TC_OP_groupi_cdnfadd8/CO     -       CI->CO F     FA1D0          1  1.0    31    84    1781    (-,-) 
  gen_rows[6].gen_cols[23].pe_i_csa_tree_ADD_TC_OP_groupi_cdnfadd9/CO     -       CI->CO F     FA1D0          1  1.0    31    84    1865    (-,-) 
  gen_rows[6].gen_cols[23].pe_i_csa_tree_ADD_TC_OP_groupi_cdnfadd10/CO    -       CI->CO F     FA1D0          1  1.0    31    84    1950    (-,-) 
  gen_rows[6].gen_cols[23].pe_i_csa_tree_ADD_TC_OP_groupi_cdnfadd11/CO    -       CI->CO F     FA1D0          1  1.9    40    92    2042    (-,-) 
  g11376/CO                                                               -       D->CO  F     CMPE42D1       1  1.0    26   121    2163    (-,-) 
  gen_rows[6].gen_cols[23].pe_i_csa_tree_ADD_TC_OP_groupi_cdnfadd13/CO    -       CI->CO F     FA1D0          1  1.9    40    91    2254    (-,-) 
  g11375/CO                                                               -       D->CO  F     CMPE42D1       1  1.0    26   121    2375    (-,-) 
  gen_rows[6].gen_cols[23].pe_i_csa_tree_ADD_TC_OP_groupi_cdnfadd15/CO    -       CI->CO F     FA1D0          1  1.0    31    83    2458    (-,-) 
  gen_rows[6].gen_cols[23].pe_i_csa_tree_ADD_TC_OP_groupi_cdnfadd16/CO    -       CI->CO F     FA1D0          1  1.0    31    84    2542    (-,-) 
  gen_rows[6].gen_cols[23].pe_i_csa_tree_ADD_TC_OP_groupi_cdnfadd17/CO    -       CI->CO F     FA1D0          1  1.0    31    84    2627    (-,-) 
  gen_rows[6].gen_cols[23].pe_i_csa_tree_ADD_TC_OP_groupi_cdnfadd18/CO    -       CI->CO F     FA1D0          1  1.0    31    84    2711    (-,-) 
  gen_rows[6].gen_cols[23].pe_i_csa_tree_ADD_TC_OP_groupi_cdnfadd19/CO    -       CI->CO F     FA1D0          1  1.0    31    84    2796    (-,-) 
  gen_rows[6].gen_cols[23].pe_i_csa_tree_ADD_TC_OP_groupi_cdnfadd20/CO    -       CI->CO F     FA1D0          1  1.0    31    84    2880    (-,-) 
  gen_rows[6].gen_cols[23].pe_i_csa_tree_ADD_TC_OP_groupi_cdnfadd21/CO    -       CI->CO F     FA1D0          1  1.0    31    84    2965    (-,-) 
  gen_rows[6].gen_cols[23].pe_i_csa_tree_ADD_TC_OP_groupi_cdnfadd22/CO    -       CI->CO F     FA1D0          1  1.0    31    84    3049    (-,-) 
  gen_rows[6].gen_cols[23].pe_i_csa_tree_ADD_TC_OP_groupi_cdnfadd23/CO    -       CI->CO F     FA1D0          1  1.0    31    84    3134    (-,-) 
  gen_rows[6].gen_cols[23].pe_i_csa_tree_ADD_TC_OP_groupi_cdnfadd24/CO    -       CI->CO F     FA1D0          1  1.0    31    84    3218    (-,-) 
  gen_rows[6].gen_cols[23].pe_i_csa_tree_ADD_TC_OP_groupi_cdnfadd25/CO    -       CI->CO F     FA1D0          1  1.0    31    84    3303    (-,-) 
  gen_rows[6].gen_cols[23].pe_i_csa_tree_ADD_TC_OP_groupi_cdnfadd26/CO    -       CI->CO F     FA1D0          1  1.0    31    84    3387    (-,-) 
  gen_rows[6].gen_cols[23].pe_i_csa_tree_ADD_TC_OP_groupi_cdnfadd27/CO    -       CI->CO F     FA1D0          1  1.0    31    84    3472    (-,-) 
  gen_rows[6].gen_cols[23].pe_i_csa_tree_ADD_TC_OP_groupi_cdnfadd28/CO    -       CI->CO F     FA1D0          1  1.0    31    84    3556    (-,-) 
  gen_rows[6].gen_cols[23].pe_i_csa_tree_ADD_TC_OP_groupi_cdnfadd29/CO    -       CI->CO F     FA1D0          1  1.0    31    84    3641    (-,-) 
  gen_rows[6].gen_cols[23].pe_i_csa_tree_ADD_TC_OP_groupi_cdnfadd30/CO    -       CI->CO F     FA1D0          1  0.8    29    82    3723    (-,-) 
  gen_rows[6].gen_cols[23].pe_i_csa_tree_ADD_TC_OP_groupi_cdnfadd1039/Z   -       A3->Z  R     XOR3D0         1  1.1    35   101    3824    (-,-) 
  g103854/ZN                                                              -       B2->ZN F     AOI22D1        1  0.9    49    40    3864    (-,-) 
  g101973/ZN                                                              -       A2->ZN R     NR2XD0         1  1.0    49    40    3904    (-,-) 
  gen_rows[6].gen_cols[23].pe_i_acc_reg[31]/D                             -       -      R     DFCNQD1        1    -     -     0    3904    (-,-) 
#-------------------------------------------------------------------------------------------------------------------------------------------------

Capture clock path:
#----------------------------------------------------------------------------------------------------------------------
#                Timing Point                  Flags   Arc   Edge   Cell      Fanout Load Trans Delay Arrival Instance 
#                                                                                    (fF)  (ps)  (ps)   (ps)  Location 
#----------------------------------------------------------------------------------------------------------------------
  clk                                          (i)     -     R     (arrival)  123413  0.0     0     0    5000    (-,-) 
  gen_rows[6].gen_cols[23].pe_i_acc_reg[31]/CP <<<     -     R     DFCNQD1    123413    -     0     0    5000    (-,-) 
#----------------------------------------------------------------------------------------------------------------------



Path 5: MET (1061 ps) Setup Check with Pin gen_rows[2].gen_cols[8].pe_i_acc_reg[31]/CP->D
          Group: clk
     Startpoint: (R) activation_in[18]
          Clock: (R) clk
       Endpoint: (R) gen_rows[2].gen_cols[8].pe_i_acc_reg[31]/D
          Clock: (R) clk

                     Capture       Launch     
        Clock Edge:+    5000            0     
        Drv Adjust:+       0            0     
       Src Latency:+       0            0     
       Net Latency:+       0 (I)        0 (I) 
           Arrival:=    5000            0     
                                              
             Setup:-      36                  
     Required Time:=    4964                  
      Launch Clock:-       0                  
       Input Delay:-     500                  
         Data Path:-    3404                  
             Slack:=    1061                  

Exceptions/Constraints:
  input_delay             500             in_del_48_1   

#------------------------------------------------------------------------------------------------------------------------------------------------
#                             Timing Point                               Flags    Arc   Edge   Cell     Fanout Load Trans Delay Arrival Instance 
#                                                                                                              (fF)  (ps)  (ps)   (ps)  Location 
#------------------------------------------------------------------------------------------------------------------------------------------------
  activation_in[18]                                                      -       -      R     (arrival)     33 52.2     0     0     500    (-,-) 
  hi_fo_buf86169/Z                                                       -       I->Z   R     CKBD1          2  3.8    39    40     540    (-,-) 
  hi_fo_buf86168/Z                                                       -       I->Z   R     DEL005        17 26.6   223   174     714    (-,-) 
  hi_fo_buf86167/Z                                                       -       I->Z   R     CKBD1          2  4.0    45    85     800    (-,-) 
  hi_fo_buf86162/Z                                                       -       I->Z   R     DEL005        16 25.6   215   172     971    (-,-) 
  gen_rows[2].gen_cols[8].pe_i_csa_tree_ADD_TC_OP_groupi_g987/ZN         -       S->ZN  F     MUX2ND0        2  2.1    88   121    1092    (-,-) 
  gen_rows[2].gen_cols[8].pe_i_csa_tree_ADD_TC_OP_groupi_g916/ZN         -       B2->ZN R     OAI22D1        1  1.1    77    73    1165    (-,-) 
  gen_rows[2].gen_cols[8].pe_i_csa_tree_ADD_TC_OP_groupi_cdnfadd_006_1/S -       CI->S  R     FA1D0          1  2.0    48   130    1295    (-,-) 
  g11253/S                                                               -       D->S   F     CMPE42D1       1  1.9    34   193    1488    (-,-) 
  gen_rows[2].gen_cols[8].pe_i_csa_tree_ADD_TC_OP_groupi_cdnfadd6/CO     -       B->CO  F     FA1D0          1  1.0    31   124    1612    (-,-) 
  gen_rows[2].gen_cols[8].pe_i_csa_tree_ADD_TC_OP_groupi_cdnfadd7/CO     -       CI->CO F     FA1D0          1  1.0    31    84    1696    (-,-) 
  gen_rows[2].gen_cols[8].pe_i_csa_tree_ADD_TC_OP_groupi_cdnfadd8/CO     -       CI->CO F     FA1D0          1  1.0    31    84    1781    (-,-) 
  gen_rows[2].gen_cols[8].pe_i_csa_tree_ADD_TC_OP_groupi_cdnfadd9/CO     -       CI->CO F     FA1D0          1  1.0    31    84    1865    (-,-) 
  gen_rows[2].gen_cols[8].pe_i_csa_tree_ADD_TC_OP_groupi_cdnfadd10/CO    -       CI->CO F     FA1D0          1  1.0    31    84    1950    (-,-) 
  gen_rows[2].gen_cols[8].pe_i_csa_tree_ADD_TC_OP_groupi_cdnfadd11/CO    -       CI->CO F     FA1D0          1  1.9    40    92    2042    (-,-) 
  g11250/CO                                                              -       D->CO  F     CMPE42D1       1  1.0    26   121    2163    (-,-) 
  gen_rows[2].gen_cols[8].pe_i_csa_tree_ADD_TC_OP_groupi_cdnfadd13/CO    -       CI->CO F     FA1D0          1  1.9    40    91    2254    (-,-) 
  g11249/CO                                                              -       D->CO  F     CMPE42D1       1  1.0    26   121    2375    (-,-) 
  gen_rows[2].gen_cols[8].pe_i_csa_tree_ADD_TC_OP_groupi_cdnfadd15/CO    -       CI->CO F     FA1D0          1  1.0    31    83    2458    (-,-) 
  gen_rows[2].gen_cols[8].pe_i_csa_tree_ADD_TC_OP_groupi_cdnfadd16/CO    -       CI->CO F     FA1D0          1  1.0    31    84    2542    (-,-) 
  gen_rows[2].gen_cols[8].pe_i_csa_tree_ADD_TC_OP_groupi_cdnfadd17/CO    -       CI->CO F     FA1D0          1  1.0    31    84    2627    (-,-) 
  gen_rows[2].gen_cols[8].pe_i_csa_tree_ADD_TC_OP_groupi_cdnfadd18/CO    -       CI->CO F     FA1D0          1  1.0    31    84    2711    (-,-) 
  gen_rows[2].gen_cols[8].pe_i_csa_tree_ADD_TC_OP_groupi_cdnfadd19/CO    -       CI->CO F     FA1D0          1  1.0    31    84    2796    (-,-) 
  gen_rows[2].gen_cols[8].pe_i_csa_tree_ADD_TC_OP_groupi_cdnfadd20/CO    -       CI->CO F     FA1D0          1  1.0    31    84    2880    (-,-) 
  gen_rows[2].gen_cols[8].pe_i_csa_tree_ADD_TC_OP_groupi_cdnfadd21/CO    -       CI->CO F     FA1D0          1  1.0    31    84    2965    (-,-) 
  gen_rows[2].gen_cols[8].pe_i_csa_tree_ADD_TC_OP_groupi_cdnfadd22/CO    -       CI->CO F     FA1D0          1  1.0    31    84    3049    (-,-) 
  gen_rows[2].gen_cols[8].pe_i_csa_tree_ADD_TC_OP_groupi_cdnfadd23/CO    -       CI->CO F     FA1D0          1  1.0    31    84    3134    (-,-) 
  gen_rows[2].gen_cols[8].pe_i_csa_tree_ADD_TC_OP_groupi_cdnfadd24/CO    -       CI->CO F     FA1D0          1  1.0    31    84    3218    (-,-) 
  gen_rows[2].gen_cols[8].pe_i_csa_tree_ADD_TC_OP_groupi_cdnfadd25/CO    -       CI->CO F     FA1D0          1  1.0    31    84    3303    (-,-) 
  gen_rows[2].gen_cols[8].pe_i_csa_tree_ADD_TC_OP_groupi_cdnfadd26/CO    -       CI->CO F     FA1D0          1  1.0    31    84    3387    (-,-) 
  gen_rows[2].gen_cols[8].pe_i_csa_tree_ADD_TC_OP_groupi_cdnfadd27/CO    -       CI->CO F     FA1D0          1  1.0    31    84    3472    (-,-) 
  gen_rows[2].gen_cols[8].pe_i_csa_tree_ADD_TC_OP_groupi_cdnfadd28/CO    -       CI->CO F     FA1D0          1  1.0    31    84    3556    (-,-) 
  gen_rows[2].gen_cols[8].pe_i_csa_tree_ADD_TC_OP_groupi_cdnfadd29/CO    -       CI->CO F     FA1D0          1  1.0    31    84    3641    (-,-) 
  gen_rows[2].gen_cols[8].pe_i_csa_tree_ADD_TC_OP_groupi_cdnfadd30/CO    -       CI->CO F     FA1D0          1  0.8    29    82    3723    (-,-) 
  gen_rows[2].gen_cols[8].pe_i_csa_tree_ADD_TC_OP_groupi_cdnfadd1039/Z   -       A3->Z  R     XOR3D0         1  1.1    35   101    3824    (-,-) 
  g103759/ZN                                                             -       B2->ZN F     AOI22D1        1  0.9    49    40    3864    (-,-) 
  g102260/ZN                                                             -       A2->ZN R     NR2XD0         1  1.0    43    40    3904    (-,-) 
  gen_rows[2].gen_cols[8].pe_i_acc_reg[31]/D                             -       -      R     DFCNQD1        1    -     -     0    3904    (-,-) 
#------------------------------------------------------------------------------------------------------------------------------------------------

Capture clock path:
#---------------------------------------------------------------------------------------------------------------------
#                Timing Point                 Flags   Arc   Edge   Cell      Fanout Load Trans Delay Arrival Instance 
#                                                                                   (fF)  (ps)  (ps)   (ps)  Location 
#---------------------------------------------------------------------------------------------------------------------
  clk                                         (i)     -     R     (arrival)  123413  0.0     0     0    5000    (-,-) 
  gen_rows[2].gen_cols[8].pe_i_acc_reg[31]/CP <<<     -     R     DFCNQD1    123413    -     0     0    5000    (-,-) 
#---------------------------------------------------------------------------------------------------------------------



Path 6: MET (1061 ps) Setup Check with Pin gen_rows[5].gen_cols[16].pe_i_acc_reg[31]/CP->D
          Group: clk
     Startpoint: (R) activation_in[42]
          Clock: (R) clk
       Endpoint: (R) gen_rows[5].gen_cols[16].pe_i_acc_reg[31]/D
          Clock: (R) clk

                     Capture       Launch     
        Clock Edge:+    5000            0     
        Drv Adjust:+       0            0     
       Src Latency:+       0            0     
       Net Latency:+       0 (I)        0 (I) 
           Arrival:=    5000            0     
                                              
             Setup:-      36                  
     Required Time:=    4964                  
      Launch Clock:-       0                  
       Input Delay:-     500                  
         Data Path:-    3404                  
             Slack:=    1061                  

Exceptions/Constraints:
  input_delay             500             in_del_24_1   

#-------------------------------------------------------------------------------------------------------------------------------------------------
#                              Timing Point                               Flags    Arc   Edge   Cell     Fanout Load Trans Delay Arrival Instance 
#                                                                                                               (fF)  (ps)  (ps)   (ps)  Location 
#-------------------------------------------------------------------------------------------------------------------------------------------------
  activation_in[42]                                                       -       -      R     (arrival)     33 52.2     0     0     500    (-,-) 
  hi_fo_buf86297/Z                                                        -       I->Z   R     CKBD1          2  3.8    39    40     540    (-,-) 
  hi_fo_buf86296/Z                                                        -       I->Z   R     DEL005        17 26.6   223   174     714    (-,-) 
  hi_fo_buf86295/Z                                                        -       I->Z   R     CKBD1          2  4.0    45    85     800    (-,-) 
  hi_fo_buf86290/Z                                                        -       I->Z   R     DEL005        16 25.6   215   172     971    (-,-) 
  gen_rows[5].gen_cols[16].pe_i_csa_tree_ADD_TC_OP_groupi_g987/ZN         -       S->ZN  F     MUX2ND0        2  2.1    88   121    1092    (-,-) 
  gen_rows[5].gen_cols[16].pe_i_csa_tree_ADD_TC_OP_groupi_g916/ZN         -       B2->ZN R     OAI22D1        1  1.1    77    73    1165    (-,-) 
  gen_rows[5].gen_cols[16].pe_i_csa_tree_ADD_TC_OP_groupi_cdnfadd_006_1/S -       CI->S  R     FA1D0          1  2.0    48   130    1295    (-,-) 
  g10773/S                                                                -       D->S   F     CMPE42D1       1  1.9    34   193    1488    (-,-) 
  gen_rows[5].gen_cols[16].pe_i_csa_tree_ADD_TC_OP_groupi_cdnfadd6/CO     -       B->CO  F     FA1D0          1  1.0    31   124    1612    (-,-) 
  gen_rows[5].gen_cols[16].pe_i_csa_tree_ADD_TC_OP_groupi_cdnfadd7/CO     -       CI->CO F     FA1D0          1  1.0    31    84    1696    (-,-) 
  gen_rows[5].gen_cols[16].pe_i_csa_tree_ADD_TC_OP_groupi_cdnfadd8/CO     -       CI->CO F     FA1D0          1  1.0    31    84    1781    (-,-) 
  gen_rows[5].gen_cols[16].pe_i_csa_tree_ADD_TC_OP_groupi_cdnfadd9/CO     -       CI->CO F     FA1D0          1  1.0    31    84    1865    (-,-) 
  gen_rows[5].gen_cols[16].pe_i_csa_tree_ADD_TC_OP_groupi_cdnfadd10/CO    -       CI->CO F     FA1D0          1  1.0    31    84    1950    (-,-) 
  gen_rows[5].gen_cols[16].pe_i_csa_tree_ADD_TC_OP_groupi_cdnfadd11/CO    -       CI->CO F     FA1D0          1  1.9    40    92    2042    (-,-) 
  g10770/CO                                                               -       D->CO  F     CMPE42D1       1  1.0    26   121    2163    (-,-) 
  gen_rows[5].gen_cols[16].pe_i_csa_tree_ADD_TC_OP_groupi_cdnfadd13/CO    -       CI->CO F     FA1D0          1  1.9    40    91    2254    (-,-) 
  g10769/CO                                                               -       D->CO  F     CMPE42D1       1  1.0    26   121    2375    (-,-) 
  gen_rows[5].gen_cols[16].pe_i_csa_tree_ADD_TC_OP_groupi_cdnfadd15/CO    -       CI->CO F     FA1D0          1  1.0    31    83    2458    (-,-) 
  gen_rows[5].gen_cols[16].pe_i_csa_tree_ADD_TC_OP_groupi_cdnfadd16/CO    -       CI->CO F     FA1D0          1  1.0    31    84    2542    (-,-) 
  gen_rows[5].gen_cols[16].pe_i_csa_tree_ADD_TC_OP_groupi_cdnfadd17/CO    -       CI->CO F     FA1D0          1  1.0    31    84    2627    (-,-) 
  gen_rows[5].gen_cols[16].pe_i_csa_tree_ADD_TC_OP_groupi_cdnfadd18/CO    -       CI->CO F     FA1D0          1  1.0    31    84    2711    (-,-) 
  gen_rows[5].gen_cols[16].pe_i_csa_tree_ADD_TC_OP_groupi_cdnfadd19/CO    -       CI->CO F     FA1D0          1  1.0    31    84    2796    (-,-) 
  gen_rows[5].gen_cols[16].pe_i_csa_tree_ADD_TC_OP_groupi_cdnfadd20/CO    -       CI->CO F     FA1D0          1  1.0    31    84    2880    (-,-) 
  gen_rows[5].gen_cols[16].pe_i_csa_tree_ADD_TC_OP_groupi_cdnfadd21/CO    -       CI->CO F     FA1D0          1  1.0    31    84    2965    (-,-) 
  gen_rows[5].gen_cols[16].pe_i_csa_tree_ADD_TC_OP_groupi_cdnfadd22/CO    -       CI->CO F     FA1D0          1  1.0    31    84    3049    (-,-) 
  gen_rows[5].gen_cols[16].pe_i_csa_tree_ADD_TC_OP_groupi_cdnfadd23/CO    -       CI->CO F     FA1D0          1  1.0    31    84    3134    (-,-) 
  gen_rows[5].gen_cols[16].pe_i_csa_tree_ADD_TC_OP_groupi_cdnfadd24/CO    -       CI->CO F     FA1D0          1  1.0    31    84    3218    (-,-) 
  gen_rows[5].gen_cols[16].pe_i_csa_tree_ADD_TC_OP_groupi_cdnfadd25/CO    -       CI->CO F     FA1D0          1  1.0    31    84    3303    (-,-) 
  gen_rows[5].gen_cols[16].pe_i_csa_tree_ADD_TC_OP_groupi_cdnfadd26/CO    -       CI->CO F     FA1D0          1  1.0    31    84    3387    (-,-) 
  gen_rows[5].gen_cols[16].pe_i_csa_tree_ADD_TC_OP_groupi_cdnfadd27/CO    -       CI->CO F     FA1D0          1  1.0    31    84    3472    (-,-) 
  gen_rows[5].gen_cols[16].pe_i_csa_tree_ADD_TC_OP_groupi_cdnfadd28/CO    -       CI->CO F     FA1D0          1  1.0    31    84    3556    (-,-) 
  gen_rows[5].gen_cols[16].pe_i_csa_tree_ADD_TC_OP_groupi_cdnfadd29/CO    -       CI->CO F     FA1D0          1  1.0    31    84    3641    (-,-) 
  gen_rows[5].gen_cols[16].pe_i_csa_tree_ADD_TC_OP_groupi_cdnfadd30/CO    -       CI->CO F     FA1D0          1  0.8    29    82    3723    (-,-) 
  gen_rows[5].gen_cols[16].pe_i_csa_tree_ADD_TC_OP_groupi_cdnfadd1039/Z   -       A3->Z  R     XOR3D0         1  1.1    35   101    3824    (-,-) 
  g103687/ZN                                                              -       B2->ZN F     AOI22D1        1  0.9    49    40    3864    (-,-) 
  g102397/ZN                                                              -       A2->ZN R     NR2XD0         1  1.0    43    40    3904    (-,-) 
  gen_rows[5].gen_cols[16].pe_i_acc_reg[31]/D                             -       -      R     DFCNQD1        1    -     -     0    3904    (-,-) 
#-------------------------------------------------------------------------------------------------------------------------------------------------

Capture clock path:
#----------------------------------------------------------------------------------------------------------------------
#                Timing Point                  Flags   Arc   Edge   Cell      Fanout Load Trans Delay Arrival Instance 
#                                                                                    (fF)  (ps)  (ps)   (ps)  Location 
#----------------------------------------------------------------------------------------------------------------------
  clk                                          (i)     -     R     (arrival)  123413  0.0     0     0    5000    (-,-) 
  gen_rows[5].gen_cols[16].pe_i_acc_reg[31]/CP <<<     -     R     DFCNQD1    123413    -     0     0    5000    (-,-) 
#----------------------------------------------------------------------------------------------------------------------



Path 7: MET (1061 ps) Setup Check with Pin gen_rows[6].gen_cols[11].pe_i_acc_reg[31]/CP->D
          Group: clk
     Startpoint: (R) activation_in[50]
          Clock: (R) clk
       Endpoint: (R) gen_rows[6].gen_cols[11].pe_i_acc_reg[31]/D
          Clock: (R) clk

                     Capture       Launch     
        Clock Edge:+    5000            0     
        Drv Adjust:+       0            0     
       Src Latency:+       0            0     
       Net Latency:+       0 (I)        0 (I) 
           Arrival:=    5000            0     
                                              
             Setup:-      36                  
     Required Time:=    4964                  
      Launch Clock:-       0                  
       Input Delay:-     500                  
         Data Path:-    3404                  
             Slack:=    1061                  

Exceptions/Constraints:
  input_delay             500             in_del_16_1   

#-------------------------------------------------------------------------------------------------------------------------------------------------
#                              Timing Point                               Flags    Arc   Edge   Cell     Fanout Load Trans Delay Arrival Instance 
#                                                                                                               (fF)  (ps)  (ps)   (ps)  Location 
#-------------------------------------------------------------------------------------------------------------------------------------------------
  activation_in[50]                                                       -       -      R     (arrival)     33 52.2     0     0     500    (-,-) 
  hi_fo_buf86453/Z                                                        -       I->Z   R     CKBD1          2  3.8    39    40     540    (-,-) 
  hi_fo_buf86452/Z                                                        -       I->Z   R     DEL005        17 26.6   223   174     714    (-,-) 
  hi_fo_buf86451/Z                                                        -       I->Z   R     CKBD1          2  4.0    45    85     800    (-,-) 
  hi_fo_buf86446/Z                                                        -       I->Z   R     DEL005        16 25.6   215   172     971    (-,-) 
  gen_rows[6].gen_cols[11].pe_i_csa_tree_ADD_TC_OP_groupi_g987/ZN         -       S->ZN  F     MUX2ND0        2  2.1    88   121    1092    (-,-) 
  gen_rows[6].gen_cols[11].pe_i_csa_tree_ADD_TC_OP_groupi_g916/ZN         -       B2->ZN R     OAI22D1        1  1.1    78    73    1165    (-,-) 
  gen_rows[6].gen_cols[11].pe_i_csa_tree_ADD_TC_OP_groupi_cdnfadd_006_1/S -       CI->S  R     FA1D0          1  2.0    48   130    1295    (-,-) 
  g11619/S                                                                -       D->S   F     CMPE42D1       1  1.9    34   193    1488    (-,-) 
  gen_rows[6].gen_cols[11].pe_i_csa_tree_ADD_TC_OP_groupi_cdnfadd6/CO     -       B->CO  F     FA1D0          1  1.0    31   124    1612    (-,-) 
  gen_rows[6].gen_cols[11].pe_i_csa_tree_ADD_TC_OP_groupi_cdnfadd7/CO     -       CI->CO F     FA1D0          1  1.0    31    84    1696    (-,-) 
  gen_rows[6].gen_cols[11].pe_i_csa_tree_ADD_TC_OP_groupi_cdnfadd8/CO     -       CI->CO F     FA1D0          1  1.0    31    84    1781    (-,-) 
  gen_rows[6].gen_cols[11].pe_i_csa_tree_ADD_TC_OP_groupi_cdnfadd9/CO     -       CI->CO F     FA1D0          1  1.0    31    84    1865    (-,-) 
  gen_rows[6].gen_cols[11].pe_i_csa_tree_ADD_TC_OP_groupi_cdnfadd10/CO    -       CI->CO F     FA1D0          1  1.0    31    84    1950    (-,-) 
  gen_rows[6].gen_cols[11].pe_i_csa_tree_ADD_TC_OP_groupi_cdnfadd11/CO    -       CI->CO F     FA1D0          1  1.9    40    92    2042    (-,-) 
  g11616/CO                                                               -       D->CO  F     CMPE42D1       1  1.0    26   121    2163    (-,-) 
  gen_rows[6].gen_cols[11].pe_i_csa_tree_ADD_TC_OP_groupi_cdnfadd13/CO    -       CI->CO F     FA1D0          1  1.9    40    91    2254    (-,-) 
  g11615/CO                                                               -       D->CO  F     CMPE42D1       1  1.0    26   121    2375    (-,-) 
  gen_rows[6].gen_cols[11].pe_i_csa_tree_ADD_TC_OP_groupi_cdnfadd15/CO    -       CI->CO F     FA1D0          1  1.0    31    83    2458    (-,-) 
  gen_rows[6].gen_cols[11].pe_i_csa_tree_ADD_TC_OP_groupi_cdnfadd16/CO    -       CI->CO F     FA1D0          1  1.0    31    84    2542    (-,-) 
  gen_rows[6].gen_cols[11].pe_i_csa_tree_ADD_TC_OP_groupi_cdnfadd17/CO    -       CI->CO F     FA1D0          1  1.0    31    84    2627    (-,-) 
  gen_rows[6].gen_cols[11].pe_i_csa_tree_ADD_TC_OP_groupi_cdnfadd18/CO    -       CI->CO F     FA1D0          1  1.0    31    84    2711    (-,-) 
  gen_rows[6].gen_cols[11].pe_i_csa_tree_ADD_TC_OP_groupi_cdnfadd19/CO    -       CI->CO F     FA1D0          1  1.0    31    84    2796    (-,-) 
  gen_rows[6].gen_cols[11].pe_i_csa_tree_ADD_TC_OP_groupi_cdnfadd20/CO    -       CI->CO F     FA1D0          1  1.0    31    84    2880    (-,-) 
  gen_rows[6].gen_cols[11].pe_i_csa_tree_ADD_TC_OP_groupi_cdnfadd21/CO    -       CI->CO F     FA1D0          1  1.0    31    84    2965    (-,-) 
  gen_rows[6].gen_cols[11].pe_i_csa_tree_ADD_TC_OP_groupi_cdnfadd22/CO    -       CI->CO F     FA1D0          1  1.0    31    84    3049    (-,-) 
  gen_rows[6].gen_cols[11].pe_i_csa_tree_ADD_TC_OP_groupi_cdnfadd23/CO    -       CI->CO F     FA1D0          1  1.0    31    84    3134    (-,-) 
  gen_rows[6].gen_cols[11].pe_i_csa_tree_ADD_TC_OP_groupi_cdnfadd24/CO    -       CI->CO F     FA1D0          1  1.0    31    84    3218    (-,-) 
  gen_rows[6].gen_cols[11].pe_i_csa_tree_ADD_TC_OP_groupi_cdnfadd25/CO    -       CI->CO F     FA1D0          1  1.0    31    84    3303    (-,-) 
  gen_rows[6].gen_cols[11].pe_i_csa_tree_ADD_TC_OP_groupi_cdnfadd26/CO    -       CI->CO F     FA1D0          1  1.0    31    84    3387    (-,-) 
  gen_rows[6].gen_cols[11].pe_i_csa_tree_ADD_TC_OP_groupi_cdnfadd27/CO    -       CI->CO F     FA1D0          1  1.0    31    84    3472    (-,-) 
  gen_rows[6].gen_cols[11].pe_i_csa_tree_ADD_TC_OP_groupi_cdnfadd28/CO    -       CI->CO F     FA1D0          1  1.0    31    84    3556    (-,-) 
  gen_rows[6].gen_cols[11].pe_i_csa_tree_ADD_TC_OP_groupi_cdnfadd29/CO    -       CI->CO F     FA1D0          1  1.0    31    84    3641    (-,-) 
  gen_rows[6].gen_cols[11].pe_i_csa_tree_ADD_TC_OP_groupi_cdnfadd30/CO    -       CI->CO F     FA1D0          1  0.8    29    82    3723    (-,-) 
  gen_rows[6].gen_cols[11].pe_i_csa_tree_ADD_TC_OP_groupi_cdnfadd1039/Z   -       A3->Z  R     XOR3D0         1  1.1    35   101    3824    (-,-) 
  g21685/ZN                                                               -       B2->ZN F     AOI22D1        1  0.9    49    40    3864    (-,-) 
  g21684/ZN                                                               -       A2->ZN R     NR2XD0         1  1.0    42    40    3904    (-,-) 
  gen_rows[6].gen_cols[11].pe_i_acc_reg[31]/D                             -       -      R     DFCNQD1        1    -     -     0    3904    (-,-) 
#-------------------------------------------------------------------------------------------------------------------------------------------------

Capture clock path:
#----------------------------------------------------------------------------------------------------------------------
#                Timing Point                  Flags   Arc   Edge   Cell      Fanout Load Trans Delay Arrival Instance 
#                                                                                    (fF)  (ps)  (ps)   (ps)  Location 
#----------------------------------------------------------------------------------------------------------------------
  clk                                          (i)     -     R     (arrival)  123413  0.0     0     0    5000    (-,-) 
  gen_rows[6].gen_cols[11].pe_i_acc_reg[31]/CP <<<     -     R     DFCNQD1    123413    -     0     0    5000    (-,-) 
#----------------------------------------------------------------------------------------------------------------------



Path 8: MET (1061 ps) Setup Check with Pin gen_rows[6].gen_cols[4].pe_i_acc_reg[31]/CP->D
          Group: clk
     Startpoint: (R) activation_in[50]
          Clock: (R) clk
       Endpoint: (R) gen_rows[6].gen_cols[4].pe_i_acc_reg[31]/D
          Clock: (R) clk

                     Capture       Launch     
        Clock Edge:+    5000            0     
        Drv Adjust:+       0            0     
       Src Latency:+       0            0     
       Net Latency:+       0 (I)        0 (I) 
           Arrival:=    5000            0     
                                              
             Setup:-      36                  
     Required Time:=    4964                  
      Launch Clock:-       0                  
       Input Delay:-     500                  
         Data Path:-    3404                  
             Slack:=    1061                  

Exceptions/Constraints:
  input_delay             500             in_del_16_1   

#------------------------------------------------------------------------------------------------------------------------------------------------
#                             Timing Point                               Flags    Arc   Edge   Cell     Fanout Load Trans Delay Arrival Instance 
#                                                                                                              (fF)  (ps)  (ps)   (ps)  Location 
#------------------------------------------------------------------------------------------------------------------------------------------------
  activation_in[50]                                                      -       -      R     (arrival)     33 52.2     0     0     500    (-,-) 
  hi_fo_buf86453/Z                                                       -       I->Z   R     CKBD1          2  3.8    39    40     540    (-,-) 
  hi_fo_buf86452/Z                                                       -       I->Z   R     DEL005        17 26.6   223   174     714    (-,-) 
  hi_fo_buf86451/Z                                                       -       I->Z   R     CKBD1          2  4.0    45    85     800    (-,-) 
  hi_fo_buf86446/Z                                                       -       I->Z   R     DEL005        16 25.6   215   172     971    (-,-) 
  gen_rows[6].gen_cols[4].pe_i_csa_tree_ADD_TC_OP_groupi_g987/ZN         -       S->ZN  F     MUX2ND0        2  2.1    88   121    1092    (-,-) 
  gen_rows[6].gen_cols[4].pe_i_csa_tree_ADD_TC_OP_groupi_g916/ZN         -       B2->ZN R     OAI22D1        1  1.1    78    73    1165    (-,-) 
  gen_rows[6].gen_cols[4].pe_i_csa_tree_ADD_TC_OP_groupi_cdnfadd_006_1/S -       CI->S  R     FA1D0          1  2.0    48   130    1295    (-,-) 
  g11601/S                                                               -       D->S   F     CMPE42D1       1  1.9    34   193    1488    (-,-) 
  gen_rows[6].gen_cols[4].pe_i_csa_tree_ADD_TC_OP_groupi_cdnfadd6/CO     -       B->CO  F     FA1D0          1  1.0    31   124    1612    (-,-) 
  gen_rows[6].gen_cols[4].pe_i_csa_tree_ADD_TC_OP_groupi_cdnfadd7/CO     -       CI->CO F     FA1D0          1  1.0    31    84    1696    (-,-) 
  gen_rows[6].gen_cols[4].pe_i_csa_tree_ADD_TC_OP_groupi_cdnfadd8/CO     -       CI->CO F     FA1D0          1  1.0    31    84    1781    (-,-) 
  gen_rows[6].gen_cols[4].pe_i_csa_tree_ADD_TC_OP_groupi_cdnfadd9/CO     -       CI->CO F     FA1D0          1  1.0    31    84    1865    (-,-) 
  gen_rows[6].gen_cols[4].pe_i_csa_tree_ADD_TC_OP_groupi_cdnfadd10/CO    -       CI->CO F     FA1D0          1  1.0    31    84    1950    (-,-) 
  gen_rows[6].gen_cols[4].pe_i_csa_tree_ADD_TC_OP_groupi_cdnfadd11/CO    -       CI->CO F     FA1D0          1  1.9    40    92    2042    (-,-) 
  g11598/CO                                                              -       D->CO  F     CMPE42D1       1  1.0    26   121    2163    (-,-) 
  gen_rows[6].gen_cols[4].pe_i_csa_tree_ADD_TC_OP_groupi_cdnfadd13/CO    -       CI->CO F     FA1D0          1  1.9    40    91    2254    (-,-) 
  g11597/CO                                                              -       D->CO  F     CMPE42D1       1  1.0    26   121    2375    (-,-) 
  gen_rows[6].gen_cols[4].pe_i_csa_tree_ADD_TC_OP_groupi_cdnfadd15/CO    -       CI->CO F     FA1D0          1  1.0    31    83    2458    (-,-) 
  gen_rows[6].gen_cols[4].pe_i_csa_tree_ADD_TC_OP_groupi_cdnfadd16/CO    -       CI->CO F     FA1D0          1  1.0    31    84    2542    (-,-) 
  gen_rows[6].gen_cols[4].pe_i_csa_tree_ADD_TC_OP_groupi_cdnfadd17/CO    -       CI->CO F     FA1D0          1  1.0    31    84    2627    (-,-) 
  gen_rows[6].gen_cols[4].pe_i_csa_tree_ADD_TC_OP_groupi_cdnfadd18/CO    -       CI->CO F     FA1D0          1  1.0    31    84    2711    (-,-) 
  gen_rows[6].gen_cols[4].pe_i_csa_tree_ADD_TC_OP_groupi_cdnfadd19/CO    -       CI->CO F     FA1D0          1  1.0    31    84    2796    (-,-) 
  gen_rows[6].gen_cols[4].pe_i_csa_tree_ADD_TC_OP_groupi_cdnfadd20/CO    -       CI->CO F     FA1D0          1  1.0    31    84    2880    (-,-) 
  gen_rows[6].gen_cols[4].pe_i_csa_tree_ADD_TC_OP_groupi_cdnfadd21/CO    -       CI->CO F     FA1D0          1  1.0    31    84    2965    (-,-) 
  gen_rows[6].gen_cols[4].pe_i_csa_tree_ADD_TC_OP_groupi_cdnfadd22/CO    -       CI->CO F     FA1D0          1  1.0    31    84    3049    (-,-) 
  gen_rows[6].gen_cols[4].pe_i_csa_tree_ADD_TC_OP_groupi_cdnfadd23/CO    -       CI->CO F     FA1D0          1  1.0    31    84    3134    (-,-) 
  gen_rows[6].gen_cols[4].pe_i_csa_tree_ADD_TC_OP_groupi_cdnfadd24/CO    -       CI->CO F     FA1D0          1  1.0    31    84    3218    (-,-) 
  gen_rows[6].gen_cols[4].pe_i_csa_tree_ADD_TC_OP_groupi_cdnfadd25/CO    -       CI->CO F     FA1D0          1  1.0    31    84    3303    (-,-) 
  gen_rows[6].gen_cols[4].pe_i_csa_tree_ADD_TC_OP_groupi_cdnfadd26/CO    -       CI->CO F     FA1D0          1  1.0    31    84    3387    (-,-) 
  gen_rows[6].gen_cols[4].pe_i_csa_tree_ADD_TC_OP_groupi_cdnfadd27/CO    -       CI->CO F     FA1D0          1  1.0    31    84    3472    (-,-) 
  gen_rows[6].gen_cols[4].pe_i_csa_tree_ADD_TC_OP_groupi_cdnfadd28/CO    -       CI->CO F     FA1D0          1  1.0    31    84    3556    (-,-) 
  gen_rows[6].gen_cols[4].pe_i_csa_tree_ADD_TC_OP_groupi_cdnfadd29/CO    -       CI->CO F     FA1D0          1  1.0    31    84    3641    (-,-) 
  gen_rows[6].gen_cols[4].pe_i_csa_tree_ADD_TC_OP_groupi_cdnfadd30/CO    -       CI->CO F     FA1D0          1  0.8    29    82    3723    (-,-) 
  gen_rows[6].gen_cols[4].pe_i_csa_tree_ADD_TC_OP_groupi_cdnfadd1039/Z   -       A3->Z  R     XOR3D0         1  1.1    35   101    3824    (-,-) 
  g21621/ZN                                                              -       B2->ZN F     AOI22D1        1  0.9    49    40    3864    (-,-) 
  g21620/ZN                                                              -       A2->ZN R     NR2XD0         1  1.0    42    40    3904    (-,-) 
  gen_rows[6].gen_cols[4].pe_i_acc_reg[31]/D                             -       -      R     DFCNQD1        1    -     -     0    3904    (-,-) 
#------------------------------------------------------------------------------------------------------------------------------------------------

Capture clock path:
#---------------------------------------------------------------------------------------------------------------------
#                Timing Point                 Flags   Arc   Edge   Cell      Fanout Load Trans Delay Arrival Instance 
#                                                                                   (fF)  (ps)  (ps)   (ps)  Location 
#---------------------------------------------------------------------------------------------------------------------
  clk                                         (i)     -     R     (arrival)  123413  0.0     0     0    5000    (-,-) 
  gen_rows[6].gen_cols[4].pe_i_acc_reg[31]/CP <<<     -     R     DFCNQD1    123413    -     0     0    5000    (-,-) 
#---------------------------------------------------------------------------------------------------------------------



Path 9: MET (1061 ps) Setup Check with Pin gen_rows[6].gen_cols[28].pe_i_acc_reg[31]/CP->D
          Group: clk
     Startpoint: (R) activation_in[50]
          Clock: (R) clk
       Endpoint: (R) gen_rows[6].gen_cols[28].pe_i_acc_reg[31]/D
          Clock: (R) clk

                     Capture       Launch     
        Clock Edge:+    5000            0     
        Drv Adjust:+       0            0     
       Src Latency:+       0            0     
       Net Latency:+       0 (I)        0 (I) 
           Arrival:=    5000            0     
                                              
             Setup:-      36                  
     Required Time:=    4964                  
      Launch Clock:-       0                  
       Input Delay:-     500                  
         Data Path:-    3404                  
             Slack:=    1061                  

Exceptions/Constraints:
  input_delay             500             in_del_16_1   

#-------------------------------------------------------------------------------------------------------------------------------------------------
#                              Timing Point                               Flags    Arc   Edge   Cell     Fanout Load Trans Delay Arrival Instance 
#                                                                                                               (fF)  (ps)  (ps)   (ps)  Location 
#-------------------------------------------------------------------------------------------------------------------------------------------------
  activation_in[50]                                                       -       -      R     (arrival)     33 52.2     0     0     500    (-,-) 
  hi_fo_buf86453/Z                                                        -       I->Z   R     CKBD1          2  3.8    39    40     540    (-,-) 
  hi_fo_buf86452/Z                                                        -       I->Z   R     DEL005        17 26.6   223   174     714    (-,-) 
  hi_fo_buf86451/Z                                                        -       I->Z   R     CKBD1          2  4.0    45    85     800    (-,-) 
  hi_fo_buf86446/Z                                                        -       I->Z   R     DEL005        16 25.6   215   172     971    (-,-) 
  gen_rows[6].gen_cols[28].pe_i_csa_tree_ADD_TC_OP_groupi_g987/ZN         -       S->ZN  F     MUX2ND0        2  2.1    88   121    1092    (-,-) 
  gen_rows[6].gen_cols[28].pe_i_csa_tree_ADD_TC_OP_groupi_g916/ZN         -       B2->ZN R     OAI22D1        1  1.1    78    73    1165    (-,-) 
  gen_rows[6].gen_cols[28].pe_i_csa_tree_ADD_TC_OP_groupi_cdnfadd_006_1/S -       CI->S  R     FA1D0          1  2.0    48   130    1295    (-,-) 
  g11469/S                                                                -       D->S   F     CMPE42D1       1  1.9    34   193    1488    (-,-) 
  gen_rows[6].gen_cols[28].pe_i_csa_tree_ADD_TC_OP_groupi_cdnfadd6/CO     -       B->CO  F     FA1D0          1  1.0    31   124    1612    (-,-) 
  gen_rows[6].gen_cols[28].pe_i_csa_tree_ADD_TC_OP_groupi_cdnfadd7/CO     -       CI->CO F     FA1D0          1  1.0    31    84    1696    (-,-) 
  gen_rows[6].gen_cols[28].pe_i_csa_tree_ADD_TC_OP_groupi_cdnfadd8/CO     -       CI->CO F     FA1D0          1  1.0    31    84    1781    (-,-) 
  gen_rows[6].gen_cols[28].pe_i_csa_tree_ADD_TC_OP_groupi_cdnfadd9/CO     -       CI->CO F     FA1D0          1  1.0    31    84    1865    (-,-) 
  gen_rows[6].gen_cols[28].pe_i_csa_tree_ADD_TC_OP_groupi_cdnfadd10/CO    -       CI->CO F     FA1D0          1  1.0    31    84    1950    (-,-) 
  gen_rows[6].gen_cols[28].pe_i_csa_tree_ADD_TC_OP_groupi_cdnfadd11/CO    -       CI->CO F     FA1D0          1  1.9    40    92    2042    (-,-) 
  g11466/CO                                                               -       D->CO  F     CMPE42D1       1  1.0    26   121    2163    (-,-) 
  gen_rows[6].gen_cols[28].pe_i_csa_tree_ADD_TC_OP_groupi_cdnfadd13/CO    -       CI->CO F     FA1D0          1  1.9    40    91    2254    (-,-) 
  g11465/CO                                                               -       D->CO  F     CMPE42D1       1  1.0    26   121    2375    (-,-) 
  gen_rows[6].gen_cols[28].pe_i_csa_tree_ADD_TC_OP_groupi_cdnfadd15/CO    -       CI->CO F     FA1D0          1  1.0    31    83    2458    (-,-) 
  gen_rows[6].gen_cols[28].pe_i_csa_tree_ADD_TC_OP_groupi_cdnfadd16/CO    -       CI->CO F     FA1D0          1  1.0    31    84    2542    (-,-) 
  gen_rows[6].gen_cols[28].pe_i_csa_tree_ADD_TC_OP_groupi_cdnfadd17/CO    -       CI->CO F     FA1D0          1  1.0    31    84    2627    (-,-) 
  gen_rows[6].gen_cols[28].pe_i_csa_tree_ADD_TC_OP_groupi_cdnfadd18/CO    -       CI->CO F     FA1D0          1  1.0    31    84    2711    (-,-) 
  gen_rows[6].gen_cols[28].pe_i_csa_tree_ADD_TC_OP_groupi_cdnfadd19/CO    -       CI->CO F     FA1D0          1  1.0    31    84    2796    (-,-) 
  gen_rows[6].gen_cols[28].pe_i_csa_tree_ADD_TC_OP_groupi_cdnfadd20/CO    -       CI->CO F     FA1D0          1  1.0    31    84    2880    (-,-) 
  gen_rows[6].gen_cols[28].pe_i_csa_tree_ADD_TC_OP_groupi_cdnfadd21/CO    -       CI->CO F     FA1D0          1  1.0    31    84    2965    (-,-) 
  gen_rows[6].gen_cols[28].pe_i_csa_tree_ADD_TC_OP_groupi_cdnfadd22/CO    -       CI->CO F     FA1D0          1  1.0    31    84    3049    (-,-) 
  gen_rows[6].gen_cols[28].pe_i_csa_tree_ADD_TC_OP_groupi_cdnfadd23/CO    -       CI->CO F     FA1D0          1  1.0    31    84    3134    (-,-) 
  gen_rows[6].gen_cols[28].pe_i_csa_tree_ADD_TC_OP_groupi_cdnfadd24/CO    -       CI->CO F     FA1D0          1  1.0    31    84    3218    (-,-) 
  gen_rows[6].gen_cols[28].pe_i_csa_tree_ADD_TC_OP_groupi_cdnfadd25/CO    -       CI->CO F     FA1D0          1  1.0    31    84    3303    (-,-) 
  gen_rows[6].gen_cols[28].pe_i_csa_tree_ADD_TC_OP_groupi_cdnfadd26/CO    -       CI->CO F     FA1D0          1  1.0    31    84    3387    (-,-) 
  gen_rows[6].gen_cols[28].pe_i_csa_tree_ADD_TC_OP_groupi_cdnfadd27/CO    -       CI->CO F     FA1D0          1  1.0    31    84    3472    (-,-) 
  gen_rows[6].gen_cols[28].pe_i_csa_tree_ADD_TC_OP_groupi_cdnfadd28/CO    -       CI->CO F     FA1D0          1  1.0    31    84    3556    (-,-) 
  gen_rows[6].gen_cols[28].pe_i_csa_tree_ADD_TC_OP_groupi_cdnfadd29/CO    -       CI->CO F     FA1D0          1  1.0    31    84    3641    (-,-) 
  gen_rows[6].gen_cols[28].pe_i_csa_tree_ADD_TC_OP_groupi_cdnfadd30/CO    -       CI->CO F     FA1D0          1  0.8    29    82    3723    (-,-) 
  gen_rows[6].gen_cols[28].pe_i_csa_tree_ADD_TC_OP_groupi_cdnfadd1039/Z   -       A3->Z  R     XOR3D0         1  1.1    35   101    3824    (-,-) 
  g22003/ZN                                                               -       B2->ZN F     AOI22D1        1  0.9    49    40    3864    (-,-) 
  g22002/ZN                                                               -       A2->ZN R     NR2XD0         1  1.0    42    40    3904    (-,-) 
  gen_rows[6].gen_cols[28].pe_i_acc_reg[31]/D                             -       -      R     DFCNQD1        1    -     -     0    3904    (-,-) 
#-------------------------------------------------------------------------------------------------------------------------------------------------

Capture clock path:
#----------------------------------------------------------------------------------------------------------------------
#                Timing Point                  Flags   Arc   Edge   Cell      Fanout Load Trans Delay Arrival Instance 
#                                                                                    (fF)  (ps)  (ps)   (ps)  Location 
#----------------------------------------------------------------------------------------------------------------------
  clk                                          (i)     -     R     (arrival)  123413  0.0     0     0    5000    (-,-) 
  gen_rows[6].gen_cols[28].pe_i_acc_reg[31]/CP <<<     -     R     DFCNQD1    123413    -     0     0    5000    (-,-) 
#----------------------------------------------------------------------------------------------------------------------



Path 10: MET (1061 ps) Setup Check with Pin gen_rows[6].gen_cols[31].pe_i_acc_reg[31]/CP->D
          Group: clk
     Startpoint: (R) activation_in[50]
          Clock: (R) clk
       Endpoint: (R) gen_rows[6].gen_cols[31].pe_i_acc_reg[31]/D
          Clock: (R) clk

                     Capture       Launch     
        Clock Edge:+    5000            0     
        Drv Adjust:+       0            0     
       Src Latency:+       0            0     
       Net Latency:+       0 (I)        0 (I) 
           Arrival:=    5000            0     
                                              
             Setup:-      36                  
     Required Time:=    4964                  
      Launch Clock:-       0                  
       Input Delay:-     500                  
         Data Path:-    3404                  
             Slack:=    1061                  

Exceptions/Constraints:
  input_delay             500             in_del_16_1   

#-------------------------------------------------------------------------------------------------------------------------------------------------
#                              Timing Point                               Flags    Arc   Edge   Cell     Fanout Load Trans Delay Arrival Instance 
#                                                                                                               (fF)  (ps)  (ps)   (ps)  Location 
#-------------------------------------------------------------------------------------------------------------------------------------------------
  activation_in[50]                                                       -       -      R     (arrival)     33 52.2     0     0     500    (-,-) 
  hi_fo_buf86453/Z                                                        -       I->Z   R     CKBD1          2  3.8    39    40     540    (-,-) 
  hi_fo_buf86452/Z                                                        -       I->Z   R     DEL005        17 26.6   223   174     714    (-,-) 
  hi_fo_buf86451/Z                                                        -       I->Z   R     CKBD1          2  4.0    45    85     800    (-,-) 
  hi_fo_buf86446/Z                                                        -       I->Z   R     DEL005        16 25.6   215   172     971    (-,-) 
  gen_rows[6].gen_cols[31].pe_i_csa_tree_ADD_TC_OP_groupi_g987/ZN         -       S->ZN  F     MUX2ND0        2  2.1    88   121    1092    (-,-) 
  gen_rows[6].gen_cols[31].pe_i_csa_tree_ADD_TC_OP_groupi_g916/ZN         -       B2->ZN R     OAI22D1        1  1.1    78    73    1165    (-,-) 
  gen_rows[6].gen_cols[31].pe_i_csa_tree_ADD_TC_OP_groupi_cdnfadd_006_1/S -       CI->S  R     FA1D0          1  2.0    48   130    1295    (-,-) 
  g11451/S                                                                -       D->S   F     CMPE42D1       1  1.9    34   193    1488    (-,-) 
  gen_rows[6].gen_cols[31].pe_i_csa_tree_ADD_TC_OP_groupi_cdnfadd6/CO     -       B->CO  F     FA1D0          1  1.0    31   124    1612    (-,-) 
  gen_rows[6].gen_cols[31].pe_i_csa_tree_ADD_TC_OP_groupi_cdnfadd7/CO     -       CI->CO F     FA1D0          1  1.0    31    84    1696    (-,-) 
  gen_rows[6].gen_cols[31].pe_i_csa_tree_ADD_TC_OP_groupi_cdnfadd8/CO     -       CI->CO F     FA1D0          1  1.0    31    84    1781    (-,-) 
  gen_rows[6].gen_cols[31].pe_i_csa_tree_ADD_TC_OP_groupi_cdnfadd9/CO     -       CI->CO F     FA1D0          1  1.0    31    84    1865    (-,-) 
  gen_rows[6].gen_cols[31].pe_i_csa_tree_ADD_TC_OP_groupi_cdnfadd10/CO    -       CI->CO F     FA1D0          1  1.0    31    84    1950    (-,-) 
  gen_rows[6].gen_cols[31].pe_i_csa_tree_ADD_TC_OP_groupi_cdnfadd11/CO    -       CI->CO F     FA1D0          1  1.9    40    92    2042    (-,-) 
  g11448/CO                                                               -       D->CO  F     CMPE42D1       1  1.0    26   121    2163    (-,-) 
  gen_rows[6].gen_cols[31].pe_i_csa_tree_ADD_TC_OP_groupi_cdnfadd13/CO    -       CI->CO F     FA1D0          1  1.9    40    91    2254    (-,-) 
  g11447/CO                                                               -       D->CO  F     CMPE42D1       1  1.0    26   121    2375    (-,-) 
  gen_rows[6].gen_cols[31].pe_i_csa_tree_ADD_TC_OP_groupi_cdnfadd15/CO    -       CI->CO F     FA1D0          1  1.0    31    83    2458    (-,-) 
  gen_rows[6].gen_cols[31].pe_i_csa_tree_ADD_TC_OP_groupi_cdnfadd16/CO    -       CI->CO F     FA1D0          1  1.0    31    84    2542    (-,-) 
  gen_rows[6].gen_cols[31].pe_i_csa_tree_ADD_TC_OP_groupi_cdnfadd17/CO    -       CI->CO F     FA1D0          1  1.0    31    84    2627    (-,-) 
  gen_rows[6].gen_cols[31].pe_i_csa_tree_ADD_TC_OP_groupi_cdnfadd18/CO    -       CI->CO F     FA1D0          1  1.0    31    84    2711    (-,-) 
  gen_rows[6].gen_cols[31].pe_i_csa_tree_ADD_TC_OP_groupi_cdnfadd19/CO    -       CI->CO F     FA1D0          1  1.0    31    84    2796    (-,-) 
  gen_rows[6].gen_cols[31].pe_i_csa_tree_ADD_TC_OP_groupi_cdnfadd20/CO    -       CI->CO F     FA1D0          1  1.0    31    84    2880    (-,-) 
  gen_rows[6].gen_cols[31].pe_i_csa_tree_ADD_TC_OP_groupi_cdnfadd21/CO    -       CI->CO F     FA1D0          1  1.0    31    84    2965    (-,-) 
  gen_rows[6].gen_cols[31].pe_i_csa_tree_ADD_TC_OP_groupi_cdnfadd22/CO    -       CI->CO F     FA1D0          1  1.0    31    84    3049    (-,-) 
  gen_rows[6].gen_cols[31].pe_i_csa_tree_ADD_TC_OP_groupi_cdnfadd23/CO    -       CI->CO F     FA1D0          1  1.0    31    84    3134    (-,-) 
  gen_rows[6].gen_cols[31].pe_i_csa_tree_ADD_TC_OP_groupi_cdnfadd24/CO    -       CI->CO F     FA1D0          1  1.0    31    84    3218    (-,-) 
  gen_rows[6].gen_cols[31].pe_i_csa_tree_ADD_TC_OP_groupi_cdnfadd25/CO    -       CI->CO F     FA1D0          1  1.0    31    84    3303    (-,-) 
  gen_rows[6].gen_cols[31].pe_i_csa_tree_ADD_TC_OP_groupi_cdnfadd26/CO    -       CI->CO F     FA1D0          1  1.0    31    84    3387    (-,-) 
  gen_rows[6].gen_cols[31].pe_i_csa_tree_ADD_TC_OP_groupi_cdnfadd27/CO    -       CI->CO F     FA1D0          1  1.0    31    84    3472    (-,-) 
  gen_rows[6].gen_cols[31].pe_i_csa_tree_ADD_TC_OP_groupi_cdnfadd28/CO    -       CI->CO F     FA1D0          1  1.0    31    84    3556    (-,-) 
  gen_rows[6].gen_cols[31].pe_i_csa_tree_ADD_TC_OP_groupi_cdnfadd29/CO    -       CI->CO F     FA1D0          1  1.0    31    84    3641    (-,-) 
  gen_rows[6].gen_cols[31].pe_i_csa_tree_ADD_TC_OP_groupi_cdnfadd30/CO    -       CI->CO F     FA1D0          1  0.8    29    82    3723    (-,-) 
  gen_rows[6].gen_cols[31].pe_i_csa_tree_ADD_TC_OP_groupi_cdnfadd1039/Z   -       A3->Z  R     XOR3D0         1  1.1    35   101    3824    (-,-) 
  g22067/ZN                                                               -       B2->ZN F     AOI22D1        1  0.9    49    40    3864    (-,-) 
  g22066/ZN                                                               -       A2->ZN R     NR2XD0         1  1.0    42    40    3904    (-,-) 
  gen_rows[6].gen_cols[31].pe_i_acc_reg[31]/D                             -       -      R     DFCNQD1        1    -     -     0    3904    (-,-) 
#-------------------------------------------------------------------------------------------------------------------------------------------------

Capture clock path:
#----------------------------------------------------------------------------------------------------------------------
#                Timing Point                  Flags   Arc   Edge   Cell      Fanout Load Trans Delay Arrival Instance 
#                                                                                    (fF)  (ps)  (ps)   (ps)  Location 
#----------------------------------------------------------------------------------------------------------------------
  clk                                          (i)     -     R     (arrival)  123413  0.0     0     0    5000    (-,-) 
  gen_rows[6].gen_cols[31].pe_i_acc_reg[31]/CP <<<     -     R     DFCNQD1    123413    -     0     0    5000    (-,-) 
#----------------------------------------------------------------------------------------------------------------------



Path 11: MET (1061 ps) Setup Check with Pin gen_rows[6].gen_cols[22].pe_i_acc_reg[31]/CP->D
          Group: clk
     Startpoint: (R) activation_in[50]
          Clock: (R) clk
       Endpoint: (R) gen_rows[6].gen_cols[22].pe_i_acc_reg[31]/D
          Clock: (R) clk

                     Capture       Launch     
        Clock Edge:+    5000            0     
        Drv Adjust:+       0            0     
       Src Latency:+       0            0     
       Net Latency:+       0 (I)        0 (I) 
           Arrival:=    5000            0     
                                              
             Setup:-      36                  
     Required Time:=    4964                  
      Launch Clock:-       0                  
       Input Delay:-     500                  
         Data Path:-    3404                  
             Slack:=    1061                  

Exceptions/Constraints:
  input_delay             500             in_del_16_1   

#-------------------------------------------------------------------------------------------------------------------------------------------------
#                              Timing Point                               Flags    Arc   Edge   Cell     Fanout Load Trans Delay Arrival Instance 
#                                                                                                               (fF)  (ps)  (ps)   (ps)  Location 
#-------------------------------------------------------------------------------------------------------------------------------------------------
  activation_in[50]                                                       -       -      R     (arrival)     33 52.2     0     0     500    (-,-) 
  hi_fo_buf86453/Z                                                        -       I->Z   R     CKBD1          2  3.8    39    40     540    (-,-) 
  hi_fo_buf86452/Z                                                        -       I->Z   R     DEL005        17 26.6   223   174     714    (-,-) 
  hi_fo_buf86451/Z                                                        -       I->Z   R     CKBD1          2  4.0    45    85     800    (-,-) 
  hi_fo_buf86446/Z                                                        -       I->Z   R     DEL005        16 25.6   215   172     971    (-,-) 
  gen_rows[6].gen_cols[22].pe_i_csa_tree_ADD_TC_OP_groupi_g987/ZN         -       S->ZN  F     MUX2ND0        2  2.1    88   121    1092    (-,-) 
  gen_rows[6].gen_cols[22].pe_i_csa_tree_ADD_TC_OP_groupi_g916/ZN         -       B2->ZN R     OAI22D1        1  1.1    78    73    1165    (-,-) 
  gen_rows[6].gen_cols[22].pe_i_csa_tree_ADD_TC_OP_groupi_cdnfadd_006_1/S -       CI->S  R     FA1D0          1  2.0    48   130    1295    (-,-) 
  g11385/S                                                                -       D->S   F     CMPE42D1       1  1.9    34   193    1488    (-,-) 
  gen_rows[6].gen_cols[22].pe_i_csa_tree_ADD_TC_OP_groupi_cdnfadd6/CO     -       B->CO  F     FA1D0          1  1.0    31   124    1612    (-,-) 
  gen_rows[6].gen_cols[22].pe_i_csa_tree_ADD_TC_OP_groupi_cdnfadd7/CO     -       CI->CO F     FA1D0          1  1.0    31    84    1696    (-,-) 
  gen_rows[6].gen_cols[22].pe_i_csa_tree_ADD_TC_OP_groupi_cdnfadd8/CO     -       CI->CO F     FA1D0          1  1.0    31    84    1781    (-,-) 
  gen_rows[6].gen_cols[22].pe_i_csa_tree_ADD_TC_OP_groupi_cdnfadd9/CO     -       CI->CO F     FA1D0          1  1.0    31    84    1865    (-,-) 
  gen_rows[6].gen_cols[22].pe_i_csa_tree_ADD_TC_OP_groupi_cdnfadd10/CO    -       CI->CO F     FA1D0          1  1.0    31    84    1950    (-,-) 
  gen_rows[6].gen_cols[22].pe_i_csa_tree_ADD_TC_OP_groupi_cdnfadd11/CO    -       CI->CO F     FA1D0          1  1.9    40    92    2042    (-,-) 
  g11382/CO                                                               -       D->CO  F     CMPE42D1       1  1.0    26   121    2163    (-,-) 
  gen_rows[6].gen_cols[22].pe_i_csa_tree_ADD_TC_OP_groupi_cdnfadd13/CO    -       CI->CO F     FA1D0          1  1.9    40    91    2254    (-,-) 
  g11381/CO                                                               -       D->CO  F     CMPE42D1       1  1.0    26   121    2375    (-,-) 
  gen_rows[6].gen_cols[22].pe_i_csa_tree_ADD_TC_OP_groupi_cdnfadd15/CO    -       CI->CO F     FA1D0          1  1.0    31    83    2458    (-,-) 
  gen_rows[6].gen_cols[22].pe_i_csa_tree_ADD_TC_OP_groupi_cdnfadd16/CO    -       CI->CO F     FA1D0          1  1.0    31    84    2542    (-,-) 
  gen_rows[6].gen_cols[22].pe_i_csa_tree_ADD_TC_OP_groupi_cdnfadd17/CO    -       CI->CO F     FA1D0          1  1.0    31    84    2627    (-,-) 
  gen_rows[6].gen_cols[22].pe_i_csa_tree_ADD_TC_OP_groupi_cdnfadd18/CO    -       CI->CO F     FA1D0          1  1.0    31    84    2711    (-,-) 
  gen_rows[6].gen_cols[22].pe_i_csa_tree_ADD_TC_OP_groupi_cdnfadd19/CO    -       CI->CO F     FA1D0          1  1.0    31    84    2796    (-,-) 
  gen_rows[6].gen_cols[22].pe_i_csa_tree_ADD_TC_OP_groupi_cdnfadd20/CO    -       CI->CO F     FA1D0          1  1.0    31    84    2880    (-,-) 
  gen_rows[6].gen_cols[22].pe_i_csa_tree_ADD_TC_OP_groupi_cdnfadd21/CO    -       CI->CO F     FA1D0          1  1.0    31    84    2965    (-,-) 
  gen_rows[6].gen_cols[22].pe_i_csa_tree_ADD_TC_OP_groupi_cdnfadd22/CO    -       CI->CO F     FA1D0          1  1.0    31    84    3049    (-,-) 
  gen_rows[6].gen_cols[22].pe_i_csa_tree_ADD_TC_OP_groupi_cdnfadd23/CO    -       CI->CO F     FA1D0          1  1.0    31    84    3134    (-,-) 
  gen_rows[6].gen_cols[22].pe_i_csa_tree_ADD_TC_OP_groupi_cdnfadd24/CO    -       CI->CO F     FA1D0          1  1.0    31    84    3218    (-,-) 
  gen_rows[6].gen_cols[22].pe_i_csa_tree_ADD_TC_OP_groupi_cdnfadd25/CO    -       CI->CO F     FA1D0          1  1.0    31    84    3303    (-,-) 
  gen_rows[6].gen_cols[22].pe_i_csa_tree_ADD_TC_OP_groupi_cdnfadd26/CO    -       CI->CO F     FA1D0          1  1.0    31    84    3387    (-,-) 
  gen_rows[6].gen_cols[22].pe_i_csa_tree_ADD_TC_OP_groupi_cdnfadd27/CO    -       CI->CO F     FA1D0          1  1.0    31    84    3472    (-,-) 
  gen_rows[6].gen_cols[22].pe_i_csa_tree_ADD_TC_OP_groupi_cdnfadd28/CO    -       CI->CO F     FA1D0          1  1.0    31    84    3556    (-,-) 
  gen_rows[6].gen_cols[22].pe_i_csa_tree_ADD_TC_OP_groupi_cdnfadd29/CO    -       CI->CO F     FA1D0          1  1.0    31    84    3641    (-,-) 
  gen_rows[6].gen_cols[22].pe_i_csa_tree_ADD_TC_OP_groupi_cdnfadd30/CO    -       CI->CO F     FA1D0          1  0.8    29    82    3723    (-,-) 
  gen_rows[6].gen_cols[22].pe_i_csa_tree_ADD_TC_OP_groupi_cdnfadd1039/Z   -       A3->Z  R     XOR3D0         1  1.1    35   101    3824    (-,-) 
  g21875/ZN                                                               -       B2->ZN F     AOI22D1        1  0.9    49    40    3864    (-,-) 
  g21874/ZN                                                               -       A2->ZN R     NR2XD0         1  1.0    42    40    3904    (-,-) 
  gen_rows[6].gen_cols[22].pe_i_acc_reg[31]/D                             -       -      R     DFCNQD1        1    -     -     0    3904    (-,-) 
#-------------------------------------------------------------------------------------------------------------------------------------------------

Capture clock path:
#----------------------------------------------------------------------------------------------------------------------
#                Timing Point                  Flags   Arc   Edge   Cell      Fanout Load Trans Delay Arrival Instance 
#                                                                                    (fF)  (ps)  (ps)   (ps)  Location 
#----------------------------------------------------------------------------------------------------------------------
  clk                                          (i)     -     R     (arrival)  123413  0.0     0     0    5000    (-,-) 
  gen_rows[6].gen_cols[22].pe_i_acc_reg[31]/CP <<<     -     R     DFCNQD1    123413    -     0     0    5000    (-,-) 
#----------------------------------------------------------------------------------------------------------------------



Path 12: MET (1061 ps) Setup Check with Pin gen_rows[2].gen_cols[11].pe_i_acc_reg[31]/CP->D
          Group: clk
     Startpoint: (R) activation_in[18]
          Clock: (R) clk
       Endpoint: (R) gen_rows[2].gen_cols[11].pe_i_acc_reg[31]/D
          Clock: (R) clk

                     Capture       Launch     
        Clock Edge:+    5000            0     
        Drv Adjust:+       0            0     
       Src Latency:+       0            0     
       Net Latency:+       0 (I)        0 (I) 
           Arrival:=    5000            0     
                                              
             Setup:-      36                  
     Required Time:=    4964                  
      Launch Clock:-       0                  
       Input Delay:-     500                  
         Data Path:-    3404                  
             Slack:=    1061                  

Exceptions/Constraints:
  input_delay             500             in_del_48_1   

#-------------------------------------------------------------------------------------------------------------------------------------------------
#                              Timing Point                               Flags    Arc   Edge   Cell     Fanout Load Trans Delay Arrival Instance 
#                                                                                                               (fF)  (ps)  (ps)   (ps)  Location 
#-------------------------------------------------------------------------------------------------------------------------------------------------
  activation_in[18]                                                       -       -      R     (arrival)     33 52.2     0     0     500    (-,-) 
  hi_fo_buf86169/Z                                                        -       I->Z   R     CKBD1          2  3.8    39    40     540    (-,-) 
  hi_fo_buf86168/Z                                                        -       I->Z   R     DEL005        17 26.6   223   174     714    (-,-) 
  hi_fo_buf86167/Z                                                        -       I->Z   R     CKBD1          2  4.0    45    85     800    (-,-) 
  hi_fo_buf86162/Z                                                        -       I->Z   R     DEL005        16 25.6   215   172     971    (-,-) 
  gen_rows[2].gen_cols[11].pe_i_csa_tree_ADD_TC_OP_groupi_g987/ZN         -       S->ZN  F     MUX2ND0        2  2.1    88   121    1092    (-,-) 
  gen_rows[2].gen_cols[11].pe_i_csa_tree_ADD_TC_OP_groupi_g916/ZN         -       B2->ZN R     OAI22D1        1  1.1    78    73    1165    (-,-) 
  gen_rows[2].gen_cols[11].pe_i_csa_tree_ADD_TC_OP_groupi_cdnfadd_006_1/S -       CI->S  R     FA1D0          1  2.0    48   130    1295    (-,-) 
  g11235/S                                                                -       D->S   F     CMPE42D1       1  1.9    34   193    1488    (-,-) 
  gen_rows[2].gen_cols[11].pe_i_csa_tree_ADD_TC_OP_groupi_cdnfadd6/CO     -       B->CO  F     FA1D0          1  1.0    31   124    1612    (-,-) 
  gen_rows[2].gen_cols[11].pe_i_csa_tree_ADD_TC_OP_groupi_cdnfadd7/CO     -       CI->CO F     FA1D0          1  1.0    31    84    1696    (-,-) 
  gen_rows[2].gen_cols[11].pe_i_csa_tree_ADD_TC_OP_groupi_cdnfadd8/CO     -       CI->CO F     FA1D0          1  1.0    31    84    1781    (-,-) 
  gen_rows[2].gen_cols[11].pe_i_csa_tree_ADD_TC_OP_groupi_cdnfadd9/CO     -       CI->CO F     FA1D0          1  1.0    31    84    1865    (-,-) 
  gen_rows[2].gen_cols[11].pe_i_csa_tree_ADD_TC_OP_groupi_cdnfadd10/CO    -       CI->CO F     FA1D0          1  1.0    31    84    1950    (-,-) 
  gen_rows[2].gen_cols[11].pe_i_csa_tree_ADD_TC_OP_groupi_cdnfadd11/CO    -       CI->CO F     FA1D0          1  1.9    40    92    2042    (-,-) 
  g11232/CO                                                               -       D->CO  F     CMPE42D1       1  1.0    26   121    2163    (-,-) 
  gen_rows[2].gen_cols[11].pe_i_csa_tree_ADD_TC_OP_groupi_cdnfadd13/CO    -       CI->CO F     FA1D0          1  1.9    40    91    2254    (-,-) 
  g11231/CO                                                               -       D->CO  F     CMPE42D1       1  1.0    26   121    2375    (-,-) 
  gen_rows[2].gen_cols[11].pe_i_csa_tree_ADD_TC_OP_groupi_cdnfadd15/CO    -       CI->CO F     FA1D0          1  1.0    31    83    2458    (-,-) 
  gen_rows[2].gen_cols[11].pe_i_csa_tree_ADD_TC_OP_groupi_cdnfadd16/CO    -       CI->CO F     FA1D0          1  1.0    31    84    2542    (-,-) 
  gen_rows[2].gen_cols[11].pe_i_csa_tree_ADD_TC_OP_groupi_cdnfadd17/CO    -       CI->CO F     FA1D0          1  1.0    31    84    2627    (-,-) 
  gen_rows[2].gen_cols[11].pe_i_csa_tree_ADD_TC_OP_groupi_cdnfadd18/CO    -       CI->CO F     FA1D0          1  1.0    31    84    2711    (-,-) 
  gen_rows[2].gen_cols[11].pe_i_csa_tree_ADD_TC_OP_groupi_cdnfadd19/CO    -       CI->CO F     FA1D0          1  1.0    31    84    2796    (-,-) 
  gen_rows[2].gen_cols[11].pe_i_csa_tree_ADD_TC_OP_groupi_cdnfadd20/CO    -       CI->CO F     FA1D0          1  1.0    31    84    2880    (-,-) 
  gen_rows[2].gen_cols[11].pe_i_csa_tree_ADD_TC_OP_groupi_cdnfadd21/CO    -       CI->CO F     FA1D0          1  1.0    31    84    2965    (-,-) 
  gen_rows[2].gen_cols[11].pe_i_csa_tree_ADD_TC_OP_groupi_cdnfadd22/CO    -       CI->CO F     FA1D0          1  1.0    31    84    3049    (-,-) 
  gen_rows[2].gen_cols[11].pe_i_csa_tree_ADD_TC_OP_groupi_cdnfadd23/CO    -       CI->CO F     FA1D0          1  1.0    31    84    3134    (-,-) 
  gen_rows[2].gen_cols[11].pe_i_csa_tree_ADD_TC_OP_groupi_cdnfadd24/CO    -       CI->CO F     FA1D0          1  1.0    31    84    3218    (-,-) 
  gen_rows[2].gen_cols[11].pe_i_csa_tree_ADD_TC_OP_groupi_cdnfadd25/CO    -       CI->CO F     FA1D0          1  1.0    31    84    3303    (-,-) 
  gen_rows[2].gen_cols[11].pe_i_csa_tree_ADD_TC_OP_groupi_cdnfadd26/CO    -       CI->CO F     FA1D0          1  1.0    31    84    3387    (-,-) 
  gen_rows[2].gen_cols[11].pe_i_csa_tree_ADD_TC_OP_groupi_cdnfadd27/CO    -       CI->CO F     FA1D0          1  1.0    31    84    3472    (-,-) 
  gen_rows[2].gen_cols[11].pe_i_csa_tree_ADD_TC_OP_groupi_cdnfadd28/CO    -       CI->CO F     FA1D0          1  1.0    31    84    3556    (-,-) 
  gen_rows[2].gen_cols[11].pe_i_csa_tree_ADD_TC_OP_groupi_cdnfadd29/CO    -       CI->CO F     FA1D0          1  1.0    31    84    3641    (-,-) 
  gen_rows[2].gen_cols[11].pe_i_csa_tree_ADD_TC_OP_groupi_cdnfadd30/CO    -       CI->CO F     FA1D0          1  0.8    29    82    3723    (-,-) 
  gen_rows[2].gen_cols[11].pe_i_csa_tree_ADD_TC_OP_groupi_cdnfadd1039/Z   -       A3->Z  R     XOR3D0         1  1.1    35   101    3824    (-,-) 
  g19668/ZN                                                               -       B2->ZN F     AOI22D1        1  0.9    49    40    3864    (-,-) 
  g17645/ZN                                                               -       A2->ZN R     NR2XD0         1  1.0    42    40    3904    (-,-) 
  gen_rows[2].gen_cols[11].pe_i_acc_reg[31]/D                             -       -      R     DFCNQD1        1    -     -     0    3904    (-,-) 
#-------------------------------------------------------------------------------------------------------------------------------------------------

Capture clock path:
#----------------------------------------------------------------------------------------------------------------------
#                Timing Point                  Flags   Arc   Edge   Cell      Fanout Load Trans Delay Arrival Instance 
#                                                                                    (fF)  (ps)  (ps)   (ps)  Location 
#----------------------------------------------------------------------------------------------------------------------
  clk                                          (i)     -     R     (arrival)  123413  0.0     0     0    5000    (-,-) 
  gen_rows[2].gen_cols[11].pe_i_acc_reg[31]/CP <<<     -     R     DFCNQD1    123413    -     0     0    5000    (-,-) 
#----------------------------------------------------------------------------------------------------------------------



Path 13: MET (1061 ps) Setup Check with Pin gen_rows[2].gen_cols[4].pe_i_acc_reg[31]/CP->D
          Group: clk
     Startpoint: (R) activation_in[18]
          Clock: (R) clk
       Endpoint: (R) gen_rows[2].gen_cols[4].pe_i_acc_reg[31]/D
          Clock: (R) clk

                     Capture       Launch     
        Clock Edge:+    5000            0     
        Drv Adjust:+       0            0     
       Src Latency:+       0            0     
       Net Latency:+       0 (I)        0 (I) 
           Arrival:=    5000            0     
                                              
             Setup:-      36                  
     Required Time:=    4964                  
      Launch Clock:-       0                  
       Input Delay:-     500                  
         Data Path:-    3404                  
             Slack:=    1061                  

Exceptions/Constraints:
  input_delay             500             in_del_48_1   

#------------------------------------------------------------------------------------------------------------------------------------------------
#                             Timing Point                               Flags    Arc   Edge   Cell     Fanout Load Trans Delay Arrival Instance 
#                                                                                                              (fF)  (ps)  (ps)   (ps)  Location 
#------------------------------------------------------------------------------------------------------------------------------------------------
  activation_in[18]                                                      -       -      R     (arrival)     33 52.2     0     0     500    (-,-) 
  hi_fo_buf86169/Z                                                       -       I->Z   R     CKBD1          2  3.8    39    40     540    (-,-) 
  hi_fo_buf86168/Z                                                       -       I->Z   R     DEL005        17 26.6   223   174     714    (-,-) 
  hi_fo_buf86167/Z                                                       -       I->Z   R     CKBD1          2  4.0    45    85     800    (-,-) 
  hi_fo_buf86162/Z                                                       -       I->Z   R     DEL005        16 25.6   215   172     971    (-,-) 
  gen_rows[2].gen_cols[4].pe_i_csa_tree_ADD_TC_OP_groupi_g987/ZN         -       S->ZN  F     MUX2ND0        2  2.1    88   121    1092    (-,-) 
  gen_rows[2].gen_cols[4].pe_i_csa_tree_ADD_TC_OP_groupi_g916/ZN         -       B2->ZN R     OAI22D1        1  1.1    78    73    1165    (-,-) 
  gen_rows[2].gen_cols[4].pe_i_csa_tree_ADD_TC_OP_groupi_cdnfadd_006_1/S -       CI->S  R     FA1D0          1  2.0    48   130    1295    (-,-) 
  g11217/S                                                               -       D->S   F     CMPE42D1       1  1.9    34   193    1488    (-,-) 
  gen_rows[2].gen_cols[4].pe_i_csa_tree_ADD_TC_OP_groupi_cdnfadd6/CO     -       B->CO  F     FA1D0          1  1.0    31   124    1612    (-,-) 
  gen_rows[2].gen_cols[4].pe_i_csa_tree_ADD_TC_OP_groupi_cdnfadd7/CO     -       CI->CO F     FA1D0          1  1.0    31    84    1696    (-,-) 
  gen_rows[2].gen_cols[4].pe_i_csa_tree_ADD_TC_OP_groupi_cdnfadd8/CO     -       CI->CO F     FA1D0          1  1.0    31    84    1781    (-,-) 
  gen_rows[2].gen_cols[4].pe_i_csa_tree_ADD_TC_OP_groupi_cdnfadd9/CO     -       CI->CO F     FA1D0          1  1.0    31    84    1865    (-,-) 
  gen_rows[2].gen_cols[4].pe_i_csa_tree_ADD_TC_OP_groupi_cdnfadd10/CO    -       CI->CO F     FA1D0          1  1.0    31    84    1950    (-,-) 
  gen_rows[2].gen_cols[4].pe_i_csa_tree_ADD_TC_OP_groupi_cdnfadd11/CO    -       CI->CO F     FA1D0          1  1.9    40    92    2042    (-,-) 
  g11214/CO                                                              -       D->CO  F     CMPE42D1       1  1.0    26   121    2163    (-,-) 
  gen_rows[2].gen_cols[4].pe_i_csa_tree_ADD_TC_OP_groupi_cdnfadd13/CO    -       CI->CO F     FA1D0          1  1.9    40    91    2254    (-,-) 
  g11213/CO                                                              -       D->CO  F     CMPE42D1       1  1.0    26   121    2375    (-,-) 
  gen_rows[2].gen_cols[4].pe_i_csa_tree_ADD_TC_OP_groupi_cdnfadd15/CO    -       CI->CO F     FA1D0          1  1.0    31    83    2458    (-,-) 
  gen_rows[2].gen_cols[4].pe_i_csa_tree_ADD_TC_OP_groupi_cdnfadd16/CO    -       CI->CO F     FA1D0          1  1.0    31    84    2542    (-,-) 
  gen_rows[2].gen_cols[4].pe_i_csa_tree_ADD_TC_OP_groupi_cdnfadd17/CO    -       CI->CO F     FA1D0          1  1.0    31    84    2627    (-,-) 
  gen_rows[2].gen_cols[4].pe_i_csa_tree_ADD_TC_OP_groupi_cdnfadd18/CO    -       CI->CO F     FA1D0          1  1.0    31    84    2711    (-,-) 
  gen_rows[2].gen_cols[4].pe_i_csa_tree_ADD_TC_OP_groupi_cdnfadd19/CO    -       CI->CO F     FA1D0          1  1.0    31    84    2796    (-,-) 
  gen_rows[2].gen_cols[4].pe_i_csa_tree_ADD_TC_OP_groupi_cdnfadd20/CO    -       CI->CO F     FA1D0          1  1.0    31    84    2880    (-,-) 
  gen_rows[2].gen_cols[4].pe_i_csa_tree_ADD_TC_OP_groupi_cdnfadd21/CO    -       CI->CO F     FA1D0          1  1.0    31    84    2965    (-,-) 
  gen_rows[2].gen_cols[4].pe_i_csa_tree_ADD_TC_OP_groupi_cdnfadd22/CO    -       CI->CO F     FA1D0          1  1.0    31    84    3049    (-,-) 
  gen_rows[2].gen_cols[4].pe_i_csa_tree_ADD_TC_OP_groupi_cdnfadd23/CO    -       CI->CO F     FA1D0          1  1.0    31    84    3134    (-,-) 
  gen_rows[2].gen_cols[4].pe_i_csa_tree_ADD_TC_OP_groupi_cdnfadd24/CO    -       CI->CO F     FA1D0          1  1.0    31    84    3218    (-,-) 
  gen_rows[2].gen_cols[4].pe_i_csa_tree_ADD_TC_OP_groupi_cdnfadd25/CO    -       CI->CO F     FA1D0          1  1.0    31    84    3303    (-,-) 
  gen_rows[2].gen_cols[4].pe_i_csa_tree_ADD_TC_OP_groupi_cdnfadd26/CO    -       CI->CO F     FA1D0          1  1.0    31    84    3387    (-,-) 
  gen_rows[2].gen_cols[4].pe_i_csa_tree_ADD_TC_OP_groupi_cdnfadd27/CO    -       CI->CO F     FA1D0          1  1.0    31    84    3472    (-,-) 
  gen_rows[2].gen_cols[4].pe_i_csa_tree_ADD_TC_OP_groupi_cdnfadd28/CO    -       CI->CO F     FA1D0          1  1.0    31    84    3556    (-,-) 
  gen_rows[2].gen_cols[4].pe_i_csa_tree_ADD_TC_OP_groupi_cdnfadd29/CO    -       CI->CO F     FA1D0          1  1.0    31    84    3641    (-,-) 
  gen_rows[2].gen_cols[4].pe_i_csa_tree_ADD_TC_OP_groupi_cdnfadd30/CO    -       CI->CO F     FA1D0          1  0.8    29    82    3723    (-,-) 
  gen_rows[2].gen_cols[4].pe_i_csa_tree_ADD_TC_OP_groupi_cdnfadd1039/Z   -       A3->Z  R     XOR3D0         1  1.1    35   101    3824    (-,-) 
  g19643/ZN                                                              -       B2->ZN F     AOI22D1        1  0.9    49    40    3864    (-,-) 
  g17613/ZN                                                              -       A2->ZN R     NR2XD0         1  1.0    42    40    3904    (-,-) 
  gen_rows[2].gen_cols[4].pe_i_acc_reg[31]/D                             -       -      R     DFCNQD1        1    -     -     0    3904    (-,-) 
#------------------------------------------------------------------------------------------------------------------------------------------------

Capture clock path:
#---------------------------------------------------------------------------------------------------------------------
#                Timing Point                 Flags   Arc   Edge   Cell      Fanout Load Trans Delay Arrival Instance 
#                                                                                   (fF)  (ps)  (ps)   (ps)  Location 
#---------------------------------------------------------------------------------------------------------------------
  clk                                         (i)     -     R     (arrival)  123413  0.0     0     0    5000    (-,-) 
  gen_rows[2].gen_cols[4].pe_i_acc_reg[31]/CP <<<     -     R     DFCNQD1    123413    -     0     0    5000    (-,-) 
#---------------------------------------------------------------------------------------------------------------------



Path 14: MET (1061 ps) Setup Check with Pin gen_rows[2].gen_cols[12].pe_i_acc_reg[31]/CP->D
          Group: clk
     Startpoint: (R) activation_in[18]
          Clock: (R) clk
       Endpoint: (R) gen_rows[2].gen_cols[12].pe_i_acc_reg[31]/D
          Clock: (R) clk

                     Capture       Launch     
        Clock Edge:+    5000            0     
        Drv Adjust:+       0            0     
       Src Latency:+       0            0     
       Net Latency:+       0 (I)        0 (I) 
           Arrival:=    5000            0     
                                              
             Setup:-      36                  
     Required Time:=    4964                  
      Launch Clock:-       0                  
       Input Delay:-     500                  
         Data Path:-    3404                  
             Slack:=    1061                  

Exceptions/Constraints:
  input_delay             500             in_del_48_1   

#-------------------------------------------------------------------------------------------------------------------------------------------------
#                              Timing Point                               Flags    Arc   Edge   Cell     Fanout Load Trans Delay Arrival Instance 
#                                                                                                               (fF)  (ps)  (ps)   (ps)  Location 
#-------------------------------------------------------------------------------------------------------------------------------------------------
  activation_in[18]                                                       -       -      R     (arrival)     33 52.2     0     0     500    (-,-) 
  hi_fo_buf86169/Z                                                        -       I->Z   R     CKBD1          2  3.8    39    40     540    (-,-) 
  hi_fo_buf86168/Z                                                        -       I->Z   R     DEL005        17 26.6   223   174     714    (-,-) 
  hi_fo_buf86167/Z                                                        -       I->Z   R     CKBD1          2  4.0    45    85     800    (-,-) 
  hi_fo_buf86162/Z                                                        -       I->Z   R     DEL005        16 25.6   215   172     971    (-,-) 
  gen_rows[2].gen_cols[12].pe_i_csa_tree_ADD_TC_OP_groupi_g987/ZN         -       S->ZN  F     MUX2ND0        2  2.1    88   121    1092    (-,-) 
  gen_rows[2].gen_cols[12].pe_i_csa_tree_ADD_TC_OP_groupi_g916/ZN         -       B2->ZN R     OAI22D1        1  1.1    78    73    1165    (-,-) 
  gen_rows[2].gen_cols[12].pe_i_csa_tree_ADD_TC_OP_groupi_cdnfadd_006_1/S -       CI->S  R     FA1D0          1  2.0    48   130    1295    (-,-) 
  g11205/S                                                                -       D->S   F     CMPE42D1       1  1.9    34   193    1488    (-,-) 
  gen_rows[2].gen_cols[12].pe_i_csa_tree_ADD_TC_OP_groupi_cdnfadd6/CO     -       B->CO  F     FA1D0          1  1.0    31   124    1612    (-,-) 
  gen_rows[2].gen_cols[12].pe_i_csa_tree_ADD_TC_OP_groupi_cdnfadd7/CO     -       CI->CO F     FA1D0          1  1.0    31    84    1696    (-,-) 
  gen_rows[2].gen_cols[12].pe_i_csa_tree_ADD_TC_OP_groupi_cdnfadd8/CO     -       CI->CO F     FA1D0          1  1.0    31    84    1781    (-,-) 
  gen_rows[2].gen_cols[12].pe_i_csa_tree_ADD_TC_OP_groupi_cdnfadd9/CO     -       CI->CO F     FA1D0          1  1.0    31    84    1865    (-,-) 
  gen_rows[2].gen_cols[12].pe_i_csa_tree_ADD_TC_OP_groupi_cdnfadd10/CO    -       CI->CO F     FA1D0          1  1.0    31    84    1950    (-,-) 
  gen_rows[2].gen_cols[12].pe_i_csa_tree_ADD_TC_OP_groupi_cdnfadd11/CO    -       CI->CO F     FA1D0          1  1.9    40    92    2042    (-,-) 
  g11202/CO                                                               -       D->CO  F     CMPE42D1       1  1.0    26   121    2163    (-,-) 
  gen_rows[2].gen_cols[12].pe_i_csa_tree_ADD_TC_OP_groupi_cdnfadd13/CO    -       CI->CO F     FA1D0          1  1.9    40    91    2254    (-,-) 
  g11201/CO                                                               -       D->CO  F     CMPE42D1       1  1.0    26   121    2375    (-,-) 
  gen_rows[2].gen_cols[12].pe_i_csa_tree_ADD_TC_OP_groupi_cdnfadd15/CO    -       CI->CO F     FA1D0          1  1.0    31    83    2458    (-,-) 
  gen_rows[2].gen_cols[12].pe_i_csa_tree_ADD_TC_OP_groupi_cdnfadd16/CO    -       CI->CO F     FA1D0          1  1.0    31    84    2542    (-,-) 
  gen_rows[2].gen_cols[12].pe_i_csa_tree_ADD_TC_OP_groupi_cdnfadd17/CO    -       CI->CO F     FA1D0          1  1.0    31    84    2627    (-,-) 
  gen_rows[2].gen_cols[12].pe_i_csa_tree_ADD_TC_OP_groupi_cdnfadd18/CO    -       CI->CO F     FA1D0          1  1.0    31    84    2711    (-,-) 
  gen_rows[2].gen_cols[12].pe_i_csa_tree_ADD_TC_OP_groupi_cdnfadd19/CO    -       CI->CO F     FA1D0          1  1.0    31    84    2796    (-,-) 
  gen_rows[2].gen_cols[12].pe_i_csa_tree_ADD_TC_OP_groupi_cdnfadd20/CO    -       CI->CO F     FA1D0          1  1.0    31    84    2880    (-,-) 
  gen_rows[2].gen_cols[12].pe_i_csa_tree_ADD_TC_OP_groupi_cdnfadd21/CO    -       CI->CO F     FA1D0          1  1.0    31    84    2965    (-,-) 
  gen_rows[2].gen_cols[12].pe_i_csa_tree_ADD_TC_OP_groupi_cdnfadd22/CO    -       CI->CO F     FA1D0          1  1.0    31    84    3049    (-,-) 
  gen_rows[2].gen_cols[12].pe_i_csa_tree_ADD_TC_OP_groupi_cdnfadd23/CO    -       CI->CO F     FA1D0          1  1.0    31    84    3134    (-,-) 
  gen_rows[2].gen_cols[12].pe_i_csa_tree_ADD_TC_OP_groupi_cdnfadd24/CO    -       CI->CO F     FA1D0          1  1.0    31    84    3218    (-,-) 
  gen_rows[2].gen_cols[12].pe_i_csa_tree_ADD_TC_OP_groupi_cdnfadd25/CO    -       CI->CO F     FA1D0          1  1.0    31    84    3303    (-,-) 
  gen_rows[2].gen_cols[12].pe_i_csa_tree_ADD_TC_OP_groupi_cdnfadd26/CO    -       CI->CO F     FA1D0          1  1.0    31    84    3387    (-,-) 
  gen_rows[2].gen_cols[12].pe_i_csa_tree_ADD_TC_OP_groupi_cdnfadd27/CO    -       CI->CO F     FA1D0          1  1.0    31    84    3472    (-,-) 
  gen_rows[2].gen_cols[12].pe_i_csa_tree_ADD_TC_OP_groupi_cdnfadd28/CO    -       CI->CO F     FA1D0          1  1.0    31    84    3556    (-,-) 
  gen_rows[2].gen_cols[12].pe_i_csa_tree_ADD_TC_OP_groupi_cdnfadd29/CO    -       CI->CO F     FA1D0          1  1.0    31    84    3641    (-,-) 
  gen_rows[2].gen_cols[12].pe_i_csa_tree_ADD_TC_OP_groupi_cdnfadd30/CO    -       CI->CO F     FA1D0          1  0.8    29    82    3723    (-,-) 
  gen_rows[2].gen_cols[12].pe_i_csa_tree_ADD_TC_OP_groupi_cdnfadd1039/Z   -       A3->Z  R     XOR3D0         1  1.1    35   101    3824    (-,-) 
  g19683/ZN                                                               -       B2->ZN F     AOI22D1        1  0.9    49    40    3864    (-,-) 
  g17677/ZN                                                               -       A2->ZN R     NR2XD0         1  1.0    42    40    3904    (-,-) 
  gen_rows[2].gen_cols[12].pe_i_acc_reg[31]/D                             -       -      R     DFCNQD1        1    -     -     0    3904    (-,-) 
#-------------------------------------------------------------------------------------------------------------------------------------------------

Capture clock path:
#----------------------------------------------------------------------------------------------------------------------
#                Timing Point                  Flags   Arc   Edge   Cell      Fanout Load Trans Delay Arrival Instance 
#                                                                                    (fF)  (ps)  (ps)   (ps)  Location 
#----------------------------------------------------------------------------------------------------------------------
  clk                                          (i)     -     R     (arrival)  123413  0.0     0     0    5000    (-,-) 
  gen_rows[2].gen_cols[12].pe_i_acc_reg[31]/CP <<<     -     R     DFCNQD1    123413    -     0     0    5000    (-,-) 
#----------------------------------------------------------------------------------------------------------------------



Path 15: MET (1061 ps) Setup Check with Pin gen_rows[2].gen_cols[28].pe_i_acc_reg[31]/CP->D
          Group: clk
     Startpoint: (R) activation_in[18]
          Clock: (R) clk
       Endpoint: (R) gen_rows[2].gen_cols[28].pe_i_acc_reg[31]/D
          Clock: (R) clk

                     Capture       Launch     
        Clock Edge:+    5000            0     
        Drv Adjust:+       0            0     
       Src Latency:+       0            0     
       Net Latency:+       0 (I)        0 (I) 
           Arrival:=    5000            0     
                                              
             Setup:-      36                  
     Required Time:=    4964                  
      Launch Clock:-       0                  
       Input Delay:-     500                  
         Data Path:-    3404                  
             Slack:=    1061                  

Exceptions/Constraints:
  input_delay             500             in_del_48_1   

#-------------------------------------------------------------------------------------------------------------------------------------------------
#                              Timing Point                               Flags    Arc   Edge   Cell     Fanout Load Trans Delay Arrival Instance 
#                                                                                                               (fF)  (ps)  (ps)   (ps)  Location 
#-------------------------------------------------------------------------------------------------------------------------------------------------
  activation_in[18]                                                       -       -      R     (arrival)     33 52.2     0     0     500    (-,-) 
  hi_fo_buf86169/Z                                                        -       I->Z   R     CKBD1          2  3.8    39    40     540    (-,-) 
  hi_fo_buf86168/Z                                                        -       I->Z   R     DEL005        17 26.6   223   174     714    (-,-) 
  hi_fo_buf86167/Z                                                        -       I->Z   R     CKBD1          2  4.0    45    85     800    (-,-) 
  hi_fo_buf86162/Z                                                        -       I->Z   R     DEL005        16 25.6   215   172     971    (-,-) 
  gen_rows[2].gen_cols[28].pe_i_csa_tree_ADD_TC_OP_groupi_g987/ZN         -       S->ZN  F     MUX2ND0        2  2.1    88   121    1092    (-,-) 
  gen_rows[2].gen_cols[28].pe_i_csa_tree_ADD_TC_OP_groupi_g916/ZN         -       B2->ZN R     OAI22D1        1  1.1    78    73    1165    (-,-) 
  gen_rows[2].gen_cols[28].pe_i_csa_tree_ADD_TC_OP_groupi_cdnfadd_006_1/S -       CI->S  R     FA1D0          1  2.0    48   130    1295    (-,-) 
  g11085/S                                                                -       D->S   F     CMPE42D1       1  1.9    34   193    1488    (-,-) 
  gen_rows[2].gen_cols[28].pe_i_csa_tree_ADD_TC_OP_groupi_cdnfadd6/CO     -       B->CO  F     FA1D0          1  1.0    31   124    1612    (-,-) 
  gen_rows[2].gen_cols[28].pe_i_csa_tree_ADD_TC_OP_groupi_cdnfadd7/CO     -       CI->CO F     FA1D0          1  1.0    31    84    1696    (-,-) 
  gen_rows[2].gen_cols[28].pe_i_csa_tree_ADD_TC_OP_groupi_cdnfadd8/CO     -       CI->CO F     FA1D0          1  1.0    31    84    1781    (-,-) 
  gen_rows[2].gen_cols[28].pe_i_csa_tree_ADD_TC_OP_groupi_cdnfadd9/CO     -       CI->CO F     FA1D0          1  1.0    31    84    1865    (-,-) 
  gen_rows[2].gen_cols[28].pe_i_csa_tree_ADD_TC_OP_groupi_cdnfadd10/CO    -       CI->CO F     FA1D0          1  1.0    31    84    1950    (-,-) 
  gen_rows[2].gen_cols[28].pe_i_csa_tree_ADD_TC_OP_groupi_cdnfadd11/CO    -       CI->CO F     FA1D0          1  1.9    40    92    2042    (-,-) 
  g11082/CO                                                               -       D->CO  F     CMPE42D1       1  1.0    26   121    2163    (-,-) 
  gen_rows[2].gen_cols[28].pe_i_csa_tree_ADD_TC_OP_groupi_cdnfadd13/CO    -       CI->CO F     FA1D0          1  1.9    40    91    2254    (-,-) 
  g11081/CO                                                               -       D->CO  F     CMPE42D1       1  1.0    26   121    2375    (-,-) 
  gen_rows[2].gen_cols[28].pe_i_csa_tree_ADD_TC_OP_groupi_cdnfadd15/CO    -       CI->CO F     FA1D0          1  1.0    31    83    2458    (-,-) 
  gen_rows[2].gen_cols[28].pe_i_csa_tree_ADD_TC_OP_groupi_cdnfadd16/CO    -       CI->CO F     FA1D0          1  1.0    31    84    2542    (-,-) 
  gen_rows[2].gen_cols[28].pe_i_csa_tree_ADD_TC_OP_groupi_cdnfadd17/CO    -       CI->CO F     FA1D0          1  1.0    31    84    2627    (-,-) 
  gen_rows[2].gen_cols[28].pe_i_csa_tree_ADD_TC_OP_groupi_cdnfadd18/CO    -       CI->CO F     FA1D0          1  1.0    31    84    2711    (-,-) 
  gen_rows[2].gen_cols[28].pe_i_csa_tree_ADD_TC_OP_groupi_cdnfadd19/CO    -       CI->CO F     FA1D0          1  1.0    31    84    2796    (-,-) 
  gen_rows[2].gen_cols[28].pe_i_csa_tree_ADD_TC_OP_groupi_cdnfadd20/CO    -       CI->CO F     FA1D0          1  1.0    31    84    2880    (-,-) 
  gen_rows[2].gen_cols[28].pe_i_csa_tree_ADD_TC_OP_groupi_cdnfadd21/CO    -       CI->CO F     FA1D0          1  1.0    31    84    2965    (-,-) 
  gen_rows[2].gen_cols[28].pe_i_csa_tree_ADD_TC_OP_groupi_cdnfadd22/CO    -       CI->CO F     FA1D0          1  1.0    31    84    3049    (-,-) 
  gen_rows[2].gen_cols[28].pe_i_csa_tree_ADD_TC_OP_groupi_cdnfadd23/CO    -       CI->CO F     FA1D0          1  1.0    31    84    3134    (-,-) 
  gen_rows[2].gen_cols[28].pe_i_csa_tree_ADD_TC_OP_groupi_cdnfadd24/CO    -       CI->CO F     FA1D0          1  1.0    31    84    3218    (-,-) 
  gen_rows[2].gen_cols[28].pe_i_csa_tree_ADD_TC_OP_groupi_cdnfadd25/CO    -       CI->CO F     FA1D0          1  1.0    31    84    3303    (-,-) 
  gen_rows[2].gen_cols[28].pe_i_csa_tree_ADD_TC_OP_groupi_cdnfadd26/CO    -       CI->CO F     FA1D0          1  1.0    31    84    3387    (-,-) 
  gen_rows[2].gen_cols[28].pe_i_csa_tree_ADD_TC_OP_groupi_cdnfadd27/CO    -       CI->CO F     FA1D0          1  1.0    31    84    3472    (-,-) 
  gen_rows[2].gen_cols[28].pe_i_csa_tree_ADD_TC_OP_groupi_cdnfadd28/CO    -       CI->CO F     FA1D0          1  1.0    31    84    3556    (-,-) 
  gen_rows[2].gen_cols[28].pe_i_csa_tree_ADD_TC_OP_groupi_cdnfadd29/CO    -       CI->CO F     FA1D0          1  1.0    31    84    3641    (-,-) 
  gen_rows[2].gen_cols[28].pe_i_csa_tree_ADD_TC_OP_groupi_cdnfadd30/CO    -       CI->CO F     FA1D0          1  0.8    29    82    3723    (-,-) 
  gen_rows[2].gen_cols[28].pe_i_csa_tree_ADD_TC_OP_groupi_cdnfadd1039/Z   -       A3->Z  R     XOR3D0         1  1.1    35   101    3824    (-,-) 
  g31134/ZN                                                               -       B2->ZN F     AOI22D1        1  0.9    49    40    3864    (-,-) 
  g17773/ZN                                                               -       A2->ZN R     NR2XD0         1  1.0    42    40    3904    (-,-) 
  gen_rows[2].gen_cols[28].pe_i_acc_reg[31]/D                             -       -      R     DFCNQD1        1    -     -     0    3904    (-,-) 
#-------------------------------------------------------------------------------------------------------------------------------------------------

Capture clock path:
#----------------------------------------------------------------------------------------------------------------------
#                Timing Point                  Flags   Arc   Edge   Cell      Fanout Load Trans Delay Arrival Instance 
#                                                                                    (fF)  (ps)  (ps)   (ps)  Location 
#----------------------------------------------------------------------------------------------------------------------
  clk                                          (i)     -     R     (arrival)  123413  0.0     0     0    5000    (-,-) 
  gen_rows[2].gen_cols[28].pe_i_acc_reg[31]/CP <<<     -     R     DFCNQD1    123413    -     0     0    5000    (-,-) 
#----------------------------------------------------------------------------------------------------------------------



Path 16: MET (1061 ps) Setup Check with Pin gen_rows[2].gen_cols[31].pe_i_acc_reg[31]/CP->D
          Group: clk
     Startpoint: (R) activation_in[18]
          Clock: (R) clk
       Endpoint: (R) gen_rows[2].gen_cols[31].pe_i_acc_reg[31]/D
          Clock: (R) clk

                     Capture       Launch     
        Clock Edge:+    5000            0     
        Drv Adjust:+       0            0     
       Src Latency:+       0            0     
       Net Latency:+       0 (I)        0 (I) 
           Arrival:=    5000            0     
                                              
             Setup:-      36                  
     Required Time:=    4964                  
      Launch Clock:-       0                  
       Input Delay:-     500                  
         Data Path:-    3404                  
             Slack:=    1061                  

Exceptions/Constraints:
  input_delay             500             in_del_48_1   

#-------------------------------------------------------------------------------------------------------------------------------------------------
#                              Timing Point                               Flags    Arc   Edge   Cell     Fanout Load Trans Delay Arrival Instance 
#                                                                                                               (fF)  (ps)  (ps)   (ps)  Location 
#-------------------------------------------------------------------------------------------------------------------------------------------------
  activation_in[18]                                                       -       -      R     (arrival)     33 52.2     0     0     500    (-,-) 
  hi_fo_buf86169/Z                                                        -       I->Z   R     CKBD1          2  3.8    39    40     540    (-,-) 
  hi_fo_buf86168/Z                                                        -       I->Z   R     DEL005        17 26.6   223   174     714    (-,-) 
  hi_fo_buf86167/Z                                                        -       I->Z   R     CKBD1          2  4.0    45    85     800    (-,-) 
  hi_fo_buf86162/Z                                                        -       I->Z   R     DEL005        16 25.6   215   172     971    (-,-) 
  gen_rows[2].gen_cols[31].pe_i_csa_tree_ADD_TC_OP_groupi_g987/ZN         -       S->ZN  F     MUX2ND0        2  2.1    88   121    1092    (-,-) 
  gen_rows[2].gen_cols[31].pe_i_csa_tree_ADD_TC_OP_groupi_g916/ZN         -       B2->ZN R     OAI22D1        1  1.1    78    73    1165    (-,-) 
  gen_rows[2].gen_cols[31].pe_i_csa_tree_ADD_TC_OP_groupi_cdnfadd_006_1/S -       CI->S  R     FA1D0          1  2.0    48   130    1295    (-,-) 
  g11067/S                                                                -       D->S   F     CMPE42D1       1  1.9    34   193    1488    (-,-) 
  gen_rows[2].gen_cols[31].pe_i_csa_tree_ADD_TC_OP_groupi_cdnfadd6/CO     -       B->CO  F     FA1D0          1  1.0    31   124    1612    (-,-) 
  gen_rows[2].gen_cols[31].pe_i_csa_tree_ADD_TC_OP_groupi_cdnfadd7/CO     -       CI->CO F     FA1D0          1  1.0    31    84    1696    (-,-) 
  gen_rows[2].gen_cols[31].pe_i_csa_tree_ADD_TC_OP_groupi_cdnfadd8/CO     -       CI->CO F     FA1D0          1  1.0    31    84    1781    (-,-) 
  gen_rows[2].gen_cols[31].pe_i_csa_tree_ADD_TC_OP_groupi_cdnfadd9/CO     -       CI->CO F     FA1D0          1  1.0    31    84    1865    (-,-) 
  gen_rows[2].gen_cols[31].pe_i_csa_tree_ADD_TC_OP_groupi_cdnfadd10/CO    -       CI->CO F     FA1D0          1  1.0    31    84    1950    (-,-) 
  gen_rows[2].gen_cols[31].pe_i_csa_tree_ADD_TC_OP_groupi_cdnfadd11/CO    -       CI->CO F     FA1D0          1  1.9    40    92    2042    (-,-) 
  g11064/CO                                                               -       D->CO  F     CMPE42D1       1  1.0    26   121    2163    (-,-) 
  gen_rows[2].gen_cols[31].pe_i_csa_tree_ADD_TC_OP_groupi_cdnfadd13/CO    -       CI->CO F     FA1D0          1  1.9    40    91    2254    (-,-) 
  g11063/CO                                                               -       D->CO  F     CMPE42D1       1  1.0    26   121    2375    (-,-) 
  gen_rows[2].gen_cols[31].pe_i_csa_tree_ADD_TC_OP_groupi_cdnfadd15/CO    -       CI->CO F     FA1D0          1  1.0    31    83    2458    (-,-) 
  gen_rows[2].gen_cols[31].pe_i_csa_tree_ADD_TC_OP_groupi_cdnfadd16/CO    -       CI->CO F     FA1D0          1  1.0    31    84    2542    (-,-) 
  gen_rows[2].gen_cols[31].pe_i_csa_tree_ADD_TC_OP_groupi_cdnfadd17/CO    -       CI->CO F     FA1D0          1  1.0    31    84    2627    (-,-) 
  gen_rows[2].gen_cols[31].pe_i_csa_tree_ADD_TC_OP_groupi_cdnfadd18/CO    -       CI->CO F     FA1D0          1  1.0    31    84    2711    (-,-) 
  gen_rows[2].gen_cols[31].pe_i_csa_tree_ADD_TC_OP_groupi_cdnfadd19/CO    -       CI->CO F     FA1D0          1  1.0    31    84    2796    (-,-) 
  gen_rows[2].gen_cols[31].pe_i_csa_tree_ADD_TC_OP_groupi_cdnfadd20/CO    -       CI->CO F     FA1D0          1  1.0    31    84    2880    (-,-) 
  gen_rows[2].gen_cols[31].pe_i_csa_tree_ADD_TC_OP_groupi_cdnfadd21/CO    -       CI->CO F     FA1D0          1  1.0    31    84    2965    (-,-) 
  gen_rows[2].gen_cols[31].pe_i_csa_tree_ADD_TC_OP_groupi_cdnfadd22/CO    -       CI->CO F     FA1D0          1  1.0    31    84    3049    (-,-) 
  gen_rows[2].gen_cols[31].pe_i_csa_tree_ADD_TC_OP_groupi_cdnfadd23/CO    -       CI->CO F     FA1D0          1  1.0    31    84    3134    (-,-) 
  gen_rows[2].gen_cols[31].pe_i_csa_tree_ADD_TC_OP_groupi_cdnfadd24/CO    -       CI->CO F     FA1D0          1  1.0    31    84    3218    (-,-) 
  gen_rows[2].gen_cols[31].pe_i_csa_tree_ADD_TC_OP_groupi_cdnfadd25/CO    -       CI->CO F     FA1D0          1  1.0    31    84    3303    (-,-) 
  gen_rows[2].gen_cols[31].pe_i_csa_tree_ADD_TC_OP_groupi_cdnfadd26/CO    -       CI->CO F     FA1D0          1  1.0    31    84    3387    (-,-) 
  gen_rows[2].gen_cols[31].pe_i_csa_tree_ADD_TC_OP_groupi_cdnfadd27/CO    -       CI->CO F     FA1D0          1  1.0    31    84    3472    (-,-) 
  gen_rows[2].gen_cols[31].pe_i_csa_tree_ADD_TC_OP_groupi_cdnfadd28/CO    -       CI->CO F     FA1D0          1  1.0    31    84    3556    (-,-) 
  gen_rows[2].gen_cols[31].pe_i_csa_tree_ADD_TC_OP_groupi_cdnfadd29/CO    -       CI->CO F     FA1D0          1  1.0    31    84    3641    (-,-) 
  gen_rows[2].gen_cols[31].pe_i_csa_tree_ADD_TC_OP_groupi_cdnfadd30/CO    -       CI->CO F     FA1D0          1  0.8    29    82    3723    (-,-) 
  gen_rows[2].gen_cols[31].pe_i_csa_tree_ADD_TC_OP_groupi_cdnfadd1039/Z   -       A3->Z  R     XOR3D0         1  1.1    35   101    3824    (-,-) 
  g19766/ZN                                                               -       B2->ZN F     AOI22D1        1  0.9    49    40    3864    (-,-) 
  g19765/ZN                                                               -       A2->ZN R     NR2XD0         1  1.0    42    40    3904    (-,-) 
  gen_rows[2].gen_cols[31].pe_i_acc_reg[31]/D                             -       -      R     DFCNQD1        1    -     -     0    3904    (-,-) 
#-------------------------------------------------------------------------------------------------------------------------------------------------

Capture clock path:
#----------------------------------------------------------------------------------------------------------------------
#                Timing Point                  Flags   Arc   Edge   Cell      Fanout Load Trans Delay Arrival Instance 
#                                                                                    (fF)  (ps)  (ps)   (ps)  Location 
#----------------------------------------------------------------------------------------------------------------------
  clk                                          (i)     -     R     (arrival)  123413  0.0     0     0    5000    (-,-) 
  gen_rows[2].gen_cols[31].pe_i_acc_reg[31]/CP <<<     -     R     DFCNQD1    123413    -     0     0    5000    (-,-) 
#----------------------------------------------------------------------------------------------------------------------



Path 17: MET (1061 ps) Setup Check with Pin gen_rows[5].gen_cols[11].pe_i_acc_reg[31]/CP->D
          Group: clk
     Startpoint: (R) activation_in[42]
          Clock: (R) clk
       Endpoint: (R) gen_rows[5].gen_cols[11].pe_i_acc_reg[31]/D
          Clock: (R) clk

                     Capture       Launch     
        Clock Edge:+    5000            0     
        Drv Adjust:+       0            0     
       Src Latency:+       0            0     
       Net Latency:+       0 (I)        0 (I) 
           Arrival:=    5000            0     
                                              
             Setup:-      36                  
     Required Time:=    4964                  
      Launch Clock:-       0                  
       Input Delay:-     500                  
         Data Path:-    3404                  
             Slack:=    1061                  

Exceptions/Constraints:
  input_delay             500             in_del_24_1   

#-------------------------------------------------------------------------------------------------------------------------------------------------
#                              Timing Point                               Flags    Arc   Edge   Cell     Fanout Load Trans Delay Arrival Instance 
#                                                                                                               (fF)  (ps)  (ps)   (ps)  Location 
#-------------------------------------------------------------------------------------------------------------------------------------------------
  activation_in[42]                                                       -       -      R     (arrival)     33 52.2     0     0     500    (-,-) 
  hi_fo_buf86297/Z                                                        -       I->Z   R     CKBD1          2  3.8    39    40     540    (-,-) 
  hi_fo_buf86296/Z                                                        -       I->Z   R     DEL005        17 26.6   223   174     714    (-,-) 
  hi_fo_buf86295/Z                                                        -       I->Z   R     CKBD1          2  4.0    45    85     800    (-,-) 
  hi_fo_buf86290/Z                                                        -       I->Z   R     DEL005        16 25.6   215   172     971    (-,-) 
  gen_rows[5].gen_cols[11].pe_i_csa_tree_ADD_TC_OP_groupi_g987/ZN         -       S->ZN  F     MUX2ND0        2  2.1    88   121    1092    (-,-) 
  gen_rows[5].gen_cols[11].pe_i_csa_tree_ADD_TC_OP_groupi_g916/ZN         -       B2->ZN R     OAI22D1        1  1.1    78    73    1165    (-,-) 
  gen_rows[5].gen_cols[11].pe_i_csa_tree_ADD_TC_OP_groupi_cdnfadd_006_1/S -       CI->S  R     FA1D0          1  2.0    48   130    1295    (-,-) 
  g10947/S                                                                -       D->S   F     CMPE42D1       1  1.9    34   193    1488    (-,-) 
  gen_rows[5].gen_cols[11].pe_i_csa_tree_ADD_TC_OP_groupi_cdnfadd6/CO     -       B->CO  F     FA1D0          1  1.0    31   124    1612    (-,-) 
  gen_rows[5].gen_cols[11].pe_i_csa_tree_ADD_TC_OP_groupi_cdnfadd7/CO     -       CI->CO F     FA1D0          1  1.0    31    84    1696    (-,-) 
  gen_rows[5].gen_cols[11].pe_i_csa_tree_ADD_TC_OP_groupi_cdnfadd8/CO     -       CI->CO F     FA1D0          1  1.0    31    84    1781    (-,-) 
  gen_rows[5].gen_cols[11].pe_i_csa_tree_ADD_TC_OP_groupi_cdnfadd9/CO     -       CI->CO F     FA1D0          1  1.0    31    84    1865    (-,-) 
  gen_rows[5].gen_cols[11].pe_i_csa_tree_ADD_TC_OP_groupi_cdnfadd10/CO    -       CI->CO F     FA1D0          1  1.0    31    84    1950    (-,-) 
  gen_rows[5].gen_cols[11].pe_i_csa_tree_ADD_TC_OP_groupi_cdnfadd11/CO    -       CI->CO F     FA1D0          1  1.9    40    92    2042    (-,-) 
  g10944/CO                                                               -       D->CO  F     CMPE42D1       1  1.0    26   121    2163    (-,-) 
  gen_rows[5].gen_cols[11].pe_i_csa_tree_ADD_TC_OP_groupi_cdnfadd13/CO    -       CI->CO F     FA1D0          1  1.9    40    91    2254    (-,-) 
  g10943/CO                                                               -       D->CO  F     CMPE42D1       1  1.0    26   121    2375    (-,-) 
  gen_rows[5].gen_cols[11].pe_i_csa_tree_ADD_TC_OP_groupi_cdnfadd15/CO    -       CI->CO F     FA1D0          1  1.0    31    83    2458    (-,-) 
  gen_rows[5].gen_cols[11].pe_i_csa_tree_ADD_TC_OP_groupi_cdnfadd16/CO    -       CI->CO F     FA1D0          1  1.0    31    84    2542    (-,-) 
  gen_rows[5].gen_cols[11].pe_i_csa_tree_ADD_TC_OP_groupi_cdnfadd17/CO    -       CI->CO F     FA1D0          1  1.0    31    84    2627    (-,-) 
  gen_rows[5].gen_cols[11].pe_i_csa_tree_ADD_TC_OP_groupi_cdnfadd18/CO    -       CI->CO F     FA1D0          1  1.0    31    84    2711    (-,-) 
  gen_rows[5].gen_cols[11].pe_i_csa_tree_ADD_TC_OP_groupi_cdnfadd19/CO    -       CI->CO F     FA1D0          1  1.0    31    84    2796    (-,-) 
  gen_rows[5].gen_cols[11].pe_i_csa_tree_ADD_TC_OP_groupi_cdnfadd20/CO    -       CI->CO F     FA1D0          1  1.0    31    84    2880    (-,-) 
  gen_rows[5].gen_cols[11].pe_i_csa_tree_ADD_TC_OP_groupi_cdnfadd21/CO    -       CI->CO F     FA1D0          1  1.0    31    84    2965    (-,-) 
  gen_rows[5].gen_cols[11].pe_i_csa_tree_ADD_TC_OP_groupi_cdnfadd22/CO    -       CI->CO F     FA1D0          1  1.0    31    84    3049    (-,-) 
  gen_rows[5].gen_cols[11].pe_i_csa_tree_ADD_TC_OP_groupi_cdnfadd23/CO    -       CI->CO F     FA1D0          1  1.0    31    84    3134    (-,-) 
  gen_rows[5].gen_cols[11].pe_i_csa_tree_ADD_TC_OP_groupi_cdnfadd24/CO    -       CI->CO F     FA1D0          1  1.0    31    84    3218    (-,-) 
  gen_rows[5].gen_cols[11].pe_i_csa_tree_ADD_TC_OP_groupi_cdnfadd25/CO    -       CI->CO F     FA1D0          1  1.0    31    84    3303    (-,-) 
  gen_rows[5].gen_cols[11].pe_i_csa_tree_ADD_TC_OP_groupi_cdnfadd26/CO    -       CI->CO F     FA1D0          1  1.0    31    84    3387    (-,-) 
  gen_rows[5].gen_cols[11].pe_i_csa_tree_ADD_TC_OP_groupi_cdnfadd27/CO    -       CI->CO F     FA1D0          1  1.0    31    84    3472    (-,-) 
  gen_rows[5].gen_cols[11].pe_i_csa_tree_ADD_TC_OP_groupi_cdnfadd28/CO    -       CI->CO F     FA1D0          1  1.0    31    84    3556    (-,-) 
  gen_rows[5].gen_cols[11].pe_i_csa_tree_ADD_TC_OP_groupi_cdnfadd29/CO    -       CI->CO F     FA1D0          1  1.0    31    84    3641    (-,-) 
  gen_rows[5].gen_cols[11].pe_i_csa_tree_ADD_TC_OP_groupi_cdnfadd30/CO    -       CI->CO F     FA1D0          1  0.8    29    82    3723    (-,-) 
  gen_rows[5].gen_cols[11].pe_i_csa_tree_ADD_TC_OP_groupi_cdnfadd1039/Z   -       A3->Z  R     XOR3D0         1  1.1    35   101    3824    (-,-) 
  g21109/ZN                                                               -       B2->ZN F     AOI22D1        1  0.9    49    40    3864    (-,-) 
  g21108/ZN                                                               -       A2->ZN R     NR2XD0         1  1.0    42    40    3904    (-,-) 
  gen_rows[5].gen_cols[11].pe_i_acc_reg[31]/D                             -       -      R     DFCNQD1        1    -     -     0    3904    (-,-) 
#-------------------------------------------------------------------------------------------------------------------------------------------------

Capture clock path:
#----------------------------------------------------------------------------------------------------------------------
#                Timing Point                  Flags   Arc   Edge   Cell      Fanout Load Trans Delay Arrival Instance 
#                                                                                    (fF)  (ps)  (ps)   (ps)  Location 
#----------------------------------------------------------------------------------------------------------------------
  clk                                          (i)     -     R     (arrival)  123413  0.0     0     0    5000    (-,-) 
  gen_rows[5].gen_cols[11].pe_i_acc_reg[31]/CP <<<     -     R     DFCNQD1    123413    -     0     0    5000    (-,-) 
#----------------------------------------------------------------------------------------------------------------------



Path 18: MET (1061 ps) Setup Check with Pin gen_rows[5].gen_cols[4].pe_i_acc_reg[31]/CP->D
          Group: clk
     Startpoint: (R) activation_in[42]
          Clock: (R) clk
       Endpoint: (R) gen_rows[5].gen_cols[4].pe_i_acc_reg[31]/D
          Clock: (R) clk

                     Capture       Launch     
        Clock Edge:+    5000            0     
        Drv Adjust:+       0            0     
       Src Latency:+       0            0     
       Net Latency:+       0 (I)        0 (I) 
           Arrival:=    5000            0     
                                              
             Setup:-      36                  
     Required Time:=    4964                  
      Launch Clock:-       0                  
       Input Delay:-     500                  
         Data Path:-    3404                  
             Slack:=    1061                  

Exceptions/Constraints:
  input_delay             500             in_del_24_1   

#------------------------------------------------------------------------------------------------------------------------------------------------
#                             Timing Point                               Flags    Arc   Edge   Cell     Fanout Load Trans Delay Arrival Instance 
#                                                                                                              (fF)  (ps)  (ps)   (ps)  Location 
#------------------------------------------------------------------------------------------------------------------------------------------------
  activation_in[42]                                                      -       -      R     (arrival)     33 52.2     0     0     500    (-,-) 
  hi_fo_buf86297/Z                                                       -       I->Z   R     CKBD1          2  3.8    39    40     540    (-,-) 
  hi_fo_buf86296/Z                                                       -       I->Z   R     DEL005        17 26.6   223   174     714    (-,-) 
  hi_fo_buf86295/Z                                                       -       I->Z   R     CKBD1          2  4.0    45    85     800    (-,-) 
  hi_fo_buf86290/Z                                                       -       I->Z   R     DEL005        16 25.6   215   172     971    (-,-) 
  gen_rows[5].gen_cols[4].pe_i_csa_tree_ADD_TC_OP_groupi_g987/ZN         -       S->ZN  F     MUX2ND0        2  2.1    88   121    1092    (-,-) 
  gen_rows[5].gen_cols[4].pe_i_csa_tree_ADD_TC_OP_groupi_g916/ZN         -       B2->ZN R     OAI22D1        1  1.1    78    73    1165    (-,-) 
  gen_rows[5].gen_cols[4].pe_i_csa_tree_ADD_TC_OP_groupi_cdnfadd_006_1/S -       CI->S  R     FA1D0          1  2.0    48   130    1295    (-,-) 
  g10929/S                                                               -       D->S   F     CMPE42D1       1  1.9    34   193    1488    (-,-) 
  gen_rows[5].gen_cols[4].pe_i_csa_tree_ADD_TC_OP_groupi_cdnfadd6/CO     -       B->CO  F     FA1D0          1  1.0    31   124    1612    (-,-) 
  gen_rows[5].gen_cols[4].pe_i_csa_tree_ADD_TC_OP_groupi_cdnfadd7/CO     -       CI->CO F     FA1D0          1  1.0    31    84    1696    (-,-) 
  gen_rows[5].gen_cols[4].pe_i_csa_tree_ADD_TC_OP_groupi_cdnfadd8/CO     -       CI->CO F     FA1D0          1  1.0    31    84    1781    (-,-) 
  gen_rows[5].gen_cols[4].pe_i_csa_tree_ADD_TC_OP_groupi_cdnfadd9/CO     -       CI->CO F     FA1D0          1  1.0    31    84    1865    (-,-) 
  gen_rows[5].gen_cols[4].pe_i_csa_tree_ADD_TC_OP_groupi_cdnfadd10/CO    -       CI->CO F     FA1D0          1  1.0    31    84    1950    (-,-) 
  gen_rows[5].gen_cols[4].pe_i_csa_tree_ADD_TC_OP_groupi_cdnfadd11/CO    -       CI->CO F     FA1D0          1  1.9    40    92    2042    (-,-) 
  g10926/CO                                                              -       D->CO  F     CMPE42D1       1  1.0    26   121    2163    (-,-) 
  gen_rows[5].gen_cols[4].pe_i_csa_tree_ADD_TC_OP_groupi_cdnfadd13/CO    -       CI->CO F     FA1D0          1  1.9    40    91    2254    (-,-) 
  g10925/CO                                                              -       D->CO  F     CMPE42D1       1  1.0    26   121    2375    (-,-) 
  gen_rows[5].gen_cols[4].pe_i_csa_tree_ADD_TC_OP_groupi_cdnfadd15/CO    -       CI->CO F     FA1D0          1  1.0    31    83    2458    (-,-) 
  gen_rows[5].gen_cols[4].pe_i_csa_tree_ADD_TC_OP_groupi_cdnfadd16/CO    -       CI->CO F     FA1D0          1  1.0    31    84    2542    (-,-) 
  gen_rows[5].gen_cols[4].pe_i_csa_tree_ADD_TC_OP_groupi_cdnfadd17/CO    -       CI->CO F     FA1D0          1  1.0    31    84    2627    (-,-) 
  gen_rows[5].gen_cols[4].pe_i_csa_tree_ADD_TC_OP_groupi_cdnfadd18/CO    -       CI->CO F     FA1D0          1  1.0    31    84    2711    (-,-) 
  gen_rows[5].gen_cols[4].pe_i_csa_tree_ADD_TC_OP_groupi_cdnfadd19/CO    -       CI->CO F     FA1D0          1  1.0    31    84    2796    (-,-) 
  gen_rows[5].gen_cols[4].pe_i_csa_tree_ADD_TC_OP_groupi_cdnfadd20/CO    -       CI->CO F     FA1D0          1  1.0    31    84    2880    (-,-) 
  gen_rows[5].gen_cols[4].pe_i_csa_tree_ADD_TC_OP_groupi_cdnfadd21/CO    -       CI->CO F     FA1D0          1  1.0    31    84    2965    (-,-) 
  gen_rows[5].gen_cols[4].pe_i_csa_tree_ADD_TC_OP_groupi_cdnfadd22/CO    -       CI->CO F     FA1D0          1  1.0    31    84    3049    (-,-) 
  gen_rows[5].gen_cols[4].pe_i_csa_tree_ADD_TC_OP_groupi_cdnfadd23/CO    -       CI->CO F     FA1D0          1  1.0    31    84    3134    (-,-) 
  gen_rows[5].gen_cols[4].pe_i_csa_tree_ADD_TC_OP_groupi_cdnfadd24/CO    -       CI->CO F     FA1D0          1  1.0    31    84    3218    (-,-) 
  gen_rows[5].gen_cols[4].pe_i_csa_tree_ADD_TC_OP_groupi_cdnfadd25/CO    -       CI->CO F     FA1D0          1  1.0    31    84    3303    (-,-) 
  gen_rows[5].gen_cols[4].pe_i_csa_tree_ADD_TC_OP_groupi_cdnfadd26/CO    -       CI->CO F     FA1D0          1  1.0    31    84    3387    (-,-) 
  gen_rows[5].gen_cols[4].pe_i_csa_tree_ADD_TC_OP_groupi_cdnfadd27/CO    -       CI->CO F     FA1D0          1  1.0    31    84    3472    (-,-) 
  gen_rows[5].gen_cols[4].pe_i_csa_tree_ADD_TC_OP_groupi_cdnfadd28/CO    -       CI->CO F     FA1D0          1  1.0    31    84    3556    (-,-) 
  gen_rows[5].gen_cols[4].pe_i_csa_tree_ADD_TC_OP_groupi_cdnfadd29/CO    -       CI->CO F     FA1D0          1  1.0    31    84    3641    (-,-) 
  gen_rows[5].gen_cols[4].pe_i_csa_tree_ADD_TC_OP_groupi_cdnfadd30/CO    -       CI->CO F     FA1D0          1  0.8    29    82    3723    (-,-) 
  gen_rows[5].gen_cols[4].pe_i_csa_tree_ADD_TC_OP_groupi_cdnfadd1039/Z   -       A3->Z  R     XOR3D0         1  1.1    35   101    3824    (-,-) 
  g21045/ZN                                                              -       B2->ZN F     AOI22D1        1  0.9    49    40    3864    (-,-) 
  g21044/ZN                                                              -       A2->ZN R     NR2XD0         1  1.0    42    40    3904    (-,-) 
  gen_rows[5].gen_cols[4].pe_i_acc_reg[31]/D                             -       -      R     DFCNQD1        1    -     -     0    3904    (-,-) 
#------------------------------------------------------------------------------------------------------------------------------------------------

Capture clock path:
#---------------------------------------------------------------------------------------------------------------------
#                Timing Point                 Flags   Arc   Edge   Cell      Fanout Load Trans Delay Arrival Instance 
#                                                                                   (fF)  (ps)  (ps)   (ps)  Location 
#---------------------------------------------------------------------------------------------------------------------
  clk                                         (i)     -     R     (arrival)  123413  0.0     0     0    5000    (-,-) 
  gen_rows[5].gen_cols[4].pe_i_acc_reg[31]/CP <<<     -     R     DFCNQD1    123413    -     0     0    5000    (-,-) 
#---------------------------------------------------------------------------------------------------------------------



Path 19: MET (1061 ps) Setup Check with Pin gen_rows[5].gen_cols[12].pe_i_acc_reg[31]/CP->D
          Group: clk
     Startpoint: (R) activation_in[42]
          Clock: (R) clk
       Endpoint: (R) gen_rows[5].gen_cols[12].pe_i_acc_reg[31]/D
          Clock: (R) clk

                     Capture       Launch     
        Clock Edge:+    5000            0     
        Drv Adjust:+       0            0     
       Src Latency:+       0            0     
       Net Latency:+       0 (I)        0 (I) 
           Arrival:=    5000            0     
                                              
             Setup:-      36                  
     Required Time:=    4964                  
      Launch Clock:-       0                  
       Input Delay:-     500                  
         Data Path:-    3404                  
             Slack:=    1061                  

Exceptions/Constraints:
  input_delay             500             in_del_24_1   

#-------------------------------------------------------------------------------------------------------------------------------------------------
#                              Timing Point                               Flags    Arc   Edge   Cell     Fanout Load Trans Delay Arrival Instance 
#                                                                                                               (fF)  (ps)  (ps)   (ps)  Location 
#-------------------------------------------------------------------------------------------------------------------------------------------------
  activation_in[42]                                                       -       -      R     (arrival)     33 52.2     0     0     500    (-,-) 
  hi_fo_buf86297/Z                                                        -       I->Z   R     CKBD1          2  3.8    39    40     540    (-,-) 
  hi_fo_buf86296/Z                                                        -       I->Z   R     DEL005        17 26.6   223   174     714    (-,-) 
  hi_fo_buf86295/Z                                                        -       I->Z   R     CKBD1          2  4.0    45    85     800    (-,-) 
  hi_fo_buf86290/Z                                                        -       I->Z   R     DEL005        16 25.6   215   172     971    (-,-) 
  gen_rows[5].gen_cols[12].pe_i_csa_tree_ADD_TC_OP_groupi_g987/ZN         -       S->ZN  F     MUX2ND0        2  2.1    88   121    1092    (-,-) 
  gen_rows[5].gen_cols[12].pe_i_csa_tree_ADD_TC_OP_groupi_g916/ZN         -       B2->ZN R     OAI22D1        1  1.1    78    73    1165    (-,-) 
  gen_rows[5].gen_cols[12].pe_i_csa_tree_ADD_TC_OP_groupi_cdnfadd_006_1/S -       CI->S  R     FA1D0          1  2.0    48   130    1295    (-,-) 
  g10905/S                                                                -       D->S   F     CMPE42D1       1  1.9    34   193    1488    (-,-) 
  gen_rows[5].gen_cols[12].pe_i_csa_tree_ADD_TC_OP_groupi_cdnfadd6/CO     -       B->CO  F     FA1D0          1  1.0    31   124    1612    (-,-) 
  gen_rows[5].gen_cols[12].pe_i_csa_tree_ADD_TC_OP_groupi_cdnfadd7/CO     -       CI->CO F     FA1D0          1  1.0    31    84    1696    (-,-) 
  gen_rows[5].gen_cols[12].pe_i_csa_tree_ADD_TC_OP_groupi_cdnfadd8/CO     -       CI->CO F     FA1D0          1  1.0    31    84    1781    (-,-) 
  gen_rows[5].gen_cols[12].pe_i_csa_tree_ADD_TC_OP_groupi_cdnfadd9/CO     -       CI->CO F     FA1D0          1  1.0    31    84    1865    (-,-) 
  gen_rows[5].gen_cols[12].pe_i_csa_tree_ADD_TC_OP_groupi_cdnfadd10/CO    -       CI->CO F     FA1D0          1  1.0    31    84    1950    (-,-) 
  gen_rows[5].gen_cols[12].pe_i_csa_tree_ADD_TC_OP_groupi_cdnfadd11/CO    -       CI->CO F     FA1D0          1  1.9    40    92    2042    (-,-) 
  g10902/CO                                                               -       D->CO  F     CMPE42D1       1  1.0    26   121    2163    (-,-) 
  gen_rows[5].gen_cols[12].pe_i_csa_tree_ADD_TC_OP_groupi_cdnfadd13/CO    -       CI->CO F     FA1D0          1  1.9    40    91    2254    (-,-) 
  g10901/CO                                                               -       D->CO  F     CMPE42D1       1  1.0    26   121    2375    (-,-) 
  gen_rows[5].gen_cols[12].pe_i_csa_tree_ADD_TC_OP_groupi_cdnfadd15/CO    -       CI->CO F     FA1D0          1  1.0    31    83    2458    (-,-) 
  gen_rows[5].gen_cols[12].pe_i_csa_tree_ADD_TC_OP_groupi_cdnfadd16/CO    -       CI->CO F     FA1D0          1  1.0    31    84    2542    (-,-) 
  gen_rows[5].gen_cols[12].pe_i_csa_tree_ADD_TC_OP_groupi_cdnfadd17/CO    -       CI->CO F     FA1D0          1  1.0    31    84    2627    (-,-) 
  gen_rows[5].gen_cols[12].pe_i_csa_tree_ADD_TC_OP_groupi_cdnfadd18/CO    -       CI->CO F     FA1D0          1  1.0    31    84    2711    (-,-) 
  gen_rows[5].gen_cols[12].pe_i_csa_tree_ADD_TC_OP_groupi_cdnfadd19/CO    -       CI->CO F     FA1D0          1  1.0    31    84    2796    (-,-) 
  gen_rows[5].gen_cols[12].pe_i_csa_tree_ADD_TC_OP_groupi_cdnfadd20/CO    -       CI->CO F     FA1D0          1  1.0    31    84    2880    (-,-) 
  gen_rows[5].gen_cols[12].pe_i_csa_tree_ADD_TC_OP_groupi_cdnfadd21/CO    -       CI->CO F     FA1D0          1  1.0    31    84    2965    (-,-) 
  gen_rows[5].gen_cols[12].pe_i_csa_tree_ADD_TC_OP_groupi_cdnfadd22/CO    -       CI->CO F     FA1D0          1  1.0    31    84    3049    (-,-) 
  gen_rows[5].gen_cols[12].pe_i_csa_tree_ADD_TC_OP_groupi_cdnfadd23/CO    -       CI->CO F     FA1D0          1  1.0    31    84    3134    (-,-) 
  gen_rows[5].gen_cols[12].pe_i_csa_tree_ADD_TC_OP_groupi_cdnfadd24/CO    -       CI->CO F     FA1D0          1  1.0    31    84    3218    (-,-) 
  gen_rows[5].gen_cols[12].pe_i_csa_tree_ADD_TC_OP_groupi_cdnfadd25/CO    -       CI->CO F     FA1D0          1  1.0    31    84    3303    (-,-) 
  gen_rows[5].gen_cols[12].pe_i_csa_tree_ADD_TC_OP_groupi_cdnfadd26/CO    -       CI->CO F     FA1D0          1  1.0    31    84    3387    (-,-) 
  gen_rows[5].gen_cols[12].pe_i_csa_tree_ADD_TC_OP_groupi_cdnfadd27/CO    -       CI->CO F     FA1D0          1  1.0    31    84    3472    (-,-) 
  gen_rows[5].gen_cols[12].pe_i_csa_tree_ADD_TC_OP_groupi_cdnfadd28/CO    -       CI->CO F     FA1D0          1  1.0    31    84    3556    (-,-) 
  gen_rows[5].gen_cols[12].pe_i_csa_tree_ADD_TC_OP_groupi_cdnfadd29/CO    -       CI->CO F     FA1D0          1  1.0    31    84    3641    (-,-) 
  gen_rows[5].gen_cols[12].pe_i_csa_tree_ADD_TC_OP_groupi_cdnfadd30/CO    -       CI->CO F     FA1D0          1  0.8    29    82    3723    (-,-) 
  gen_rows[5].gen_cols[12].pe_i_csa_tree_ADD_TC_OP_groupi_cdnfadd1039/Z   -       A3->Z  R     XOR3D0         1  1.1    35   101    3824    (-,-) 
  g21173/ZN                                                               -       B2->ZN F     AOI22D1        1  0.9    49    40    3864    (-,-) 
  g21172/ZN                                                               -       A2->ZN R     NR2XD0         1  1.0    42    40    3904    (-,-) 
  gen_rows[5].gen_cols[12].pe_i_acc_reg[31]/D                             -       -      R     DFCNQD1        1    -     -     0    3904    (-,-) 
#-------------------------------------------------------------------------------------------------------------------------------------------------

Capture clock path:
#----------------------------------------------------------------------------------------------------------------------
#                Timing Point                  Flags   Arc   Edge   Cell      Fanout Load Trans Delay Arrival Instance 
#                                                                                    (fF)  (ps)  (ps)   (ps)  Location 
#----------------------------------------------------------------------------------------------------------------------
  clk                                          (i)     -     R     (arrival)  123413  0.0     0     0    5000    (-,-) 
  gen_rows[5].gen_cols[12].pe_i_acc_reg[31]/CP <<<     -     R     DFCNQD1    123413    -     0     0    5000    (-,-) 
#----------------------------------------------------------------------------------------------------------------------



Path 20: MET (1061 ps) Setup Check with Pin gen_rows[5].gen_cols[31].pe_i_acc_reg[31]/CP->D
          Group: clk
     Startpoint: (R) activation_in[42]
          Clock: (R) clk
       Endpoint: (R) gen_rows[5].gen_cols[31].pe_i_acc_reg[31]/D
          Clock: (R) clk

                     Capture       Launch     
        Clock Edge:+    5000            0     
        Drv Adjust:+       0            0     
       Src Latency:+       0            0     
       Net Latency:+       0 (I)        0 (I) 
           Arrival:=    5000            0     
                                              
             Setup:-      36                  
     Required Time:=    4964                  
      Launch Clock:-       0                  
       Input Delay:-     500                  
         Data Path:-    3404                  
             Slack:=    1061                  

Exceptions/Constraints:
  input_delay             500             in_del_24_1   

#-------------------------------------------------------------------------------------------------------------------------------------------------
#                              Timing Point                               Flags    Arc   Edge   Cell     Fanout Load Trans Delay Arrival Instance 
#                                                                                                               (fF)  (ps)  (ps)   (ps)  Location 
#-------------------------------------------------------------------------------------------------------------------------------------------------
  activation_in[42]                                                       -       -      R     (arrival)     33 52.2     0     0     500    (-,-) 
  hi_fo_buf86297/Z                                                        -       I->Z   R     CKBD1          2  3.8    39    40     540    (-,-) 
  hi_fo_buf86296/Z                                                        -       I->Z   R     DEL005        17 26.6   223   174     714    (-,-) 
  hi_fo_buf86295/Z                                                        -       I->Z   R     CKBD1          2  4.0    45    85     800    (-,-) 
  hi_fo_buf86290/Z                                                        -       I->Z   R     DEL005        16 25.6   215   172     971    (-,-) 
  gen_rows[5].gen_cols[31].pe_i_csa_tree_ADD_TC_OP_groupi_g987/ZN         -       S->ZN  F     MUX2ND0        2  2.1    88   121    1092    (-,-) 
  gen_rows[5].gen_cols[31].pe_i_csa_tree_ADD_TC_OP_groupi_g916/ZN         -       B2->ZN R     OAI22D1        1  1.1    78    73    1165    (-,-) 
  gen_rows[5].gen_cols[31].pe_i_csa_tree_ADD_TC_OP_groupi_cdnfadd_006_1/S -       CI->S  R     FA1D0          1  2.0    48   130    1295    (-,-) 
  g10779/S                                                                -       D->S   F     CMPE42D1       1  1.9    34   193    1488    (-,-) 
  gen_rows[5].gen_cols[31].pe_i_csa_tree_ADD_TC_OP_groupi_cdnfadd6/CO     -       B->CO  F     FA1D0          1  1.0    31   124    1612    (-,-) 
  gen_rows[5].gen_cols[31].pe_i_csa_tree_ADD_TC_OP_groupi_cdnfadd7/CO     -       CI->CO F     FA1D0          1  1.0    31    84    1696    (-,-) 
  gen_rows[5].gen_cols[31].pe_i_csa_tree_ADD_TC_OP_groupi_cdnfadd8/CO     -       CI->CO F     FA1D0          1  1.0    31    84    1781    (-,-) 
  gen_rows[5].gen_cols[31].pe_i_csa_tree_ADD_TC_OP_groupi_cdnfadd9/CO     -       CI->CO F     FA1D0          1  1.0    31    84    1865    (-,-) 
  gen_rows[5].gen_cols[31].pe_i_csa_tree_ADD_TC_OP_groupi_cdnfadd10/CO    -       CI->CO F     FA1D0          1  1.0    31    84    1950    (-,-) 
  gen_rows[5].gen_cols[31].pe_i_csa_tree_ADD_TC_OP_groupi_cdnfadd11/CO    -       CI->CO F     FA1D0          1  1.9    40    92    2042    (-,-) 
  g10776/CO                                                               -       D->CO  F     CMPE42D1       1  1.0    26   121    2163    (-,-) 
  gen_rows[5].gen_cols[31].pe_i_csa_tree_ADD_TC_OP_groupi_cdnfadd13/CO    -       CI->CO F     FA1D0          1  1.9    40    91    2254    (-,-) 
  g10775/CO                                                               -       D->CO  F     CMPE42D1       1  1.0    26   121    2375    (-,-) 
  gen_rows[5].gen_cols[31].pe_i_csa_tree_ADD_TC_OP_groupi_cdnfadd15/CO    -       CI->CO F     FA1D0          1  1.0    31    83    2458    (-,-) 
  gen_rows[5].gen_cols[31].pe_i_csa_tree_ADD_TC_OP_groupi_cdnfadd16/CO    -       CI->CO F     FA1D0          1  1.0    31    84    2542    (-,-) 
  gen_rows[5].gen_cols[31].pe_i_csa_tree_ADD_TC_OP_groupi_cdnfadd17/CO    -       CI->CO F     FA1D0          1  1.0    31    84    2627    (-,-) 
  gen_rows[5].gen_cols[31].pe_i_csa_tree_ADD_TC_OP_groupi_cdnfadd18/CO    -       CI->CO F     FA1D0          1  1.0    31    84    2711    (-,-) 
  gen_rows[5].gen_cols[31].pe_i_csa_tree_ADD_TC_OP_groupi_cdnfadd19/CO    -       CI->CO F     FA1D0          1  1.0    31    84    2796    (-,-) 
  gen_rows[5].gen_cols[31].pe_i_csa_tree_ADD_TC_OP_groupi_cdnfadd20/CO    -       CI->CO F     FA1D0          1  1.0    31    84    2880    (-,-) 
  gen_rows[5].gen_cols[31].pe_i_csa_tree_ADD_TC_OP_groupi_cdnfadd21/CO    -       CI->CO F     FA1D0          1  1.0    31    84    2965    (-,-) 
  gen_rows[5].gen_cols[31].pe_i_csa_tree_ADD_TC_OP_groupi_cdnfadd22/CO    -       CI->CO F     FA1D0          1  1.0    31    84    3049    (-,-) 
  gen_rows[5].gen_cols[31].pe_i_csa_tree_ADD_TC_OP_groupi_cdnfadd23/CO    -       CI->CO F     FA1D0          1  1.0    31    84    3134    (-,-) 
  gen_rows[5].gen_cols[31].pe_i_csa_tree_ADD_TC_OP_groupi_cdnfadd24/CO    -       CI->CO F     FA1D0          1  1.0    31    84    3218    (-,-) 
  gen_rows[5].gen_cols[31].pe_i_csa_tree_ADD_TC_OP_groupi_cdnfadd25/CO    -       CI->CO F     FA1D0          1  1.0    31    84    3303    (-,-) 
  gen_rows[5].gen_cols[31].pe_i_csa_tree_ADD_TC_OP_groupi_cdnfadd26/CO    -       CI->CO F     FA1D0          1  1.0    31    84    3387    (-,-) 
  gen_rows[5].gen_cols[31].pe_i_csa_tree_ADD_TC_OP_groupi_cdnfadd27/CO    -       CI->CO F     FA1D0          1  1.0    31    84    3472    (-,-) 
  gen_rows[5].gen_cols[31].pe_i_csa_tree_ADD_TC_OP_groupi_cdnfadd28/CO    -       CI->CO F     FA1D0          1  1.0    31    84    3556    (-,-) 
  gen_rows[5].gen_cols[31].pe_i_csa_tree_ADD_TC_OP_groupi_cdnfadd29/CO    -       CI->CO F     FA1D0          1  1.0    31    84    3641    (-,-) 
  gen_rows[5].gen_cols[31].pe_i_csa_tree_ADD_TC_OP_groupi_cdnfadd30/CO    -       CI->CO F     FA1D0          1  0.8    29    82    3723    (-,-) 
  gen_rows[5].gen_cols[31].pe_i_csa_tree_ADD_TC_OP_groupi_cdnfadd1039/Z   -       A3->Z  R     XOR3D0         1  1.1    35   101    3824    (-,-) 
  g21557/ZN                                                               -       B2->ZN F     AOI22D1        1  0.9    49    40    3864    (-,-) 
  g21556/ZN                                                               -       A2->ZN R     NR2XD0         1  1.0    42    40    3904    (-,-) 
  gen_rows[5].gen_cols[31].pe_i_acc_reg[31]/D                             -       -      R     DFCNQD1        1    -     -     0    3904    (-,-) 
#-------------------------------------------------------------------------------------------------------------------------------------------------

Capture clock path:
#----------------------------------------------------------------------------------------------------------------------
#                Timing Point                  Flags   Arc   Edge   Cell      Fanout Load Trans Delay Arrival Instance 
#                                                                                    (fF)  (ps)  (ps)   (ps)  Location 
#----------------------------------------------------------------------------------------------------------------------
  clk                                          (i)     -     R     (arrival)  123413  0.0     0     0    5000    (-,-) 
  gen_rows[5].gen_cols[31].pe_i_acc_reg[31]/CP <<<     -     R     DFCNQD1    123413    -     0     0    5000    (-,-) 
#----------------------------------------------------------------------------------------------------------------------

