============================================================
  Generated by:           Genus(TM) Synthesis Solution 23.15-s099_1
  Generated on:           Aug 23 2026  12:53:12 am
  Module:                 accelerator_alexnet_v2_int16_ROWS8_COLS32
  Operating conditions:   NCCOM (balanced_tree)
  Wireload mode:          segmented
  Area mode:              timing library
============================================================


Path 1: MET (1 ps) Setup Check with Pin gen_rows[0].gen_cols[30].pe_i_dut_acc_out_reg[47]/CP->D
          Group: clk
     Startpoint: (R) gen_rows[0].gen_cols[29].pe_i_dut_data_out_reg[2]/CP
          Clock: (R) clk
       Endpoint: (R) gen_rows[0].gen_cols[30].pe_i_dut_acc_out_reg[47]/D
          Clock: (R) clk

                     Capture       Launch     
        Clock Edge:+    5000            0     
       Src Latency:+       0            0     
       Net Latency:+       0 (I)        0 (I) 
           Arrival:=    5000            0     
                                              
             Setup:-      43                  
     Required Time:=    4957                  
      Launch Clock:-       0                  
         Data Path:-    4957                  
             Slack:=       1                  

Launch clock path:
#------------------------------------------------------------------------------------------------------------------------------
#                    Timing Point                      Flags   Arc   Edge   Cell      Fanout Load Trans Delay Arrival Instance 
#                                                                                            (fF)  (ps)  (ps)   (ps)  Location 
#------------------------------------------------------------------------------------------------------------------------------
  clk                                                  (i)     -     R     (arrival)  103965  0.0     0     0       0    (-,-) 
  gen_rows[0].gen_cols[29].pe_i_dut_data_out_reg[2]/CP <<<     -     R     DFCND1     103965    -     0     0       0    (-,-) 
#------------------------------------------------------------------------------------------------------------------------------

#----------------------------------------------------------------------------------------------------------------------------------------------------
#                               Timing Point                                Flags    Arc   Edge   Cell      Fanout Load Trans Delay Arrival Instance 
#                                                                                                                  (fF)  (ps)  (ps)   (ps)  Location 
#----------------------------------------------------------------------------------------------------------------------------------------------------
  gen_rows[0].gen_cols[29].pe_i_dut_data_out_reg[2]/CP                      -       -      R     (arrival)  103965    -     0     0       0    (-,-) 
  gen_rows[0].gen_cols[29].pe_i_dut_data_out_reg[2]/QN                      -       CP->QN R     DFCND1         40 44.9   368   366     366    (-,-) 
  gen_rows[0].gen_cols[30].pe_i_dut_csa_tree_ADD_TC_OP_groupi_g3718/Z       -       A2->Z  R     OR2XD1          2  2.0    35    88     454    (-,-) 
  gen_rows[0].gen_cols[30].pe_i_dut_csa_tree_ADD_TC_OP_groupi_g3683/ZN      -       B->ZN  F     IOA21D1         2  1.7    34    31     485    (-,-) 
  gen_rows[0].gen_cols[30].pe_i_dut_csa_tree_ADD_TC_OP_groupi_g3763/ZN      -       A1->ZN F     IND2D1         16 14.3   154   132     617    (-,-) 
  gen_rows[0].gen_cols[30].pe_i_dut_csa_tree_ADD_TC_OP_groupi_g3553/ZN      -       A2->ZN R     AOI21D1         2  2.1    83    83     700    (-,-) 
  gen_rows[0].gen_cols[30].pe_i_dut_csa_tree_ADD_TC_OP_groupi_g3489/ZN      -       A1->ZN F     MOAI22D1        1  1.9   102    44     744    (-,-) 
  gen_rows[0].gen_cols[30].pe_i_dut_csa_tree_ADD_TC_OP_groupi_cdnfadd/CO    -       B->CO  F     FA1D0           1  1.0    32   146     890    (-,-) 
  gen_rows[0].gen_cols[30].pe_i_dut_csa_tree_ADD_TC_OP_groupi_cdnfadd1/CO   -       CI->CO F     FA1D0           1  1.0    31    85     975    (-,-) 
  gen_rows[0].gen_cols[30].pe_i_dut_csa_tree_ADD_TC_OP_groupi_cdnfadd2/CO   -       CI->CO F     FA1D0           1  1.0    31    84    1059    (-,-) 
  gen_rows[0].gen_cols[30].pe_i_dut_csa_tree_ADD_TC_OP_groupi_cdnfadd3/CO   -       CI->CO F     FA1D0           1  1.9    40    92    1152    (-,-) 
  g74642/CO                                                                 -       D->CO  F     CMPE42D1        1  1.9    33   126    1278    (-,-) 
  g74641/CO                                                                 -       D->CO  F     CMPE42D1        1  1.0    28   119    1396    (-,-) 
  gen_rows[0].gen_cols[30].pe_i_dut_csa_tree_ADD_TC_OP_groupi_cdnfadd6/CO   -       CI->CO F     FA1D0           1  1.0    31    83    1479    (-,-) 
  gen_rows[0].gen_cols[30].pe_i_dut_csa_tree_ADD_TC_OP_groupi_cdnfadd7/CO   -       CI->CO F     FA1D0           1  1.0    31    84    1564    (-,-) 
  gen_rows[0].gen_cols[30].pe_i_dut_csa_tree_ADD_TC_OP_groupi_cdnfadd8/CO   -       CI->CO F     FA1D0           1  1.0    31    84    1648    (-,-) 
  gen_rows[0].gen_cols[30].pe_i_dut_csa_tree_ADD_TC_OP_groupi_cdnfadd9/CO   -       CI->CO F     FA1D0           1  1.0    31    84    1733    (-,-) 
  gen_rows[0].gen_cols[30].pe_i_dut_csa_tree_ADD_TC_OP_groupi_cdnfadd10/CO  -       CI->CO F     FA1D0           1  1.0    31    84    1817    (-,-) 
  gen_rows[0].gen_cols[30].pe_i_dut_csa_tree_ADD_TC_OP_groupi_cdnfadd11/CO  -       CI->CO F     FA1D0           1  1.0    31    84    1902    (-,-) 
  gen_rows[0].gen_cols[30].pe_i_dut_csa_tree_ADD_TC_OP_groupi_cdnfadd12/CO  -       CI->CO F     FA1D0           1  1.0    31    84    1986    (-,-) 
  gen_rows[0].gen_cols[30].pe_i_dut_csa_tree_ADD_TC_OP_groupi_cdnfadd13/CO  -       CI->CO F     FA1D0           1  1.0    31    84    2071    (-,-) 
  gen_rows[0].gen_cols[30].pe_i_dut_csa_tree_ADD_TC_OP_groupi_cdnfadd14/CO  -       CI->CO F     FA1D0           1  1.0    31    84    2155    (-,-) 
  gen_rows[0].gen_cols[30].pe_i_dut_csa_tree_ADD_TC_OP_groupi_cdnfadd15/CO  -       CI->CO F     FA1D0           1  1.0    31    84    2240    (-,-) 
  gen_rows[0].gen_cols[30].pe_i_dut_csa_tree_ADD_TC_OP_groupi_cdnfadd16/CO  -       CI->CO F     FA1D0           1  1.0    31    84    2324    (-,-) 
  gen_rows[0].gen_cols[30].pe_i_dut_csa_tree_ADD_TC_OP_groupi_cdnfadd17/CO  -       CI->CO F     FA1D0           1  1.0    31    84    2409    (-,-) 
  gen_rows[0].gen_cols[30].pe_i_dut_csa_tree_ADD_TC_OP_groupi_cdnfadd18/CO  -       CI->CO F     FA1D0           1  1.0    31    84    2493    (-,-) 
  gen_rows[0].gen_cols[30].pe_i_dut_csa_tree_ADD_TC_OP_groupi_cdnfadd19/CO  -       CI->CO F     FA1D0           1  1.0    31    84    2578    (-,-) 
  gen_rows[0].gen_cols[30].pe_i_dut_csa_tree_ADD_TC_OP_groupi_cdnfadd20/CO  -       CI->CO F     FA1D0           1  1.0    31    84    2662    (-,-) 
  gen_rows[0].gen_cols[30].pe_i_dut_csa_tree_ADD_TC_OP_groupi_cdnfadd21/CO  -       CI->CO F     FA1D0           1  1.0    31    84    2747    (-,-) 
  gen_rows[0].gen_cols[30].pe_i_dut_csa_tree_ADD_TC_OP_groupi_cdnfadd22/CO  -       CI->CO F     FA1D0           1  1.0    31    84    2831    (-,-) 
  gen_rows[0].gen_cols[30].pe_i_dut_csa_tree_ADD_TC_OP_groupi_cdnfadd23/CO  -       CI->CO F     FA1D0           1  1.0    31    84    2916    (-,-) 
  gen_rows[0].gen_cols[30].pe_i_dut_csa_tree_ADD_TC_OP_groupi_cdnfadd24/CO  -       CI->CO F     FA1D0           1  1.0    31    84    3000    (-,-) 
  gen_rows[0].gen_cols[30].pe_i_dut_csa_tree_ADD_TC_OP_groupi_cdnfadd25/CO  -       CI->CO F     FA1D0           1  1.0    31    84    3085    (-,-) 
  gen_rows[0].gen_cols[30].pe_i_dut_csa_tree_ADD_TC_OP_groupi_cdnfadd26/CO  -       CI->CO F     FA1D0           1  1.0    31    84    3169    (-,-) 
  gen_rows[0].gen_cols[30].pe_i_dut_csa_tree_ADD_TC_OP_groupi_cdnfadd27/CO  -       CI->CO F     FA1D0           1  1.0    31    84    3254    (-,-) 
  gen_rows[0].gen_cols[30].pe_i_dut_csa_tree_ADD_TC_OP_groupi_cdnfadd28/CO  -       CI->CO F     FA1D0           1  1.0    31    84    3338    (-,-) 
  gen_rows[0].gen_cols[30].pe_i_dut_csa_tree_ADD_TC_OP_groupi_cdnfadd29/CO  -       CI->CO F     FA1D0           1  1.0    31    84    3423    (-,-) 
  gen_rows[0].gen_cols[30].pe_i_dut_csa_tree_ADD_TC_OP_groupi_cdnfadd30/CO  -       CI->CO F     FA1D0           1  1.0    31    84    3507    (-,-) 
  gen_rows[0].gen_cols[30].pe_i_dut_csa_tree_ADD_TC_OP_groupi_cdnfadd31/CO  -       CI->CO F     FA1D0           1  1.0    31    84    3592    (-,-) 
  gen_rows[0].gen_cols[30].pe_i_dut_csa_tree_ADD_TC_OP_groupi_cdnfadd32/CO  -       CI->CO F     FA1D0           1  1.0    31    84    3676    (-,-) 
  gen_rows[0].gen_cols[30].pe_i_dut_csa_tree_ADD_TC_OP_groupi_cdnfadd33/CO  -       CI->CO F     FA1D0           1  1.0    31    84    3761    (-,-) 
  gen_rows[0].gen_cols[30].pe_i_dut_csa_tree_ADD_TC_OP_groupi_cdnfadd34/CO  -       CI->CO F     FA1D0           1  1.0    31    84    3845    (-,-) 
  gen_rows[0].gen_cols[30].pe_i_dut_csa_tree_ADD_TC_OP_groupi_cdnfadd35/CO  -       CI->CO F     FA1D0           1  1.0    31    84    3930    (-,-) 
  gen_rows[0].gen_cols[30].pe_i_dut_csa_tree_ADD_TC_OP_groupi_cdnfadd36/CO  -       CI->CO F     FA1D0           1  1.0    31    84    4014    (-,-) 
  gen_rows[0].gen_cols[30].pe_i_dut_csa_tree_ADD_TC_OP_groupi_cdnfadd37/CO  -       CI->CO F     FA1D0           1  1.0    31    84    4099    (-,-) 
  gen_rows[0].gen_cols[30].pe_i_dut_csa_tree_ADD_TC_OP_groupi_cdnfadd38/CO  -       CI->CO F     FA1D0           1  1.0    31    84    4183    (-,-) 
  gen_rows[0].gen_cols[30].pe_i_dut_csa_tree_ADD_TC_OP_groupi_cdnfadd39/CO  -       CI->CO F     FA1D0           1  1.0    31    84    4268    (-,-) 
  gen_rows[0].gen_cols[30].pe_i_dut_csa_tree_ADD_TC_OP_groupi_cdnfadd40/CO  -       CI->CO F     FA1D0           1  2.0    40    93    4361    (-,-) 
  gen_rows[0].gen_cols[30].pe_i_dut_csa_tree_ADD_TC_OP_groupi_cdnfadd41/CO  -       CI->CO F     FA1D1           1  1.0    25    65    4426    (-,-) 
  gen_rows[0].gen_cols[30].pe_i_dut_csa_tree_ADD_TC_OP_groupi_cdnfadd42/CO  -       CI->CO F     FA1D0           1  2.0    40    91    4516    (-,-) 
  gen_rows[0].gen_cols[30].pe_i_dut_csa_tree_ADD_TC_OP_groupi_cdnfadd43/CO  -       CI->CO F     FA1D1           1  2.0    31    70    4586    (-,-) 
  gen_rows[0].gen_cols[30].pe_i_dut_csa_tree_ADD_TC_OP_groupi_cdnfadd44/CO  -       CI->CO F     FA1D1           1  2.0    31    66    4652    (-,-) 
  gen_rows[0].gen_cols[30].pe_i_dut_csa_tree_ADD_TC_OP_groupi_cdnfadd45/CO  -       CI->CO F     FA1D1           1  1.0    25    62    4714    (-,-) 
  gen_rows[0].gen_cols[30].pe_i_dut_csa_tree_ADD_TC_OP_groupi_cdnfadd46/CO  -       CI->CO F     FA1D0           1  0.8    29    80    4794    (-,-) 
  gen_rows[0].gen_cols[30].pe_i_dut_csa_tree_ADD_TC_OP_groupi_cdnfadd3771/Z -       A3->Z  R     XOR3D0          1  0.8    31    98    4892    (-,-) 
  g2582/ZN                                                                  -       A2->ZN R     IOA21D1         1  1.0    78    65    4957    (-,-) 
  gen_rows[0].gen_cols[30].pe_i_dut_acc_out_reg[47]/D                       -       -      R     DFCNQD1         1    -     -     0    4957    (-,-) 
#----------------------------------------------------------------------------------------------------------------------------------------------------

Capture clock path:
#------------------------------------------------------------------------------------------------------------------------------
#                    Timing Point                      Flags   Arc   Edge   Cell      Fanout Load Trans Delay Arrival Instance 
#                                                                                            (fF)  (ps)  (ps)   (ps)  Location 
#------------------------------------------------------------------------------------------------------------------------------
  clk                                                  (i)     -     R     (arrival)  103965  0.0     0     0    5000    (-,-) 
  gen_rows[0].gen_cols[30].pe_i_dut_acc_out_reg[47]/CP <<<     -     R     DFCNQD1    103965    -     0     0    5000    (-,-) 
#------------------------------------------------------------------------------------------------------------------------------



Path 2: MET (1 ps) Setup Check with Pin gen_rows[1].gen_cols[6].pe_i_dut_acc_out_reg[47]/CP->D
          Group: clk
     Startpoint: (R) gen_rows[1].gen_cols[5].pe_i_dut_data_out_reg[2]/CP
          Clock: (R) clk
       Endpoint: (R) gen_rows[1].gen_cols[6].pe_i_dut_acc_out_reg[47]/D
          Clock: (R) clk

                     Capture       Launch     
        Clock Edge:+    5000            0     
       Src Latency:+       0            0     
       Net Latency:+       0 (I)        0 (I) 
           Arrival:=    5000            0     
                                              
             Setup:-      43                  
     Required Time:=    4957                  
      Launch Clock:-       0                  
         Data Path:-    4957                  
             Slack:=       1                  

Launch clock path:
#-----------------------------------------------------------------------------------------------------------------------------
#                    Timing Point                     Flags   Arc   Edge   Cell      Fanout Load Trans Delay Arrival Instance 
#                                                                                           (fF)  (ps)  (ps)   (ps)  Location 
#-----------------------------------------------------------------------------------------------------------------------------
  clk                                                 (i)     -     R     (arrival)  103965  0.0     0     0       0    (-,-) 
  gen_rows[1].gen_cols[5].pe_i_dut_data_out_reg[2]/CP <<<     -     R     DFCND1     103965    -     0     0       0    (-,-) 
#-----------------------------------------------------------------------------------------------------------------------------

#---------------------------------------------------------------------------------------------------------------------------------------------------
#                              Timing Point                                Flags    Arc   Edge   Cell      Fanout Load Trans Delay Arrival Instance 
#                                                                                                                 (fF)  (ps)  (ps)   (ps)  Location 
#---------------------------------------------------------------------------------------------------------------------------------------------------
  gen_rows[1].gen_cols[5].pe_i_dut_data_out_reg[2]/CP                      -       -      R     (arrival)  103965    -     0     0       0    (-,-) 
  gen_rows[1].gen_cols[5].pe_i_dut_data_out_reg[2]/QN                      -       CP->QN R     DFCND1         37 41.6   342   352     352    (-,-) 
  gen_rows[1].gen_cols[6].pe_i_dut_csa_tree_ADD_TC_OP_groupi_g3708/ZN      -       B2->ZN R     MOAI22D1        2  1.9    78   107     459    (-,-) 
  gen_rows[1].gen_cols[6].pe_i_dut_csa_tree_ADD_TC_OP_groupi_g3797/ZN      -       A1->ZN R     IND2D1         16 12.9   118   111     570    (-,-) 
  gen_rows[1].gen_cols[6].pe_i_dut_csa_tree_ADD_TC_OP_groupi_g3584/ZN      -       A2->ZN F     AOI21D1         2  1.9    59    54     624    (-,-) 
  gen_rows[1].gen_cols[6].pe_i_dut_csa_tree_ADD_TC_OP_groupi_g3518/ZN      -       B1->ZN F     MOAI22D1        1  1.9    97    72     696    (-,-) 
  gen_rows[1].gen_cols[6].pe_i_dut_csa_tree_ADD_TC_OP_groupi_cdnfadd/CO    -       B->CO  F     FA1D0           1  1.0    32   145     840    (-,-) 
  gen_rows[1].gen_cols[6].pe_i_dut_csa_tree_ADD_TC_OP_groupi_cdnfadd1/CO   -       CI->CO F     FA1D0           1  1.0    31    85     925    (-,-) 
  gen_rows[1].gen_cols[6].pe_i_dut_csa_tree_ADD_TC_OP_groupi_cdnfadd2/CO   -       CI->CO F     FA1D0           1  1.9    40    92    1018    (-,-) 
  g8700/CO                                                                 -       D->CO  F     CMPE42D1        1  1.9    32   126    1144    (-,-) 
  g8699/CO                                                                 -       D->CO  F     CMPE42D1        1  1.9    32   123    1267    (-,-) 
  g8698/CO                                                                 -       D->CO  F     CMPE42D1        1  1.0    28   119    1385    (-,-) 
  gen_rows[1].gen_cols[6].pe_i_dut_csa_tree_ADD_TC_OP_groupi_cdnfadd6/CO   -       CI->CO F     FA1D0           1  1.0    31    83    1468    (-,-) 
  gen_rows[1].gen_cols[6].pe_i_dut_csa_tree_ADD_TC_OP_groupi_cdnfadd7/CO   -       CI->CO F     FA1D0           1  1.0    31    84    1553    (-,-) 
  gen_rows[1].gen_cols[6].pe_i_dut_csa_tree_ADD_TC_OP_groupi_cdnfadd8/CO   -       CI->CO F     FA1D0           1  1.0    31    84    1638    (-,-) 
  gen_rows[1].gen_cols[6].pe_i_dut_csa_tree_ADD_TC_OP_groupi_cdnfadd9/CO   -       CI->CO F     FA1D0           1  1.0    31    84    1722    (-,-) 
  gen_rows[1].gen_cols[6].pe_i_dut_csa_tree_ADD_TC_OP_groupi_cdnfadd10/CO  -       CI->CO F     FA1D0           1  1.0    31    84    1806    (-,-) 
  gen_rows[1].gen_cols[6].pe_i_dut_csa_tree_ADD_TC_OP_groupi_cdnfadd11/CO  -       CI->CO F     FA1D0           1  1.0    31    84    1891    (-,-) 
  gen_rows[1].gen_cols[6].pe_i_dut_csa_tree_ADD_TC_OP_groupi_cdnfadd12/CO  -       CI->CO F     FA1D0           1  1.0    31    84    1976    (-,-) 
  gen_rows[1].gen_cols[6].pe_i_dut_csa_tree_ADD_TC_OP_groupi_cdnfadd13/CO  -       CI->CO F     FA1D0           1  1.0    31    84    2060    (-,-) 
  gen_rows[1].gen_cols[6].pe_i_dut_csa_tree_ADD_TC_OP_groupi_cdnfadd14/CO  -       CI->CO F     FA1D0           1  1.0    31    84    2144    (-,-) 
  gen_rows[1].gen_cols[6].pe_i_dut_csa_tree_ADD_TC_OP_groupi_cdnfadd15/CO  -       CI->CO F     FA1D0           1  1.0    31    84    2229    (-,-) 
  gen_rows[1].gen_cols[6].pe_i_dut_csa_tree_ADD_TC_OP_groupi_cdnfadd16/CO  -       CI->CO F     FA1D0           1  1.0    31    84    2314    (-,-) 
  gen_rows[1].gen_cols[6].pe_i_dut_csa_tree_ADD_TC_OP_groupi_cdnfadd17/CO  -       CI->CO F     FA1D0           1  1.0    31    84    2398    (-,-) 
  gen_rows[1].gen_cols[6].pe_i_dut_csa_tree_ADD_TC_OP_groupi_cdnfadd18/CO  -       CI->CO F     FA1D0           1  1.0    31    84    2482    (-,-) 
  gen_rows[1].gen_cols[6].pe_i_dut_csa_tree_ADD_TC_OP_groupi_cdnfadd19/CO  -       CI->CO F     FA1D0           1  1.0    31    84    2567    (-,-) 
  gen_rows[1].gen_cols[6].pe_i_dut_csa_tree_ADD_TC_OP_groupi_cdnfadd20/CO  -       CI->CO F     FA1D0           1  1.0    31    84    2652    (-,-) 
  gen_rows[1].gen_cols[6].pe_i_dut_csa_tree_ADD_TC_OP_groupi_cdnfadd21/CO  -       CI->CO F     FA1D0           1  1.0    31    84    2736    (-,-) 
  gen_rows[1].gen_cols[6].pe_i_dut_csa_tree_ADD_TC_OP_groupi_cdnfadd22/CO  -       CI->CO F     FA1D0           1  1.0    31    84    2820    (-,-) 
  gen_rows[1].gen_cols[6].pe_i_dut_csa_tree_ADD_TC_OP_groupi_cdnfadd23/CO  -       CI->CO F     FA1D0           1  1.9    40    92    2913    (-,-) 
  g8681/CO                                                                 -       D->CO  F     CMPE42D1        1  1.0    26   121    3034    (-,-) 
  gen_rows[1].gen_cols[6].pe_i_dut_csa_tree_ADD_TC_OP_groupi_cdnfadd25/CO  -       CI->CO F     FA1D0           1  1.0    31    83    3117    (-,-) 
  gen_rows[1].gen_cols[6].pe_i_dut_csa_tree_ADD_TC_OP_groupi_cdnfadd26/CO  -       CI->CO F     FA1D0           1  1.0    31    84    3201    (-,-) 
  gen_rows[1].gen_cols[6].pe_i_dut_csa_tree_ADD_TC_OP_groupi_cdnfadd27/CO  -       CI->CO F     FA1D0           1  1.0    31    84    3286    (-,-) 
  gen_rows[1].gen_cols[6].pe_i_dut_csa_tree_ADD_TC_OP_groupi_cdnfadd28/CO  -       CI->CO F     FA1D0           1  1.0    31    84    3370    (-,-) 
  gen_rows[1].gen_cols[6].pe_i_dut_csa_tree_ADD_TC_OP_groupi_cdnfadd29/CO  -       CI->CO F     FA1D0           1  1.9    40    92    3463    (-,-) 
  g8678/CO                                                                 -       D->CO  F     CMPE42D1        1  1.0    26   121    3584    (-,-) 
  gen_rows[1].gen_cols[6].pe_i_dut_csa_tree_ADD_TC_OP_groupi_cdnfadd31/CO  -       CI->CO F     FA1D0           1  1.0    31    83    3667    (-,-) 
  gen_rows[1].gen_cols[6].pe_i_dut_csa_tree_ADD_TC_OP_groupi_cdnfadd32/CO  -       CI->CO F     FA1D0           1  1.0    31    84    3751    (-,-) 
  gen_rows[1].gen_cols[6].pe_i_dut_csa_tree_ADD_TC_OP_groupi_cdnfadd33/CO  -       CI->CO F     FA1D0           1  1.0    31    84    3836    (-,-) 
  gen_rows[1].gen_cols[6].pe_i_dut_csa_tree_ADD_TC_OP_groupi_cdnfadd34/CO  -       CI->CO F     FA1D0           1  1.0    31    84    3920    (-,-) 
  gen_rows[1].gen_cols[6].pe_i_dut_csa_tree_ADD_TC_OP_groupi_cdnfadd35/CO  -       CI->CO F     FA1D0           1  1.0    31    84    4005    (-,-) 
  gen_rows[1].gen_cols[6].pe_i_dut_csa_tree_ADD_TC_OP_groupi_cdnfadd36/CO  -       CI->CO F     FA1D0           1  2.0    40    93    4098    (-,-) 
  gen_rows[1].gen_cols[6].pe_i_dut_csa_tree_ADD_TC_OP_groupi_cdnfadd37/CO  -       CI->CO F     FA1D1           1  1.0    25    65    4162    (-,-) 
  gen_rows[1].gen_cols[6].pe_i_dut_csa_tree_ADD_TC_OP_groupi_cdnfadd38/CO  -       CI->CO F     FA1D0           1  2.0    40    91    4253    (-,-) 
  gen_rows[1].gen_cols[6].pe_i_dut_csa_tree_ADD_TC_OP_groupi_cdnfadd39/CO  -       CI->CO F     FA1D1           1  1.0    25    65    4318    (-,-) 
  gen_rows[1].gen_cols[6].pe_i_dut_csa_tree_ADD_TC_OP_groupi_cdnfadd40/CO  -       CI->CO F     FA1D0           1  2.0    40    91    4409    (-,-) 
  gen_rows[1].gen_cols[6].pe_i_dut_csa_tree_ADD_TC_OP_groupi_cdnfadd41/CO  -       CI->CO F     FA1D1           1  2.0    31    70    4478    (-,-) 
  gen_rows[1].gen_cols[6].pe_i_dut_csa_tree_ADD_TC_OP_groupi_cdnfadd42/CO  -       CI->CO F     FA1D1           1  2.0    31    66    4545    (-,-) 
  gen_rows[1].gen_cols[6].pe_i_dut_csa_tree_ADD_TC_OP_groupi_cdnfadd43/CO  -       CI->CO F     FA1D1           1  2.0    31    66    4611    (-,-) 
  gen_rows[1].gen_cols[6].pe_i_dut_csa_tree_ADD_TC_OP_groupi_cdnfadd44/CO  -       CI->CO F     FA1D1           1  2.0    31    66    4678    (-,-) 
  gen_rows[1].gen_cols[6].pe_i_dut_csa_tree_ADD_TC_OP_groupi_cdnfadd45/CO  -       CI->CO F     FA1D1           1  2.0    31    66    4744    (-,-) 
  gen_rows[1].gen_cols[6].pe_i_dut_csa_tree_ADD_TC_OP_groupi_cdnfadd46/CO  -       CI->CO F     FA1D1           1  1.1    26    62    4806    (-,-) 
  gen_rows[1].gen_cols[6].pe_i_dut_csa_tree_ADD_TC_OP_groupi_cdnfadd3807/Z -       A3->Z  R     XOR3D1          1  0.8    26    87    4893    (-,-) 
  g46878/ZN                                                                -       A2->ZN R     IOA21D1         1  1.0    78    64    4957    (-,-) 
  gen_rows[1].gen_cols[6].pe_i_dut_acc_out_reg[47]/D                       -       -      R     DFCNQD1         1    -     -     0    4957    (-,-) 
#---------------------------------------------------------------------------------------------------------------------------------------------------

Capture clock path:
#-----------------------------------------------------------------------------------------------------------------------------
#                    Timing Point                     Flags   Arc   Edge   Cell      Fanout Load Trans Delay Arrival Instance 
#                                                                                           (fF)  (ps)  (ps)   (ps)  Location 
#-----------------------------------------------------------------------------------------------------------------------------
  clk                                                 (i)     -     R     (arrival)  103965  0.0     0     0    5000    (-,-) 
  gen_rows[1].gen_cols[6].pe_i_dut_acc_out_reg[47]/CP <<<     -     R     DFCNQD1    103965    -     0     0    5000    (-,-) 
#-----------------------------------------------------------------------------------------------------------------------------



Path 3: MET (1 ps) Setup Check with Pin gen_rows[3].gen_cols[6].pe_i_dut_acc_out_reg[47]/CP->D
          Group: clk
     Startpoint: (R) gen_rows[3].gen_cols[5].pe_i_dut_data_out_reg[2]/CP
          Clock: (R) clk
       Endpoint: (R) gen_rows[3].gen_cols[6].pe_i_dut_acc_out_reg[47]/D
          Clock: (R) clk

                     Capture       Launch     
        Clock Edge:+    5000            0     
       Src Latency:+       0            0     
       Net Latency:+       0 (I)        0 (I) 
           Arrival:=    5000            0     
                                              
             Setup:-      43                  
     Required Time:=    4957                  
      Launch Clock:-       0                  
         Data Path:-    4957                  
             Slack:=       1                  

Launch clock path:
#-----------------------------------------------------------------------------------------------------------------------------
#                    Timing Point                     Flags   Arc   Edge   Cell      Fanout Load Trans Delay Arrival Instance 
#                                                                                           (fF)  (ps)  (ps)   (ps)  Location 
#-----------------------------------------------------------------------------------------------------------------------------
  clk                                                 (i)     -     R     (arrival)  103965  0.0     0     0       0    (-,-) 
  gen_rows[3].gen_cols[5].pe_i_dut_data_out_reg[2]/CP <<<     -     R     DFCND1     103965    -     0     0       0    (-,-) 
#-----------------------------------------------------------------------------------------------------------------------------

#---------------------------------------------------------------------------------------------------------------------------------------------------
#                              Timing Point                                Flags    Arc   Edge   Cell      Fanout Load Trans Delay Arrival Instance 
#                                                                                                                 (fF)  (ps)  (ps)   (ps)  Location 
#---------------------------------------------------------------------------------------------------------------------------------------------------
  gen_rows[3].gen_cols[5].pe_i_dut_data_out_reg[2]/CP                      -       -      R     (arrival)  103965    -     0     0       0    (-,-) 
  gen_rows[3].gen_cols[5].pe_i_dut_data_out_reg[2]/QN                      -       CP->QN R     DFCND1         37 41.6   342   352     352    (-,-) 
  gen_rows[3].gen_cols[6].pe_i_dut_csa_tree_ADD_TC_OP_groupi_g3708/ZN      -       B2->ZN R     MOAI22D1        2  1.9    78   107     459    (-,-) 
  gen_rows[3].gen_cols[6].pe_i_dut_csa_tree_ADD_TC_OP_groupi_g3797/ZN      -       A1->ZN R     IND2D1         16 12.9   118   111     570    (-,-) 
  gen_rows[3].gen_cols[6].pe_i_dut_csa_tree_ADD_TC_OP_groupi_g3584/ZN      -       A2->ZN F     AOI21D1         2  1.9    59    54     624    (-,-) 
  gen_rows[3].gen_cols[6].pe_i_dut_csa_tree_ADD_TC_OP_groupi_g3518/ZN      -       B1->ZN F     MOAI22D1        1  1.9    97    72     696    (-,-) 
  gen_rows[3].gen_cols[6].pe_i_dut_csa_tree_ADD_TC_OP_groupi_cdnfadd/CO    -       B->CO  F     FA1D0           1  1.0    32   145     840    (-,-) 
  gen_rows[3].gen_cols[6].pe_i_dut_csa_tree_ADD_TC_OP_groupi_cdnfadd1/CO   -       CI->CO F     FA1D0           1  1.0    31    85     925    (-,-) 
  gen_rows[3].gen_cols[6].pe_i_dut_csa_tree_ADD_TC_OP_groupi_cdnfadd2/CO   -       CI->CO F     FA1D0           1  1.9    40    92    1018    (-,-) 
  g8744/CO                                                                 -       D->CO  F     CMPE42D1        1  1.9    32   126    1144    (-,-) 
  g8743/CO                                                                 -       D->CO  F     CMPE42D1        1  1.9    32   123    1267    (-,-) 
  g8742/CO                                                                 -       D->CO  F     CMPE42D1        1  1.0    28   119    1385    (-,-) 
  gen_rows[3].gen_cols[6].pe_i_dut_csa_tree_ADD_TC_OP_groupi_cdnfadd6/CO   -       CI->CO F     FA1D0           1  1.0    31    83    1468    (-,-) 
  gen_rows[3].gen_cols[6].pe_i_dut_csa_tree_ADD_TC_OP_groupi_cdnfadd7/CO   -       CI->CO F     FA1D0           1  1.0    31    84    1553    (-,-) 
  gen_rows[3].gen_cols[6].pe_i_dut_csa_tree_ADD_TC_OP_groupi_cdnfadd8/CO   -       CI->CO F     FA1D0           1  1.0    31    84    1638    (-,-) 
  gen_rows[3].gen_cols[6].pe_i_dut_csa_tree_ADD_TC_OP_groupi_cdnfadd9/CO   -       CI->CO F     FA1D0           1  1.0    31    84    1722    (-,-) 
  gen_rows[3].gen_cols[6].pe_i_dut_csa_tree_ADD_TC_OP_groupi_cdnfadd10/CO  -       CI->CO F     FA1D0           1  1.0    31    84    1806    (-,-) 
  gen_rows[3].gen_cols[6].pe_i_dut_csa_tree_ADD_TC_OP_groupi_cdnfadd11/CO  -       CI->CO F     FA1D0           1  1.0    31    84    1891    (-,-) 
  gen_rows[3].gen_cols[6].pe_i_dut_csa_tree_ADD_TC_OP_groupi_cdnfadd12/CO  -       CI->CO F     FA1D0           1  1.0    31    84    1976    (-,-) 
  gen_rows[3].gen_cols[6].pe_i_dut_csa_tree_ADD_TC_OP_groupi_cdnfadd13/CO  -       CI->CO F     FA1D0           1  1.0    31    84    2060    (-,-) 
  gen_rows[3].gen_cols[6].pe_i_dut_csa_tree_ADD_TC_OP_groupi_cdnfadd14/CO  -       CI->CO F     FA1D0           1  1.0    31    84    2144    (-,-) 
  gen_rows[3].gen_cols[6].pe_i_dut_csa_tree_ADD_TC_OP_groupi_cdnfadd15/CO  -       CI->CO F     FA1D0           1  1.0    31    84    2229    (-,-) 
  gen_rows[3].gen_cols[6].pe_i_dut_csa_tree_ADD_TC_OP_groupi_cdnfadd16/CO  -       CI->CO F     FA1D0           1  1.0    31    84    2314    (-,-) 
  gen_rows[3].gen_cols[6].pe_i_dut_csa_tree_ADD_TC_OP_groupi_cdnfadd17/CO  -       CI->CO F     FA1D0           1  1.0    31    84    2398    (-,-) 
  gen_rows[3].gen_cols[6].pe_i_dut_csa_tree_ADD_TC_OP_groupi_cdnfadd18/CO  -       CI->CO F     FA1D0           1  1.0    31    84    2482    (-,-) 
  gen_rows[3].gen_cols[6].pe_i_dut_csa_tree_ADD_TC_OP_groupi_cdnfadd19/CO  -       CI->CO F     FA1D0           1  1.0    31    84    2567    (-,-) 
  gen_rows[3].gen_cols[6].pe_i_dut_csa_tree_ADD_TC_OP_groupi_cdnfadd20/CO  -       CI->CO F     FA1D0           1  1.0    31    84    2652    (-,-) 
  gen_rows[3].gen_cols[6].pe_i_dut_csa_tree_ADD_TC_OP_groupi_cdnfadd21/CO  -       CI->CO F     FA1D0           1  1.0    31    84    2736    (-,-) 
  gen_rows[3].gen_cols[6].pe_i_dut_csa_tree_ADD_TC_OP_groupi_cdnfadd22/CO  -       CI->CO F     FA1D0           1  1.0    31    84    2820    (-,-) 
  gen_rows[3].gen_cols[6].pe_i_dut_csa_tree_ADD_TC_OP_groupi_cdnfadd23/CO  -       CI->CO F     FA1D0           1  1.9    40    92    2913    (-,-) 
  g8725/CO                                                                 -       D->CO  F     CMPE42D1        1  1.0    26   121    3034    (-,-) 
  gen_rows[3].gen_cols[6].pe_i_dut_csa_tree_ADD_TC_OP_groupi_cdnfadd25/CO  -       CI->CO F     FA1D0           1  1.0    31    83    3117    (-,-) 
  gen_rows[3].gen_cols[6].pe_i_dut_csa_tree_ADD_TC_OP_groupi_cdnfadd26/CO  -       CI->CO F     FA1D0           1  1.0    31    84    3201    (-,-) 
  gen_rows[3].gen_cols[6].pe_i_dut_csa_tree_ADD_TC_OP_groupi_cdnfadd27/CO  -       CI->CO F     FA1D0           1  1.0    31    84    3286    (-,-) 
  gen_rows[3].gen_cols[6].pe_i_dut_csa_tree_ADD_TC_OP_groupi_cdnfadd28/CO  -       CI->CO F     FA1D0           1  1.0    31    84    3370    (-,-) 
  gen_rows[3].gen_cols[6].pe_i_dut_csa_tree_ADD_TC_OP_groupi_cdnfadd29/CO  -       CI->CO F     FA1D0           1  1.9    40    92    3463    (-,-) 
  g8722/CO                                                                 -       D->CO  F     CMPE42D1        1  1.0    26   121    3584    (-,-) 
  gen_rows[3].gen_cols[6].pe_i_dut_csa_tree_ADD_TC_OP_groupi_cdnfadd31/CO  -       CI->CO F     FA1D0           1  1.0    31    83    3667    (-,-) 
  gen_rows[3].gen_cols[6].pe_i_dut_csa_tree_ADD_TC_OP_groupi_cdnfadd32/CO  -       CI->CO F     FA1D0           1  1.0    31    84    3751    (-,-) 
  gen_rows[3].gen_cols[6].pe_i_dut_csa_tree_ADD_TC_OP_groupi_cdnfadd33/CO  -       CI->CO F     FA1D0           1  1.0    31    84    3836    (-,-) 
  gen_rows[3].gen_cols[6].pe_i_dut_csa_tree_ADD_TC_OP_groupi_cdnfadd34/CO  -       CI->CO F     FA1D0           1  1.0    31    84    3920    (-,-) 
  gen_rows[3].gen_cols[6].pe_i_dut_csa_tree_ADD_TC_OP_groupi_cdnfadd35/CO  -       CI->CO F     FA1D0           1  1.0    31    84    4005    (-,-) 
  gen_rows[3].gen_cols[6].pe_i_dut_csa_tree_ADD_TC_OP_groupi_cdnfadd36/CO  -       CI->CO F     FA1D0           1  2.0    40    93    4098    (-,-) 
  gen_rows[3].gen_cols[6].pe_i_dut_csa_tree_ADD_TC_OP_groupi_cdnfadd37/CO  -       CI->CO F     FA1D1           1  1.0    25    65    4162    (-,-) 
  gen_rows[3].gen_cols[6].pe_i_dut_csa_tree_ADD_TC_OP_groupi_cdnfadd38/CO  -       CI->CO F     FA1D0           1  2.0    40    91    4253    (-,-) 
  gen_rows[3].gen_cols[6].pe_i_dut_csa_tree_ADD_TC_OP_groupi_cdnfadd39/CO  -       CI->CO F     FA1D1           1  1.0    25    65    4318    (-,-) 
  gen_rows[3].gen_cols[6].pe_i_dut_csa_tree_ADD_TC_OP_groupi_cdnfadd40/CO  -       CI->CO F     FA1D0           1  2.0    40    91    4409    (-,-) 
  gen_rows[3].gen_cols[6].pe_i_dut_csa_tree_ADD_TC_OP_groupi_cdnfadd41/CO  -       CI->CO F     FA1D1           1  2.0    31    70    4478    (-,-) 
  gen_rows[3].gen_cols[6].pe_i_dut_csa_tree_ADD_TC_OP_groupi_cdnfadd42/CO  -       CI->CO F     FA1D1           1  2.0    31    66    4545    (-,-) 
  gen_rows[3].gen_cols[6].pe_i_dut_csa_tree_ADD_TC_OP_groupi_cdnfadd43/CO  -       CI->CO F     FA1D1           1  2.0    31    66    4611    (-,-) 
  gen_rows[3].gen_cols[6].pe_i_dut_csa_tree_ADD_TC_OP_groupi_cdnfadd44/CO  -       CI->CO F     FA1D1           1  2.0    31    66    4678    (-,-) 
  gen_rows[3].gen_cols[6].pe_i_dut_csa_tree_ADD_TC_OP_groupi_cdnfadd45/CO  -       CI->CO F     FA1D1           1  2.0    31    66    4744    (-,-) 
  gen_rows[3].gen_cols[6].pe_i_dut_csa_tree_ADD_TC_OP_groupi_cdnfadd46/CO  -       CI->CO F     FA1D1           1  1.1    26    62    4806    (-,-) 
  gen_rows[3].gen_cols[6].pe_i_dut_csa_tree_ADD_TC_OP_groupi_cdnfadd3807/Z -       A3->Z  R     XOR3D1          1  0.8    26    87    4893    (-,-) 
  g47554/ZN                                                                -       A2->ZN R     IOA21D1         1  1.0    78    64    4957    (-,-) 
  gen_rows[3].gen_cols[6].pe_i_dut_acc_out_reg[47]/D                       -       -      R     DFCNQD1         1    -     -     0    4957    (-,-) 
#---------------------------------------------------------------------------------------------------------------------------------------------------

Capture clock path:
#-----------------------------------------------------------------------------------------------------------------------------
#                    Timing Point                     Flags   Arc   Edge   Cell      Fanout Load Trans Delay Arrival Instance 
#                                                                                           (fF)  (ps)  (ps)   (ps)  Location 
#-----------------------------------------------------------------------------------------------------------------------------
  clk                                                 (i)     -     R     (arrival)  103965  0.0     0     0    5000    (-,-) 
  gen_rows[3].gen_cols[6].pe_i_dut_acc_out_reg[47]/CP <<<     -     R     DFCNQD1    103965    -     0     0    5000    (-,-) 
#-----------------------------------------------------------------------------------------------------------------------------



Path 4: MET (1 ps) Setup Check with Pin gen_rows[4].gen_cols[6].pe_i_dut_acc_out_reg[47]/CP->D
          Group: clk
     Startpoint: (R) gen_rows[4].gen_cols[5].pe_i_dut_data_out_reg[2]/CP
          Clock: (R) clk
       Endpoint: (R) gen_rows[4].gen_cols[6].pe_i_dut_acc_out_reg[47]/D
          Clock: (R) clk

                     Capture       Launch     
        Clock Edge:+    5000            0     
       Src Latency:+       0            0     
       Net Latency:+       0 (I)        0 (I) 
           Arrival:=    5000            0     
                                              
             Setup:-      43                  
     Required Time:=    4957                  
      Launch Clock:-       0                  
         Data Path:-    4957                  
             Slack:=       1                  

Launch clock path:
#-----------------------------------------------------------------------------------------------------------------------------
#                    Timing Point                     Flags   Arc   Edge   Cell      Fanout Load Trans Delay Arrival Instance 
#                                                                                           (fF)  (ps)  (ps)   (ps)  Location 
#-----------------------------------------------------------------------------------------------------------------------------
  clk                                                 (i)     -     R     (arrival)  103965  0.0     0     0       0    (-,-) 
  gen_rows[4].gen_cols[5].pe_i_dut_data_out_reg[2]/CP <<<     -     R     DFCND1     103965    -     0     0       0    (-,-) 
#-----------------------------------------------------------------------------------------------------------------------------

#---------------------------------------------------------------------------------------------------------------------------------------------------
#                              Timing Point                                Flags    Arc   Edge   Cell      Fanout Load Trans Delay Arrival Instance 
#                                                                                                                 (fF)  (ps)  (ps)   (ps)  Location 
#---------------------------------------------------------------------------------------------------------------------------------------------------
  gen_rows[4].gen_cols[5].pe_i_dut_data_out_reg[2]/CP                      -       -      R     (arrival)  103965    -     0     0       0    (-,-) 
  gen_rows[4].gen_cols[5].pe_i_dut_data_out_reg[2]/QN                      -       CP->QN R     DFCND1         37 41.6   342   352     352    (-,-) 
  gen_rows[4].gen_cols[6].pe_i_dut_csa_tree_ADD_TC_OP_groupi_g3708/ZN      -       B2->ZN R     MOAI22D1        2  1.9    78   107     459    (-,-) 
  gen_rows[4].gen_cols[6].pe_i_dut_csa_tree_ADD_TC_OP_groupi_g3797/ZN      -       A1->ZN R     IND2D1         16 12.9   118   111     570    (-,-) 
  gen_rows[4].gen_cols[6].pe_i_dut_csa_tree_ADD_TC_OP_groupi_g3584/ZN      -       A2->ZN F     AOI21D1         2  1.9    59    54     624    (-,-) 
  gen_rows[4].gen_cols[6].pe_i_dut_csa_tree_ADD_TC_OP_groupi_g3518/ZN      -       B1->ZN F     MOAI22D1        1  1.9    97    72     696    (-,-) 
  gen_rows[4].gen_cols[6].pe_i_dut_csa_tree_ADD_TC_OP_groupi_cdnfadd/CO    -       B->CO  F     FA1D0           1  1.0    32   145     840    (-,-) 
  gen_rows[4].gen_cols[6].pe_i_dut_csa_tree_ADD_TC_OP_groupi_cdnfadd1/CO   -       CI->CO F     FA1D0           1  1.0    31    85     925    (-,-) 
  gen_rows[4].gen_cols[6].pe_i_dut_csa_tree_ADD_TC_OP_groupi_cdnfadd2/CO   -       CI->CO F     FA1D0           1  1.9    40    92    1018    (-,-) 
  g8767/CO                                                                 -       D->CO  F     CMPE42D1        1  1.9    32   126    1144    (-,-) 
  g8766/CO                                                                 -       D->CO  F     CMPE42D1        1  1.9    32   123    1267    (-,-) 
  g8765/CO                                                                 -       D->CO  F     CMPE42D1        1  1.0    28   119    1385    (-,-) 
  gen_rows[4].gen_cols[6].pe_i_dut_csa_tree_ADD_TC_OP_groupi_cdnfadd6/CO   -       CI->CO F     FA1D0           1  1.0    31    83    1468    (-,-) 
  gen_rows[4].gen_cols[6].pe_i_dut_csa_tree_ADD_TC_OP_groupi_cdnfadd7/CO   -       CI->CO F     FA1D0           1  1.0    31    84    1553    (-,-) 
  gen_rows[4].gen_cols[6].pe_i_dut_csa_tree_ADD_TC_OP_groupi_cdnfadd8/CO   -       CI->CO F     FA1D0           1  1.0    31    84    1638    (-,-) 
  gen_rows[4].gen_cols[6].pe_i_dut_csa_tree_ADD_TC_OP_groupi_cdnfadd9/CO   -       CI->CO F     FA1D0           1  1.0    31    84    1722    (-,-) 
  gen_rows[4].gen_cols[6].pe_i_dut_csa_tree_ADD_TC_OP_groupi_cdnfadd10/CO  -       CI->CO F     FA1D0           1  1.0    31    84    1806    (-,-) 
  gen_rows[4].gen_cols[6].pe_i_dut_csa_tree_ADD_TC_OP_groupi_cdnfadd11/CO  -       CI->CO F     FA1D0           1  1.0    31    84    1891    (-,-) 
  gen_rows[4].gen_cols[6].pe_i_dut_csa_tree_ADD_TC_OP_groupi_cdnfadd12/CO  -       CI->CO F     FA1D0           1  1.0    31    84    1976    (-,-) 
  gen_rows[4].gen_cols[6].pe_i_dut_csa_tree_ADD_TC_OP_groupi_cdnfadd13/CO  -       CI->CO F     FA1D0           1  1.0    31    84    2060    (-,-) 
  gen_rows[4].gen_cols[6].pe_i_dut_csa_tree_ADD_TC_OP_groupi_cdnfadd14/CO  -       CI->CO F     FA1D0           1  1.0    31    84    2144    (-,-) 
  gen_rows[4].gen_cols[6].pe_i_dut_csa_tree_ADD_TC_OP_groupi_cdnfadd15/CO  -       CI->CO F     FA1D0           1  1.0    31    84    2229    (-,-) 
  gen_rows[4].gen_cols[6].pe_i_dut_csa_tree_ADD_TC_OP_groupi_cdnfadd16/CO  -       CI->CO F     FA1D0           1  1.0    31    84    2314    (-,-) 
  gen_rows[4].gen_cols[6].pe_i_dut_csa_tree_ADD_TC_OP_groupi_cdnfadd17/CO  -       CI->CO F     FA1D0           1  1.0    31    84    2398    (-,-) 
  gen_rows[4].gen_cols[6].pe_i_dut_csa_tree_ADD_TC_OP_groupi_cdnfadd18/CO  -       CI->CO F     FA1D0           1  1.0    31    84    2482    (-,-) 
  gen_rows[4].gen_cols[6].pe_i_dut_csa_tree_ADD_TC_OP_groupi_cdnfadd19/CO  -       CI->CO F     FA1D0           1  1.0    31    84    2567    (-,-) 
  gen_rows[4].gen_cols[6].pe_i_dut_csa_tree_ADD_TC_OP_groupi_cdnfadd20/CO  -       CI->CO F     FA1D0           1  1.0    31    84    2652    (-,-) 
  gen_rows[4].gen_cols[6].pe_i_dut_csa_tree_ADD_TC_OP_groupi_cdnfadd21/CO  -       CI->CO F     FA1D0           1  1.0    31    84    2736    (-,-) 
  gen_rows[4].gen_cols[6].pe_i_dut_csa_tree_ADD_TC_OP_groupi_cdnfadd22/CO  -       CI->CO F     FA1D0           1  1.0    31    84    2820    (-,-) 
  gen_rows[4].gen_cols[6].pe_i_dut_csa_tree_ADD_TC_OP_groupi_cdnfadd23/CO  -       CI->CO F     FA1D0           1  1.9    40    92    2913    (-,-) 
  g8748/CO                                                                 -       D->CO  F     CMPE42D1        1  1.0    26   121    3034    (-,-) 
  gen_rows[4].gen_cols[6].pe_i_dut_csa_tree_ADD_TC_OP_groupi_cdnfadd25/CO  -       CI->CO F     FA1D0           1  1.0    31    83    3117    (-,-) 
  gen_rows[4].gen_cols[6].pe_i_dut_csa_tree_ADD_TC_OP_groupi_cdnfadd26/CO  -       CI->CO F     FA1D0           1  1.0    31    84    3201    (-,-) 
  gen_rows[4].gen_cols[6].pe_i_dut_csa_tree_ADD_TC_OP_groupi_cdnfadd27/CO  -       CI->CO F     FA1D0           1  1.0    31    84    3286    (-,-) 
  gen_rows[4].gen_cols[6].pe_i_dut_csa_tree_ADD_TC_OP_groupi_cdnfadd28/CO  -       CI->CO F     FA1D0           1  1.0    31    84    3370    (-,-) 
  gen_rows[4].gen_cols[6].pe_i_dut_csa_tree_ADD_TC_OP_groupi_cdnfadd29/CO  -       CI->CO F     FA1D0           1  1.9    40    92    3463    (-,-) 
  g8745/CO                                                                 -       D->CO  F     CMPE42D1        1  1.0    26   121    3584    (-,-) 
  gen_rows[4].gen_cols[6].pe_i_dut_csa_tree_ADD_TC_OP_groupi_cdnfadd31/CO  -       CI->CO F     FA1D0           1  1.0    31    83    3667    (-,-) 
  gen_rows[4].gen_cols[6].pe_i_dut_csa_tree_ADD_TC_OP_groupi_cdnfadd32/CO  -       CI->CO F     FA1D0           1  1.0    31    84    3751    (-,-) 
  gen_rows[4].gen_cols[6].pe_i_dut_csa_tree_ADD_TC_OP_groupi_cdnfadd33/CO  -       CI->CO F     FA1D0           1  1.0    31    84    3836    (-,-) 
  gen_rows[4].gen_cols[6].pe_i_dut_csa_tree_ADD_TC_OP_groupi_cdnfadd34/CO  -       CI->CO F     FA1D0           1  1.0    31    84    3920    (-,-) 
  gen_rows[4].gen_cols[6].pe_i_dut_csa_tree_ADD_TC_OP_groupi_cdnfadd35/CO  -       CI->CO F     FA1D0           1  1.0    31    84    4005    (-,-) 
  gen_rows[4].gen_cols[6].pe_i_dut_csa_tree_ADD_TC_OP_groupi_cdnfadd36/CO  -       CI->CO F     FA1D0           1  2.0    40    93    4098    (-,-) 
  gen_rows[4].gen_cols[6].pe_i_dut_csa_tree_ADD_TC_OP_groupi_cdnfadd37/CO  -       CI->CO F     FA1D1           1  1.0    25    65    4162    (-,-) 
  gen_rows[4].gen_cols[6].pe_i_dut_csa_tree_ADD_TC_OP_groupi_cdnfadd38/CO  -       CI->CO F     FA1D0           1  2.0    40    91    4253    (-,-) 
  gen_rows[4].gen_cols[6].pe_i_dut_csa_tree_ADD_TC_OP_groupi_cdnfadd39/CO  -       CI->CO F     FA1D1           1  1.0    25    65    4318    (-,-) 
  gen_rows[4].gen_cols[6].pe_i_dut_csa_tree_ADD_TC_OP_groupi_cdnfadd40/CO  -       CI->CO F     FA1D0           1  2.0    40    91    4409    (-,-) 
  gen_rows[4].gen_cols[6].pe_i_dut_csa_tree_ADD_TC_OP_groupi_cdnfadd41/CO  -       CI->CO F     FA1D1           1  2.0    31    70    4478    (-,-) 
  gen_rows[4].gen_cols[6].pe_i_dut_csa_tree_ADD_TC_OP_groupi_cdnfadd42/CO  -       CI->CO F     FA1D1           1  2.0    31    66    4545    (-,-) 
  gen_rows[4].gen_cols[6].pe_i_dut_csa_tree_ADD_TC_OP_groupi_cdnfadd43/CO  -       CI->CO F     FA1D1           1  2.0    31    66    4611    (-,-) 
  gen_rows[4].gen_cols[6].pe_i_dut_csa_tree_ADD_TC_OP_groupi_cdnfadd44/CO  -       CI->CO F     FA1D1           1  2.0    31    66    4678    (-,-) 
  gen_rows[4].gen_cols[6].pe_i_dut_csa_tree_ADD_TC_OP_groupi_cdnfadd45/CO  -       CI->CO F     FA1D1           1  2.0    31    66    4744    (-,-) 
  gen_rows[4].gen_cols[6].pe_i_dut_csa_tree_ADD_TC_OP_groupi_cdnfadd46/CO  -       CI->CO F     FA1D1           1  1.1    26    62    4806    (-,-) 
  gen_rows[4].gen_cols[6].pe_i_dut_csa_tree_ADD_TC_OP_groupi_cdnfadd3807/Z -       A3->Z  R     XOR3D1          1  0.8    26    87    4893    (-,-) 
  g46095/ZN                                                                -       A2->ZN R     IOA21D1         1  1.0    78    64    4957    (-,-) 
  gen_rows[4].gen_cols[6].pe_i_dut_acc_out_reg[47]/D                       -       -      R     DFCNQD1         1    -     -     0    4957    (-,-) 
#---------------------------------------------------------------------------------------------------------------------------------------------------

Capture clock path:
#-----------------------------------------------------------------------------------------------------------------------------
#                    Timing Point                     Flags   Arc   Edge   Cell      Fanout Load Trans Delay Arrival Instance 
#                                                                                           (fF)  (ps)  (ps)   (ps)  Location 
#-----------------------------------------------------------------------------------------------------------------------------
  clk                                                 (i)     -     R     (arrival)  103965  0.0     0     0    5000    (-,-) 
  gen_rows[4].gen_cols[6].pe_i_dut_acc_out_reg[47]/CP <<<     -     R     DFCNQD1    103965    -     0     0    5000    (-,-) 
#-----------------------------------------------------------------------------------------------------------------------------



Path 5: MET (1 ps) Setup Check with Pin gen_rows[5].gen_cols[6].pe_i_dut_acc_out_reg[47]/CP->D
          Group: clk
     Startpoint: (R) gen_rows[5].gen_cols[5].pe_i_dut_data_out_reg[2]/CP
          Clock: (R) clk
       Endpoint: (R) gen_rows[5].gen_cols[6].pe_i_dut_acc_out_reg[47]/D
          Clock: (R) clk

                     Capture       Launch     
        Clock Edge:+    5000            0     
       Src Latency:+       0            0     
       Net Latency:+       0 (I)        0 (I) 
           Arrival:=    5000            0     
                                              
             Setup:-      43                  
     Required Time:=    4957                  
      Launch Clock:-       0                  
         Data Path:-    4957                  
             Slack:=       1                  

Launch clock path:
#-----------------------------------------------------------------------------------------------------------------------------
#                    Timing Point                     Flags   Arc   Edge   Cell      Fanout Load Trans Delay Arrival Instance 
#                                                                                           (fF)  (ps)  (ps)   (ps)  Location 
#-----------------------------------------------------------------------------------------------------------------------------
  clk                                                 (i)     -     R     (arrival)  103965  0.0     0     0       0    (-,-) 
  gen_rows[5].gen_cols[5].pe_i_dut_data_out_reg[2]/CP <<<     -     R     DFCND1     103965    -     0     0       0    (-,-) 
#-----------------------------------------------------------------------------------------------------------------------------

#---------------------------------------------------------------------------------------------------------------------------------------------------
#                              Timing Point                                Flags    Arc   Edge   Cell      Fanout Load Trans Delay Arrival Instance 
#                                                                                                                 (fF)  (ps)  (ps)   (ps)  Location 
#---------------------------------------------------------------------------------------------------------------------------------------------------
  gen_rows[5].gen_cols[5].pe_i_dut_data_out_reg[2]/CP                      -       -      R     (arrival)  103965    -     0     0       0    (-,-) 
  gen_rows[5].gen_cols[5].pe_i_dut_data_out_reg[2]/QN                      -       CP->QN R     DFCND1         37 41.6   342   352     352    (-,-) 
  gen_rows[5].gen_cols[6].pe_i_dut_csa_tree_ADD_TC_OP_groupi_g3708/ZN      -       B2->ZN R     MOAI22D1        2  1.9    78   107     459    (-,-) 
  gen_rows[5].gen_cols[6].pe_i_dut_csa_tree_ADD_TC_OP_groupi_g3797/ZN      -       A1->ZN R     IND2D1         16 12.9   118   111     570    (-,-) 
  gen_rows[5].gen_cols[6].pe_i_dut_csa_tree_ADD_TC_OP_groupi_g3584/ZN      -       A2->ZN F     AOI21D1         2  1.9    59    54     624    (-,-) 
  gen_rows[5].gen_cols[6].pe_i_dut_csa_tree_ADD_TC_OP_groupi_g3518/ZN      -       B1->ZN F     MOAI22D1        1  1.9    97    72     696    (-,-) 
  gen_rows[5].gen_cols[6].pe_i_dut_csa_tree_ADD_TC_OP_groupi_cdnfadd/CO    -       B->CO  F     FA1D0           1  1.0    32   145     840    (-,-) 
  gen_rows[5].gen_cols[6].pe_i_dut_csa_tree_ADD_TC_OP_groupi_cdnfadd1/CO   -       CI->CO F     FA1D0           1  1.0    31    85     925    (-,-) 
  gen_rows[5].gen_cols[6].pe_i_dut_csa_tree_ADD_TC_OP_groupi_cdnfadd2/CO   -       CI->CO F     FA1D0           1  1.9    40    92    1018    (-,-) 
  g8790/CO                                                                 -       D->CO  F     CMPE42D1        1  1.9    32   126    1144    (-,-) 
  g8789/CO                                                                 -       D->CO  F     CMPE42D1        1  1.9    32   123    1267    (-,-) 
  g8788/CO                                                                 -       D->CO  F     CMPE42D1        1  1.0    28   119    1385    (-,-) 
  gen_rows[5].gen_cols[6].pe_i_dut_csa_tree_ADD_TC_OP_groupi_cdnfadd6/CO   -       CI->CO F     FA1D0           1  1.0    31    83    1468    (-,-) 
  gen_rows[5].gen_cols[6].pe_i_dut_csa_tree_ADD_TC_OP_groupi_cdnfadd7/CO   -       CI->CO F     FA1D0           1  1.0    31    84    1553    (-,-) 
  gen_rows[5].gen_cols[6].pe_i_dut_csa_tree_ADD_TC_OP_groupi_cdnfadd8/CO   -       CI->CO F     FA1D0           1  1.0    31    84    1638    (-,-) 
  gen_rows[5].gen_cols[6].pe_i_dut_csa_tree_ADD_TC_OP_groupi_cdnfadd9/CO   -       CI->CO F     FA1D0           1  1.0    31    84    1722    (-,-) 
  gen_rows[5].gen_cols[6].pe_i_dut_csa_tree_ADD_TC_OP_groupi_cdnfadd10/CO  -       CI->CO F     FA1D0           1  1.0    31    84    1806    (-,-) 
  gen_rows[5].gen_cols[6].pe_i_dut_csa_tree_ADD_TC_OP_groupi_cdnfadd11/CO  -       CI->CO F     FA1D0           1  1.0    31    84    1891    (-,-) 
  gen_rows[5].gen_cols[6].pe_i_dut_csa_tree_ADD_TC_OP_groupi_cdnfadd12/CO  -       CI->CO F     FA1D0           1  1.0    31    84    1976    (-,-) 
  gen_rows[5].gen_cols[6].pe_i_dut_csa_tree_ADD_TC_OP_groupi_cdnfadd13/CO  -       CI->CO F     FA1D0           1  1.0    31    84    2060    (-,-) 
  gen_rows[5].gen_cols[6].pe_i_dut_csa_tree_ADD_TC_OP_groupi_cdnfadd14/CO  -       CI->CO F     FA1D0           1  1.0    31    84    2144    (-,-) 
  gen_rows[5].gen_cols[6].pe_i_dut_csa_tree_ADD_TC_OP_groupi_cdnfadd15/CO  -       CI->CO F     FA1D0           1  1.0    31    84    2229    (-,-) 
  gen_rows[5].gen_cols[6].pe_i_dut_csa_tree_ADD_TC_OP_groupi_cdnfadd16/CO  -       CI->CO F     FA1D0           1  1.0    31    84    2314    (-,-) 
  gen_rows[5].gen_cols[6].pe_i_dut_csa_tree_ADD_TC_OP_groupi_cdnfadd17/CO  -       CI->CO F     FA1D0           1  1.0    31    84    2398    (-,-) 
  gen_rows[5].gen_cols[6].pe_i_dut_csa_tree_ADD_TC_OP_groupi_cdnfadd18/CO  -       CI->CO F     FA1D0           1  1.0    31    84    2482    (-,-) 
  gen_rows[5].gen_cols[6].pe_i_dut_csa_tree_ADD_TC_OP_groupi_cdnfadd19/CO  -       CI->CO F     FA1D0           1  1.0    31    84    2567    (-,-) 
  gen_rows[5].gen_cols[6].pe_i_dut_csa_tree_ADD_TC_OP_groupi_cdnfadd20/CO  -       CI->CO F     FA1D0           1  1.0    31    84    2652    (-,-) 
  gen_rows[5].gen_cols[6].pe_i_dut_csa_tree_ADD_TC_OP_groupi_cdnfadd21/CO  -       CI->CO F     FA1D0           1  1.0    31    84    2736    (-,-) 
  gen_rows[5].gen_cols[6].pe_i_dut_csa_tree_ADD_TC_OP_groupi_cdnfadd22/CO  -       CI->CO F     FA1D0           1  1.0    31    84    2820    (-,-) 
  gen_rows[5].gen_cols[6].pe_i_dut_csa_tree_ADD_TC_OP_groupi_cdnfadd23/CO  -       CI->CO F     FA1D0           1  1.9    40    92    2913    (-,-) 
  g8771/CO                                                                 -       D->CO  F     CMPE42D1        1  1.0    26   121    3034    (-,-) 
  gen_rows[5].gen_cols[6].pe_i_dut_csa_tree_ADD_TC_OP_groupi_cdnfadd25/CO  -       CI->CO F     FA1D0           1  1.0    31    83    3117    (-,-) 
  gen_rows[5].gen_cols[6].pe_i_dut_csa_tree_ADD_TC_OP_groupi_cdnfadd26/CO  -       CI->CO F     FA1D0           1  1.0    31    84    3201    (-,-) 
  gen_rows[5].gen_cols[6].pe_i_dut_csa_tree_ADD_TC_OP_groupi_cdnfadd27/CO  -       CI->CO F     FA1D0           1  1.0    31    84    3286    (-,-) 
  gen_rows[5].gen_cols[6].pe_i_dut_csa_tree_ADD_TC_OP_groupi_cdnfadd28/CO  -       CI->CO F     FA1D0           1  1.0    31    84    3370    (-,-) 
  gen_rows[5].gen_cols[6].pe_i_dut_csa_tree_ADD_TC_OP_groupi_cdnfadd29/CO  -       CI->CO F     FA1D0           1  1.9    40    92    3463    (-,-) 
  g8768/CO                                                                 -       D->CO  F     CMPE42D1        1  1.0    26   121    3584    (-,-) 
  gen_rows[5].gen_cols[6].pe_i_dut_csa_tree_ADD_TC_OP_groupi_cdnfadd31/CO  -       CI->CO F     FA1D0           1  1.0    31    83    3667    (-,-) 
  gen_rows[5].gen_cols[6].pe_i_dut_csa_tree_ADD_TC_OP_groupi_cdnfadd32/CO  -       CI->CO F     FA1D0           1  1.0    31    84    3751    (-,-) 
  gen_rows[5].gen_cols[6].pe_i_dut_csa_tree_ADD_TC_OP_groupi_cdnfadd33/CO  -       CI->CO F     FA1D0           1  1.0    31    84    3836    (-,-) 
  gen_rows[5].gen_cols[6].pe_i_dut_csa_tree_ADD_TC_OP_groupi_cdnfadd34/CO  -       CI->CO F     FA1D0           1  1.0    31    84    3920    (-,-) 
  gen_rows[5].gen_cols[6].pe_i_dut_csa_tree_ADD_TC_OP_groupi_cdnfadd35/CO  -       CI->CO F     FA1D0           1  1.0    31    84    4005    (-,-) 
  gen_rows[5].gen_cols[6].pe_i_dut_csa_tree_ADD_TC_OP_groupi_cdnfadd36/CO  -       CI->CO F     FA1D0           1  2.0    40    93    4098    (-,-) 
  gen_rows[5].gen_cols[6].pe_i_dut_csa_tree_ADD_TC_OP_groupi_cdnfadd37/CO  -       CI->CO F     FA1D1           1  1.0    25    65    4162    (-,-) 
  gen_rows[5].gen_cols[6].pe_i_dut_csa_tree_ADD_TC_OP_groupi_cdnfadd38/CO  -       CI->CO F     FA1D0           1  2.0    40    91    4253    (-,-) 
  gen_rows[5].gen_cols[6].pe_i_dut_csa_tree_ADD_TC_OP_groupi_cdnfadd39/CO  -       CI->CO F     FA1D1           1  1.0    25    65    4318    (-,-) 
  gen_rows[5].gen_cols[6].pe_i_dut_csa_tree_ADD_TC_OP_groupi_cdnfadd40/CO  -       CI->CO F     FA1D0           1  2.0    40    91    4409    (-,-) 
  gen_rows[5].gen_cols[6].pe_i_dut_csa_tree_ADD_TC_OP_groupi_cdnfadd41/CO  -       CI->CO F     FA1D1           1  2.0    31    70    4478    (-,-) 
  gen_rows[5].gen_cols[6].pe_i_dut_csa_tree_ADD_TC_OP_groupi_cdnfadd42/CO  -       CI->CO F     FA1D1           1  2.0    31    66    4545    (-,-) 
  gen_rows[5].gen_cols[6].pe_i_dut_csa_tree_ADD_TC_OP_groupi_cdnfadd43/CO  -       CI->CO F     FA1D1           1  2.0    31    66    4611    (-,-) 
  gen_rows[5].gen_cols[6].pe_i_dut_csa_tree_ADD_TC_OP_groupi_cdnfadd44/CO  -       CI->CO F     FA1D1           1  2.0    31    66    4678    (-,-) 
  gen_rows[5].gen_cols[6].pe_i_dut_csa_tree_ADD_TC_OP_groupi_cdnfadd45/CO  -       CI->CO F     FA1D1           1  2.0    31    66    4744    (-,-) 
  gen_rows[5].gen_cols[6].pe_i_dut_csa_tree_ADD_TC_OP_groupi_cdnfadd46/CO  -       CI->CO F     FA1D1           1  1.1    26    62    4806    (-,-) 
  gen_rows[5].gen_cols[6].pe_i_dut_csa_tree_ADD_TC_OP_groupi_cdnfadd3807/Z -       A3->Z  R     XOR3D1          1  0.8    26    87    4893    (-,-) 
  g45794/ZN                                                                -       A2->ZN R     IOA21D1         1  1.0    78    64    4957    (-,-) 
  gen_rows[5].gen_cols[6].pe_i_dut_acc_out_reg[47]/D                       -       -      R     DFCNQD1         1    -     -     0    4957    (-,-) 
#---------------------------------------------------------------------------------------------------------------------------------------------------

Capture clock path:
#-----------------------------------------------------------------------------------------------------------------------------
#                    Timing Point                     Flags   Arc   Edge   Cell      Fanout Load Trans Delay Arrival Instance 
#                                                                                           (fF)  (ps)  (ps)   (ps)  Location 
#-----------------------------------------------------------------------------------------------------------------------------
  clk                                                 (i)     -     R     (arrival)  103965  0.0     0     0    5000    (-,-) 
  gen_rows[5].gen_cols[6].pe_i_dut_acc_out_reg[47]/CP <<<     -     R     DFCNQD1    103965    -     0     0    5000    (-,-) 
#-----------------------------------------------------------------------------------------------------------------------------



Path 6: MET (1 ps) Setup Check with Pin gen_rows[6].gen_cols[6].pe_i_dut_acc_out_reg[47]/CP->D
          Group: clk
     Startpoint: (R) gen_rows[6].gen_cols[5].pe_i_dut_data_out_reg[2]/CP
          Clock: (R) clk
       Endpoint: (R) gen_rows[6].gen_cols[6].pe_i_dut_acc_out_reg[47]/D
          Clock: (R) clk

                     Capture       Launch     
        Clock Edge:+    5000            0     
       Src Latency:+       0            0     
       Net Latency:+       0 (I)        0 (I) 
           Arrival:=    5000            0     
                                              
             Setup:-      43                  
     Required Time:=    4957                  
      Launch Clock:-       0                  
         Data Path:-    4957                  
             Slack:=       1                  

Launch clock path:
#-----------------------------------------------------------------------------------------------------------------------------
#                    Timing Point                     Flags   Arc   Edge   Cell      Fanout Load Trans Delay Arrival Instance 
#                                                                                           (fF)  (ps)  (ps)   (ps)  Location 
#-----------------------------------------------------------------------------------------------------------------------------
  clk                                                 (i)     -     R     (arrival)  103965  0.0     0     0       0    (-,-) 
  gen_rows[6].gen_cols[5].pe_i_dut_data_out_reg[2]/CP <<<     -     R     DFCND1     103965    -     0     0       0    (-,-) 
#-----------------------------------------------------------------------------------------------------------------------------

#---------------------------------------------------------------------------------------------------------------------------------------------------
#                              Timing Point                                Flags    Arc   Edge   Cell      Fanout Load Trans Delay Arrival Instance 
#                                                                                                                 (fF)  (ps)  (ps)   (ps)  Location 
#---------------------------------------------------------------------------------------------------------------------------------------------------
  gen_rows[6].gen_cols[5].pe_i_dut_data_out_reg[2]/CP                      -       -      R     (arrival)  103965    -     0     0       0    (-,-) 
  gen_rows[6].gen_cols[5].pe_i_dut_data_out_reg[2]/QN                      -       CP->QN R     DFCND1         37 41.6   342   352     352    (-,-) 
  gen_rows[6].gen_cols[6].pe_i_dut_csa_tree_ADD_TC_OP_groupi_g3708/ZN      -       B2->ZN R     MOAI22D1        2  1.9    78   107     459    (-,-) 
  gen_rows[6].gen_cols[6].pe_i_dut_csa_tree_ADD_TC_OP_groupi_g3797/ZN      -       A1->ZN R     IND2D1         16 12.9   118   111     570    (-,-) 
  gen_rows[6].gen_cols[6].pe_i_dut_csa_tree_ADD_TC_OP_groupi_g3584/ZN      -       A2->ZN F     AOI21D1         2  1.9    59    54     624    (-,-) 
  gen_rows[6].gen_cols[6].pe_i_dut_csa_tree_ADD_TC_OP_groupi_g3518/ZN      -       B1->ZN F     MOAI22D1        1  1.9    97    72     696    (-,-) 
  gen_rows[6].gen_cols[6].pe_i_dut_csa_tree_ADD_TC_OP_groupi_cdnfadd/CO    -       B->CO  F     FA1D0           1  1.0    32   145     840    (-,-) 
  gen_rows[6].gen_cols[6].pe_i_dut_csa_tree_ADD_TC_OP_groupi_cdnfadd1/CO   -       CI->CO F     FA1D0           1  1.0    31    85     925    (-,-) 
  gen_rows[6].gen_cols[6].pe_i_dut_csa_tree_ADD_TC_OP_groupi_cdnfadd2/CO   -       CI->CO F     FA1D0           1  1.9    40    92    1018    (-,-) 
  g8813/CO                                                                 -       D->CO  F     CMPE42D1        1  1.9    32   126    1144    (-,-) 
  g8812/CO                                                                 -       D->CO  F     CMPE42D1        1  1.9    32   123    1267    (-,-) 
  g8811/CO                                                                 -       D->CO  F     CMPE42D1        1  1.0    28   119    1385    (-,-) 
  gen_rows[6].gen_cols[6].pe_i_dut_csa_tree_ADD_TC_OP_groupi_cdnfadd6/CO   -       CI->CO F     FA1D0           1  1.0    31    83    1468    (-,-) 
  gen_rows[6].gen_cols[6].pe_i_dut_csa_tree_ADD_TC_OP_groupi_cdnfadd7/CO   -       CI->CO F     FA1D0           1  1.0    31    84    1553    (-,-) 
  gen_rows[6].gen_cols[6].pe_i_dut_csa_tree_ADD_TC_OP_groupi_cdnfadd8/CO   -       CI->CO F     FA1D0           1  1.0    31    84    1638    (-,-) 
  gen_rows[6].gen_cols[6].pe_i_dut_csa_tree_ADD_TC_OP_groupi_cdnfadd9/CO   -       CI->CO F     FA1D0           1  1.0    31    84    1722    (-,-) 
  gen_rows[6].gen_cols[6].pe_i_dut_csa_tree_ADD_TC_OP_groupi_cdnfadd10/CO  -       CI->CO F     FA1D0           1  1.0    31    84    1806    (-,-) 
  gen_rows[6].gen_cols[6].pe_i_dut_csa_tree_ADD_TC_OP_groupi_cdnfadd11/CO  -       CI->CO F     FA1D0           1  1.0    31    84    1891    (-,-) 
  gen_rows[6].gen_cols[6].pe_i_dut_csa_tree_ADD_TC_OP_groupi_cdnfadd12/CO  -       CI->CO F     FA1D0           1  1.0    31    84    1976    (-,-) 
  gen_rows[6].gen_cols[6].pe_i_dut_csa_tree_ADD_TC_OP_groupi_cdnfadd13/CO  -       CI->CO F     FA1D0           1  1.0    31    84    2060    (-,-) 
  gen_rows[6].gen_cols[6].pe_i_dut_csa_tree_ADD_TC_OP_groupi_cdnfadd14/CO  -       CI->CO F     FA1D0           1  1.0    31    84    2144    (-,-) 
  gen_rows[6].gen_cols[6].pe_i_dut_csa_tree_ADD_TC_OP_groupi_cdnfadd15/CO  -       CI->CO F     FA1D0           1  1.0    31    84    2229    (-,-) 
  gen_rows[6].gen_cols[6].pe_i_dut_csa_tree_ADD_TC_OP_groupi_cdnfadd16/CO  -       CI->CO F     FA1D0           1  1.0    31    84    2314    (-,-) 
  gen_rows[6].gen_cols[6].pe_i_dut_csa_tree_ADD_TC_OP_groupi_cdnfadd17/CO  -       CI->CO F     FA1D0           1  1.0    31    84    2398    (-,-) 
  gen_rows[6].gen_cols[6].pe_i_dut_csa_tree_ADD_TC_OP_groupi_cdnfadd18/CO  -       CI->CO F     FA1D0           1  1.0    31    84    2482    (-,-) 
  gen_rows[6].gen_cols[6].pe_i_dut_csa_tree_ADD_TC_OP_groupi_cdnfadd19/CO  -       CI->CO F     FA1D0           1  1.0    31    84    2567    (-,-) 
  gen_rows[6].gen_cols[6].pe_i_dut_csa_tree_ADD_TC_OP_groupi_cdnfadd20/CO  -       CI->CO F     FA1D0           1  1.0    31    84    2652    (-,-) 
  gen_rows[6].gen_cols[6].pe_i_dut_csa_tree_ADD_TC_OP_groupi_cdnfadd21/CO  -       CI->CO F     FA1D0           1  1.0    31    84    2736    (-,-) 
  gen_rows[6].gen_cols[6].pe_i_dut_csa_tree_ADD_TC_OP_groupi_cdnfadd22/CO  -       CI->CO F     FA1D0           1  1.0    31    84    2820    (-,-) 
  gen_rows[6].gen_cols[6].pe_i_dut_csa_tree_ADD_TC_OP_groupi_cdnfadd23/CO  -       CI->CO F     FA1D0           1  1.9    40    92    2913    (-,-) 
  g8794/CO                                                                 -       D->CO  F     CMPE42D1        1  1.0    26   121    3034    (-,-) 
  gen_rows[6].gen_cols[6].pe_i_dut_csa_tree_ADD_TC_OP_groupi_cdnfadd25/CO  -       CI->CO F     FA1D0           1  1.0    31    83    3117    (-,-) 
  gen_rows[6].gen_cols[6].pe_i_dut_csa_tree_ADD_TC_OP_groupi_cdnfadd26/CO  -       CI->CO F     FA1D0           1  1.0    31    84    3201    (-,-) 
  gen_rows[6].gen_cols[6].pe_i_dut_csa_tree_ADD_TC_OP_groupi_cdnfadd27/CO  -       CI->CO F     FA1D0           1  1.0    31    84    3286    (-,-) 
  gen_rows[6].gen_cols[6].pe_i_dut_csa_tree_ADD_TC_OP_groupi_cdnfadd28/CO  -       CI->CO F     FA1D0           1  1.0    31    84    3370    (-,-) 
  gen_rows[6].gen_cols[6].pe_i_dut_csa_tree_ADD_TC_OP_groupi_cdnfadd29/CO  -       CI->CO F     FA1D0           1  1.9    40    92    3463    (-,-) 
  g8791/CO                                                                 -       D->CO  F     CMPE42D1        1  1.0    26   121    3584    (-,-) 
  gen_rows[6].gen_cols[6].pe_i_dut_csa_tree_ADD_TC_OP_groupi_cdnfadd31/CO  -       CI->CO F     FA1D0           1  1.0    31    83    3667    (-,-) 
  gen_rows[6].gen_cols[6].pe_i_dut_csa_tree_ADD_TC_OP_groupi_cdnfadd32/CO  -       CI->CO F     FA1D0           1  1.0    31    84    3751    (-,-) 
  gen_rows[6].gen_cols[6].pe_i_dut_csa_tree_ADD_TC_OP_groupi_cdnfadd33/CO  -       CI->CO F     FA1D0           1  1.0    31    84    3836    (-,-) 
  gen_rows[6].gen_cols[6].pe_i_dut_csa_tree_ADD_TC_OP_groupi_cdnfadd34/CO  -       CI->CO F     FA1D0           1  1.0    31    84    3920    (-,-) 
  gen_rows[6].gen_cols[6].pe_i_dut_csa_tree_ADD_TC_OP_groupi_cdnfadd35/CO  -       CI->CO F     FA1D0           1  1.0    31    84    4005    (-,-) 
  gen_rows[6].gen_cols[6].pe_i_dut_csa_tree_ADD_TC_OP_groupi_cdnfadd36/CO  -       CI->CO F     FA1D0           1  2.0    40    93    4098    (-,-) 
  gen_rows[6].gen_cols[6].pe_i_dut_csa_tree_ADD_TC_OP_groupi_cdnfadd37/CO  -       CI->CO F     FA1D1           1  1.0    25    65    4162    (-,-) 
  gen_rows[6].gen_cols[6].pe_i_dut_csa_tree_ADD_TC_OP_groupi_cdnfadd38/CO  -       CI->CO F     FA1D0           1  2.0    40    91    4253    (-,-) 
  gen_rows[6].gen_cols[6].pe_i_dut_csa_tree_ADD_TC_OP_groupi_cdnfadd39/CO  -       CI->CO F     FA1D1           1  1.0    25    65    4318    (-,-) 
  gen_rows[6].gen_cols[6].pe_i_dut_csa_tree_ADD_TC_OP_groupi_cdnfadd40/CO  -       CI->CO F     FA1D0           1  2.0    40    91    4409    (-,-) 
  gen_rows[6].gen_cols[6].pe_i_dut_csa_tree_ADD_TC_OP_groupi_cdnfadd41/CO  -       CI->CO F     FA1D1           1  2.0    31    70    4478    (-,-) 
  gen_rows[6].gen_cols[6].pe_i_dut_csa_tree_ADD_TC_OP_groupi_cdnfadd42/CO  -       CI->CO F     FA1D1           1  2.0    31    66    4545    (-,-) 
  gen_rows[6].gen_cols[6].pe_i_dut_csa_tree_ADD_TC_OP_groupi_cdnfadd43/CO  -       CI->CO F     FA1D1           1  2.0    31    66    4611    (-,-) 
  gen_rows[6].gen_cols[6].pe_i_dut_csa_tree_ADD_TC_OP_groupi_cdnfadd44/CO  -       CI->CO F     FA1D1           1  2.0    31    66    4678    (-,-) 
  gen_rows[6].gen_cols[6].pe_i_dut_csa_tree_ADD_TC_OP_groupi_cdnfadd45/CO  -       CI->CO F     FA1D1           1  2.0    31    66    4744    (-,-) 
  gen_rows[6].gen_cols[6].pe_i_dut_csa_tree_ADD_TC_OP_groupi_cdnfadd46/CO  -       CI->CO F     FA1D1           1  1.1    26    62    4806    (-,-) 
  gen_rows[6].gen_cols[6].pe_i_dut_csa_tree_ADD_TC_OP_groupi_cdnfadd3807/Z -       A3->Z  R     XOR3D1          1  0.8    26    87    4893    (-,-) 
  g46243/ZN                                                                -       A2->ZN R     IOA21D1         1  1.0    78    64    4957    (-,-) 
  gen_rows[6].gen_cols[6].pe_i_dut_acc_out_reg[47]/D                       -       -      R     DFCNQD1         1    -     -     0    4957    (-,-) 
#---------------------------------------------------------------------------------------------------------------------------------------------------

Capture clock path:
#-----------------------------------------------------------------------------------------------------------------------------
#                    Timing Point                     Flags   Arc   Edge   Cell      Fanout Load Trans Delay Arrival Instance 
#                                                                                           (fF)  (ps)  (ps)   (ps)  Location 
#-----------------------------------------------------------------------------------------------------------------------------
  clk                                                 (i)     -     R     (arrival)  103965  0.0     0     0    5000    (-,-) 
  gen_rows[6].gen_cols[6].pe_i_dut_acc_out_reg[47]/CP <<<     -     R     DFCNQD1    103965    -     0     0    5000    (-,-) 
#-----------------------------------------------------------------------------------------------------------------------------



Path 7: MET (1 ps) Setup Check with Pin gen_rows[7].gen_cols[6].pe_i_dut_acc_out_reg[47]/CP->D
          Group: clk
     Startpoint: (R) gen_rows[7].gen_cols[5].pe_i_dut_data_out_reg[2]/CP
          Clock: (R) clk
       Endpoint: (R) gen_rows[7].gen_cols[6].pe_i_dut_acc_out_reg[47]/D
          Clock: (R) clk

                     Capture       Launch     
        Clock Edge:+    5000            0     
       Src Latency:+       0            0     
       Net Latency:+       0 (I)        0 (I) 
           Arrival:=    5000            0     
                                              
             Setup:-      43                  
     Required Time:=    4957                  
      Launch Clock:-       0                  
         Data Path:-    4957                  
             Slack:=       1                  

Launch clock path:
#-----------------------------------------------------------------------------------------------------------------------------
#                    Timing Point                     Flags   Arc   Edge   Cell      Fanout Load Trans Delay Arrival Instance 
#                                                                                           (fF)  (ps)  (ps)   (ps)  Location 
#-----------------------------------------------------------------------------------------------------------------------------
  clk                                                 (i)     -     R     (arrival)  103965  0.0     0     0       0    (-,-) 
  gen_rows[7].gen_cols[5].pe_i_dut_data_out_reg[2]/CP <<<     -     R     DFCND1     103965    -     0     0       0    (-,-) 
#-----------------------------------------------------------------------------------------------------------------------------

#---------------------------------------------------------------------------------------------------------------------------------------------------
#                              Timing Point                                Flags    Arc   Edge   Cell      Fanout Load Trans Delay Arrival Instance 
#                                                                                                                 (fF)  (ps)  (ps)   (ps)  Location 
#---------------------------------------------------------------------------------------------------------------------------------------------------
  gen_rows[7].gen_cols[5].pe_i_dut_data_out_reg[2]/CP                      -       -      R     (arrival)  103965    -     0     0       0    (-,-) 
  gen_rows[7].gen_cols[5].pe_i_dut_data_out_reg[2]/QN                      -       CP->QN R     DFCND1         37 41.6   342   352     352    (-,-) 
  gen_rows[7].gen_cols[6].pe_i_dut_csa_tree_ADD_TC_OP_groupi_g3708/ZN      -       B2->ZN R     MOAI22D1        2  1.9    78   107     459    (-,-) 
  gen_rows[7].gen_cols[6].pe_i_dut_csa_tree_ADD_TC_OP_groupi_g3797/ZN      -       A1->ZN R     IND2D1         16 12.9   118   111     570    (-,-) 
  gen_rows[7].gen_cols[6].pe_i_dut_csa_tree_ADD_TC_OP_groupi_g3584/ZN      -       A2->ZN F     AOI21D1         2  1.9    59    54     624    (-,-) 
  gen_rows[7].gen_cols[6].pe_i_dut_csa_tree_ADD_TC_OP_groupi_g3518/ZN      -       B1->ZN F     MOAI22D1        1  1.9    97    72     696    (-,-) 
  gen_rows[7].gen_cols[6].pe_i_dut_csa_tree_ADD_TC_OP_groupi_cdnfadd/CO    -       B->CO  F     FA1D0           1  1.0    32   145     840    (-,-) 
  gen_rows[7].gen_cols[6].pe_i_dut_csa_tree_ADD_TC_OP_groupi_cdnfadd1/CO   -       CI->CO F     FA1D0           1  1.0    31    85     925    (-,-) 
  gen_rows[7].gen_cols[6].pe_i_dut_csa_tree_ADD_TC_OP_groupi_cdnfadd2/CO   -       CI->CO F     FA1D0           1  1.9    40    92    1018    (-,-) 
  g8836/CO                                                                 -       D->CO  F     CMPE42D1        1  1.9    32   126    1144    (-,-) 
  g8835/CO                                                                 -       D->CO  F     CMPE42D1        1  1.9    32   123    1267    (-,-) 
  g8834/CO                                                                 -       D->CO  F     CMPE42D1        1  1.0    28   119    1385    (-,-) 
  gen_rows[7].gen_cols[6].pe_i_dut_csa_tree_ADD_TC_OP_groupi_cdnfadd6/CO   -       CI->CO F     FA1D0           1  1.0    31    83    1468    (-,-) 
  gen_rows[7].gen_cols[6].pe_i_dut_csa_tree_ADD_TC_OP_groupi_cdnfadd7/CO   -       CI->CO F     FA1D0           1  1.0    31    84    1553    (-,-) 
  gen_rows[7].gen_cols[6].pe_i_dut_csa_tree_ADD_TC_OP_groupi_cdnfadd8/CO   -       CI->CO F     FA1D0           1  1.0    31    84    1638    (-,-) 
  gen_rows[7].gen_cols[6].pe_i_dut_csa_tree_ADD_TC_OP_groupi_cdnfadd9/CO   -       CI->CO F     FA1D0           1  1.0    31    84    1722    (-,-) 
  gen_rows[7].gen_cols[6].pe_i_dut_csa_tree_ADD_TC_OP_groupi_cdnfadd10/CO  -       CI->CO F     FA1D0           1  1.0    31    84    1806    (-,-) 
  gen_rows[7].gen_cols[6].pe_i_dut_csa_tree_ADD_TC_OP_groupi_cdnfadd11/CO  -       CI->CO F     FA1D0           1  1.0    31    84    1891    (-,-) 
  gen_rows[7].gen_cols[6].pe_i_dut_csa_tree_ADD_TC_OP_groupi_cdnfadd12/CO  -       CI->CO F     FA1D0           1  1.0    31    84    1976    (-,-) 
  gen_rows[7].gen_cols[6].pe_i_dut_csa_tree_ADD_TC_OP_groupi_cdnfadd13/CO  -       CI->CO F     FA1D0           1  1.0    31    84    2060    (-,-) 
  gen_rows[7].gen_cols[6].pe_i_dut_csa_tree_ADD_TC_OP_groupi_cdnfadd14/CO  -       CI->CO F     FA1D0           1  1.0    31    84    2144    (-,-) 
  gen_rows[7].gen_cols[6].pe_i_dut_csa_tree_ADD_TC_OP_groupi_cdnfadd15/CO  -       CI->CO F     FA1D0           1  1.0    31    84    2229    (-,-) 
  gen_rows[7].gen_cols[6].pe_i_dut_csa_tree_ADD_TC_OP_groupi_cdnfadd16/CO  -       CI->CO F     FA1D0           1  1.0    31    84    2314    (-,-) 
  gen_rows[7].gen_cols[6].pe_i_dut_csa_tree_ADD_TC_OP_groupi_cdnfadd17/CO  -       CI->CO F     FA1D0           1  1.0    31    84    2398    (-,-) 
  gen_rows[7].gen_cols[6].pe_i_dut_csa_tree_ADD_TC_OP_groupi_cdnfadd18/CO  -       CI->CO F     FA1D0           1  1.0    31    84    2482    (-,-) 
  gen_rows[7].gen_cols[6].pe_i_dut_csa_tree_ADD_TC_OP_groupi_cdnfadd19/CO  -       CI->CO F     FA1D0           1  1.0    31    84    2567    (-,-) 
  gen_rows[7].gen_cols[6].pe_i_dut_csa_tree_ADD_TC_OP_groupi_cdnfadd20/CO  -       CI->CO F     FA1D0           1  1.0    31    84    2652    (-,-) 
  gen_rows[7].gen_cols[6].pe_i_dut_csa_tree_ADD_TC_OP_groupi_cdnfadd21/CO  -       CI->CO F     FA1D0           1  1.0    31    84    2736    (-,-) 
  gen_rows[7].gen_cols[6].pe_i_dut_csa_tree_ADD_TC_OP_groupi_cdnfadd22/CO  -       CI->CO F     FA1D0           1  1.0    31    84    2820    (-,-) 
  gen_rows[7].gen_cols[6].pe_i_dut_csa_tree_ADD_TC_OP_groupi_cdnfadd23/CO  -       CI->CO F     FA1D0           1  1.9    40    92    2913    (-,-) 
  g8817/CO                                                                 -       D->CO  F     CMPE42D1        1  1.0    26   121    3034    (-,-) 
  gen_rows[7].gen_cols[6].pe_i_dut_csa_tree_ADD_TC_OP_groupi_cdnfadd25/CO  -       CI->CO F     FA1D0           1  1.0    31    83    3117    (-,-) 
  gen_rows[7].gen_cols[6].pe_i_dut_csa_tree_ADD_TC_OP_groupi_cdnfadd26/CO  -       CI->CO F     FA1D0           1  1.0    31    84    3201    (-,-) 
  gen_rows[7].gen_cols[6].pe_i_dut_csa_tree_ADD_TC_OP_groupi_cdnfadd27/CO  -       CI->CO F     FA1D0           1  1.0    31    84    3286    (-,-) 
  gen_rows[7].gen_cols[6].pe_i_dut_csa_tree_ADD_TC_OP_groupi_cdnfadd28/CO  -       CI->CO F     FA1D0           1  1.0    31    84    3370    (-,-) 
  gen_rows[7].gen_cols[6].pe_i_dut_csa_tree_ADD_TC_OP_groupi_cdnfadd29/CO  -       CI->CO F     FA1D0           1  1.9    40    92    3463    (-,-) 
  g8814/CO                                                                 -       D->CO  F     CMPE42D1        1  1.0    26   121    3584    (-,-) 
  gen_rows[7].gen_cols[6].pe_i_dut_csa_tree_ADD_TC_OP_groupi_cdnfadd31/CO  -       CI->CO F     FA1D0           1  1.0    31    83    3667    (-,-) 
  gen_rows[7].gen_cols[6].pe_i_dut_csa_tree_ADD_TC_OP_groupi_cdnfadd32/CO  -       CI->CO F     FA1D0           1  1.0    31    84    3751    (-,-) 
  gen_rows[7].gen_cols[6].pe_i_dut_csa_tree_ADD_TC_OP_groupi_cdnfadd33/CO  -       CI->CO F     FA1D0           1  1.0    31    84    3836    (-,-) 
  gen_rows[7].gen_cols[6].pe_i_dut_csa_tree_ADD_TC_OP_groupi_cdnfadd34/CO  -       CI->CO F     FA1D0           1  1.0    31    84    3920    (-,-) 
  gen_rows[7].gen_cols[6].pe_i_dut_csa_tree_ADD_TC_OP_groupi_cdnfadd35/CO  -       CI->CO F     FA1D0           1  1.0    31    84    4005    (-,-) 
  gen_rows[7].gen_cols[6].pe_i_dut_csa_tree_ADD_TC_OP_groupi_cdnfadd36/CO  -       CI->CO F     FA1D0           1  2.0    40    93    4098    (-,-) 
  gen_rows[7].gen_cols[6].pe_i_dut_csa_tree_ADD_TC_OP_groupi_cdnfadd37/CO  -       CI->CO F     FA1D1           1  1.0    25    65    4162    (-,-) 
  gen_rows[7].gen_cols[6].pe_i_dut_csa_tree_ADD_TC_OP_groupi_cdnfadd38/CO  -       CI->CO F     FA1D0           1  2.0    40    91    4253    (-,-) 
  gen_rows[7].gen_cols[6].pe_i_dut_csa_tree_ADD_TC_OP_groupi_cdnfadd39/CO  -       CI->CO F     FA1D1           1  1.0    25    65    4318    (-,-) 
  gen_rows[7].gen_cols[6].pe_i_dut_csa_tree_ADD_TC_OP_groupi_cdnfadd40/CO  -       CI->CO F     FA1D0           1  2.0    40    91    4409    (-,-) 
  gen_rows[7].gen_cols[6].pe_i_dut_csa_tree_ADD_TC_OP_groupi_cdnfadd41/CO  -       CI->CO F     FA1D1           1  2.0    31    70    4478    (-,-) 
  gen_rows[7].gen_cols[6].pe_i_dut_csa_tree_ADD_TC_OP_groupi_cdnfadd42/CO  -       CI->CO F     FA1D1           1  2.0    31    66    4545    (-,-) 
  gen_rows[7].gen_cols[6].pe_i_dut_csa_tree_ADD_TC_OP_groupi_cdnfadd43/CO  -       CI->CO F     FA1D1           1  2.0    31    66    4611    (-,-) 
  gen_rows[7].gen_cols[6].pe_i_dut_csa_tree_ADD_TC_OP_groupi_cdnfadd44/CO  -       CI->CO F     FA1D1           1  2.0    31    66    4678    (-,-) 
  gen_rows[7].gen_cols[6].pe_i_dut_csa_tree_ADD_TC_OP_groupi_cdnfadd45/CO  -       CI->CO F     FA1D1           1  2.0    31    66    4744    (-,-) 
  gen_rows[7].gen_cols[6].pe_i_dut_csa_tree_ADD_TC_OP_groupi_cdnfadd46/CO  -       CI->CO F     FA1D1           1  1.1    26    62    4806    (-,-) 
  gen_rows[7].gen_cols[6].pe_i_dut_csa_tree_ADD_TC_OP_groupi_cdnfadd3807/Z -       A3->Z  R     XOR3D1          1  0.8    26    87    4893    (-,-) 
  g46699/ZN                                                                -       A2->ZN R     IOA21D1         1  1.0    78    64    4957    (-,-) 
  gen_rows[7].gen_cols[6].pe_i_dut_acc_out_reg[47]/D                       -       -      R     DFCNQD1         1    -     -     0    4957    (-,-) 
#---------------------------------------------------------------------------------------------------------------------------------------------------

Capture clock path:
#-----------------------------------------------------------------------------------------------------------------------------
#                    Timing Point                     Flags   Arc   Edge   Cell      Fanout Load Trans Delay Arrival Instance 
#                                                                                           (fF)  (ps)  (ps)   (ps)  Location 
#-----------------------------------------------------------------------------------------------------------------------------
  clk                                                 (i)     -     R     (arrival)  103965  0.0     0     0    5000    (-,-) 
  gen_rows[7].gen_cols[6].pe_i_dut_acc_out_reg[47]/CP <<<     -     R     DFCNQD1    103965    -     0     0    5000    (-,-) 
#-----------------------------------------------------------------------------------------------------------------------------



Path 8: MET (1 ps) Setup Check with Pin gen_rows[0].gen_cols[28].pe_i_dut_acc_out_reg[47]/CP->D
          Group: clk
     Startpoint: (R) gen_rows[0].gen_cols[27].pe_i_dut_data_out_reg[2]/CP
          Clock: (R) clk
       Endpoint: (R) gen_rows[0].gen_cols[28].pe_i_dut_acc_out_reg[47]/D
          Clock: (R) clk

                     Capture       Launch     
        Clock Edge:+    5000            0     
       Src Latency:+       0            0     
       Net Latency:+       0 (I)        0 (I) 
           Arrival:=    5000            0     
                                              
             Setup:-      43                  
     Required Time:=    4957                  
      Launch Clock:-       0                  
         Data Path:-    4956                  
             Slack:=       1                  

Launch clock path:
#------------------------------------------------------------------------------------------------------------------------------
#                    Timing Point                      Flags   Arc   Edge   Cell      Fanout Load Trans Delay Arrival Instance 
#                                                                                            (fF)  (ps)  (ps)   (ps)  Location 
#------------------------------------------------------------------------------------------------------------------------------
  clk                                                  (i)     -     R     (arrival)  103965  0.0     0     0       0    (-,-) 
  gen_rows[0].gen_cols[27].pe_i_dut_data_out_reg[2]/CP <<<     -     R     DFCND1     103965    -     0     0       0    (-,-) 
#------------------------------------------------------------------------------------------------------------------------------

#----------------------------------------------------------------------------------------------------------------------------------------------------
#                               Timing Point                                Flags    Arc   Edge   Cell      Fanout Load Trans Delay Arrival Instance 
#                                                                                                                  (fF)  (ps)  (ps)   (ps)  Location 
#----------------------------------------------------------------------------------------------------------------------------------------------------
  gen_rows[0].gen_cols[27].pe_i_dut_data_out_reg[2]/CP                      -       -      R     (arrival)  103965    -     0     0       0    (-,-) 
  gen_rows[0].gen_cols[27].pe_i_dut_data_out_reg[2]/QN                      -       CP->QN R     DFCND1         40 44.9   368   366     366    (-,-) 
  gen_rows[0].gen_cols[28].pe_i_dut_csa_tree_ADD_TC_OP_groupi_g3718/Z       -       A2->Z  R     OR2XD1          2  2.0    35    88     454    (-,-) 
  gen_rows[0].gen_cols[28].pe_i_dut_csa_tree_ADD_TC_OP_groupi_g3683/ZN      -       B->ZN  F     IOA21D1         2  1.7    34    31     485    (-,-) 
  gen_rows[0].gen_cols[28].pe_i_dut_csa_tree_ADD_TC_OP_groupi_g3763/ZN      -       A1->ZN F     IND2D1         16 14.3   154   132     617    (-,-) 
  gen_rows[0].gen_cols[28].pe_i_dut_csa_tree_ADD_TC_OP_groupi_g3553/ZN      -       A2->ZN R     AOI21D1         2  2.1    83    83     700    (-,-) 
  gen_rows[0].gen_cols[28].pe_i_dut_csa_tree_ADD_TC_OP_groupi_g3489/ZN      -       A1->ZN F     MOAI22D1        1  1.9   102    44     744    (-,-) 
  gen_rows[0].gen_cols[28].pe_i_dut_csa_tree_ADD_TC_OP_groupi_cdnfadd/CO    -       B->CO  F     FA1D0           1  1.0    32   146     890    (-,-) 
  gen_rows[0].gen_cols[28].pe_i_dut_csa_tree_ADD_TC_OP_groupi_cdnfadd1/CO   -       CI->CO F     FA1D0           1  1.0    31    85     975    (-,-) 
  gen_rows[0].gen_cols[28].pe_i_dut_csa_tree_ADD_TC_OP_groupi_cdnfadd2/CO   -       CI->CO F     FA1D0           1  1.0    31    84    1059    (-,-) 
  gen_rows[0].gen_cols[28].pe_i_dut_csa_tree_ADD_TC_OP_groupi_cdnfadd3/CO   -       CI->CO F     FA1D0           1  1.0    31    84    1144    (-,-) 
  gen_rows[0].gen_cols[28].pe_i_dut_csa_tree_ADD_TC_OP_groupi_cdnfadd4/CO   -       CI->CO F     FA1D0           1  1.0    31    84    1228    (-,-) 
  gen_rows[0].gen_cols[28].pe_i_dut_csa_tree_ADD_TC_OP_groupi_cdnfadd5/CO   -       CI->CO F     FA1D0           1  1.9    40    92    1321    (-,-) 
  g76594/CO                                                                 -       D->CO  F     CMPE42D1        1  1.0    28   121    1442    (-,-) 
  gen_rows[0].gen_cols[28].pe_i_dut_csa_tree_ADD_TC_OP_groupi_cdnfadd7/CO   -       CI->CO F     FA1D0           1  1.0    31    83    1525    (-,-) 
  gen_rows[0].gen_cols[28].pe_i_dut_csa_tree_ADD_TC_OP_groupi_cdnfadd8/CO   -       CI->CO F     FA1D0           1  1.0    31    84    1609    (-,-) 
  gen_rows[0].gen_cols[28].pe_i_dut_csa_tree_ADD_TC_OP_groupi_cdnfadd9/CO   -       CI->CO F     FA1D0           1  1.0    31    84    1694    (-,-) 
  gen_rows[0].gen_cols[28].pe_i_dut_csa_tree_ADD_TC_OP_groupi_cdnfadd10/CO  -       CI->CO F     FA1D0           1  1.0    31    84    1778    (-,-) 
  gen_rows[0].gen_cols[28].pe_i_dut_csa_tree_ADD_TC_OP_groupi_cdnfadd11/CO  -       CI->CO F     FA1D0           1  1.0    31    84    1863    (-,-) 
  gen_rows[0].gen_cols[28].pe_i_dut_csa_tree_ADD_TC_OP_groupi_cdnfadd12/CO  -       CI->CO F     FA1D0           1  1.0    31    84    1947    (-,-) 
  gen_rows[0].gen_cols[28].pe_i_dut_csa_tree_ADD_TC_OP_groupi_cdnfadd13/CO  -       CI->CO F     FA1D0           1  1.0    31    84    2032    (-,-) 
  gen_rows[0].gen_cols[28].pe_i_dut_csa_tree_ADD_TC_OP_groupi_cdnfadd14/CO  -       CI->CO F     FA1D0           1  1.0    31    84    2116    (-,-) 
  gen_rows[0].gen_cols[28].pe_i_dut_csa_tree_ADD_TC_OP_groupi_cdnfadd15/CO  -       CI->CO F     FA1D0           1  1.0    31    84    2201    (-,-) 
  gen_rows[0].gen_cols[28].pe_i_dut_csa_tree_ADD_TC_OP_groupi_cdnfadd16/CO  -       CI->CO F     FA1D0           1  1.0    31    84    2285    (-,-) 
  gen_rows[0].gen_cols[28].pe_i_dut_csa_tree_ADD_TC_OP_groupi_cdnfadd17/CO  -       CI->CO F     FA1D0           1  1.0    31    84    2370    (-,-) 
  gen_rows[0].gen_cols[28].pe_i_dut_csa_tree_ADD_TC_OP_groupi_cdnfadd18/CO  -       CI->CO F     FA1D0           1  1.0    31    84    2454    (-,-) 
  gen_rows[0].gen_cols[28].pe_i_dut_csa_tree_ADD_TC_OP_groupi_cdnfadd19/CO  -       CI->CO F     FA1D0           1  1.0    31    84    2539    (-,-) 
  gen_rows[0].gen_cols[28].pe_i_dut_csa_tree_ADD_TC_OP_groupi_cdnfadd20/CO  -       CI->CO F     FA1D0           1  1.0    31    84    2623    (-,-) 
  gen_rows[0].gen_cols[28].pe_i_dut_csa_tree_ADD_TC_OP_groupi_cdnfadd21/CO  -       CI->CO F     FA1D0           1  1.0    31    84    2708    (-,-) 
  gen_rows[0].gen_cols[28].pe_i_dut_csa_tree_ADD_TC_OP_groupi_cdnfadd22/CO  -       CI->CO F     FA1D0           1  1.0    31    84    2792    (-,-) 
  gen_rows[0].gen_cols[28].pe_i_dut_csa_tree_ADD_TC_OP_groupi_cdnfadd23/CO  -       CI->CO F     FA1D0           1  1.0    31    84    2877    (-,-) 
  gen_rows[0].gen_cols[28].pe_i_dut_csa_tree_ADD_TC_OP_groupi_cdnfadd24/CO  -       CI->CO F     FA1D0           1  1.0    31    84    2961    (-,-) 
  gen_rows[0].gen_cols[28].pe_i_dut_csa_tree_ADD_TC_OP_groupi_cdnfadd25/CO  -       CI->CO F     FA1D0           1  1.0    31    84    3046    (-,-) 
  gen_rows[0].gen_cols[28].pe_i_dut_csa_tree_ADD_TC_OP_groupi_cdnfadd26/CO  -       CI->CO F     FA1D0           1  1.0    31    84    3130    (-,-) 
  gen_rows[0].gen_cols[28].pe_i_dut_csa_tree_ADD_TC_OP_groupi_cdnfadd27/CO  -       CI->CO F     FA1D0           1  1.0    31    84    3215    (-,-) 
  gen_rows[0].gen_cols[28].pe_i_dut_csa_tree_ADD_TC_OP_groupi_cdnfadd28/CO  -       CI->CO F     FA1D0           1  1.0    31    84    3299    (-,-) 
  gen_rows[0].gen_cols[28].pe_i_dut_csa_tree_ADD_TC_OP_groupi_cdnfadd29/CO  -       CI->CO F     FA1D0           1  1.9    40    92    3392    (-,-) 
  g76570/CO                                                                 -       D->CO  F     CMPE42D1        1  1.0    26   121    3513    (-,-) 
  gen_rows[0].gen_cols[28].pe_i_dut_csa_tree_ADD_TC_OP_groupi_cdnfadd31/CO  -       CI->CO F     FA1D0           1  1.0    31    83    3596    (-,-) 
  gen_rows[0].gen_cols[28].pe_i_dut_csa_tree_ADD_TC_OP_groupi_cdnfadd32/CO  -       CI->CO F     FA1D0           1  1.0    31    84    3680    (-,-) 
  gen_rows[0].gen_cols[28].pe_i_dut_csa_tree_ADD_TC_OP_groupi_cdnfadd33/CO  -       CI->CO F     FA1D0           1  1.0    31    84    3765    (-,-) 
  gen_rows[0].gen_cols[28].pe_i_dut_csa_tree_ADD_TC_OP_groupi_cdnfadd34/CO  -       CI->CO F     FA1D0           1  1.0    31    84    3849    (-,-) 
  gen_rows[0].gen_cols[28].pe_i_dut_csa_tree_ADD_TC_OP_groupi_cdnfadd35/CO  -       CI->CO F     FA1D0           1  1.0    31    84    3934    (-,-) 
  gen_rows[0].gen_cols[28].pe_i_dut_csa_tree_ADD_TC_OP_groupi_cdnfadd36/CO  -       CI->CO F     FA1D0           1  1.0    31    84    4018    (-,-) 
  gen_rows[0].gen_cols[28].pe_i_dut_csa_tree_ADD_TC_OP_groupi_cdnfadd37/CO  -       CI->CO F     FA1D0           1  1.0    31    84    4103    (-,-) 
  gen_rows[0].gen_cols[28].pe_i_dut_csa_tree_ADD_TC_OP_groupi_cdnfadd38/CO  -       CI->CO F     FA1D0           1  1.0    31    84    4187    (-,-) 
  gen_rows[0].gen_cols[28].pe_i_dut_csa_tree_ADD_TC_OP_groupi_cdnfadd39/CO  -       CI->CO F     FA1D0           1  1.0    31    84    4272    (-,-) 
  gen_rows[0].gen_cols[28].pe_i_dut_csa_tree_ADD_TC_OP_groupi_cdnfadd40/CO  -       CI->CO F     FA1D0           1  1.0    31    84    4356    (-,-) 
  gen_rows[0].gen_cols[28].pe_i_dut_csa_tree_ADD_TC_OP_groupi_cdnfadd41/CO  -       CI->CO F     FA1D0           1  2.0    40    93    4449    (-,-) 
  gen_rows[0].gen_cols[28].pe_i_dut_csa_tree_ADD_TC_OP_groupi_cdnfadd42/CO  -       CI->CO F     FA1D1           1  2.0    31    70    4519    (-,-) 
  gen_rows[0].gen_cols[28].pe_i_dut_csa_tree_ADD_TC_OP_groupi_cdnfadd43/CO  -       CI->CO F     FA1D1           1  2.0    31    66    4586    (-,-) 
  gen_rows[0].gen_cols[28].pe_i_dut_csa_tree_ADD_TC_OP_groupi_cdnfadd44/CO  -       CI->CO F     FA1D1           1  2.0    31    66    4652    (-,-) 
  gen_rows[0].gen_cols[28].pe_i_dut_csa_tree_ADD_TC_OP_groupi_cdnfadd45/CO  -       CI->CO F     FA1D1           1  1.0    25    62    4714    (-,-) 
  gen_rows[0].gen_cols[28].pe_i_dut_csa_tree_ADD_TC_OP_groupi_cdnfadd46/CO  -       CI->CO F     FA1D0           1  0.8    29    80    4794    (-,-) 
  gen_rows[0].gen_cols[28].pe_i_dut_csa_tree_ADD_TC_OP_groupi_cdnfadd3771/Z -       A3->Z  R     XOR3D0          1  0.8    31    98    4892    (-,-) 
  g26998/ZN                                                                 -       A2->ZN R     IOA21D1         1  1.0    78    65    4956    (-,-) 
  gen_rows[0].gen_cols[28].pe_i_dut_acc_out_reg[47]/D                       -       -      R     DFCNQD1         1    -     -     0    4956    (-,-) 
#----------------------------------------------------------------------------------------------------------------------------------------------------

Capture clock path:
#------------------------------------------------------------------------------------------------------------------------------
#                    Timing Point                      Flags   Arc   Edge   Cell      Fanout Load Trans Delay Arrival Instance 
#                                                                                            (fF)  (ps)  (ps)   (ps)  Location 
#------------------------------------------------------------------------------------------------------------------------------
  clk                                                  (i)     -     R     (arrival)  103965  0.0     0     0    5000    (-,-) 
  gen_rows[0].gen_cols[28].pe_i_dut_acc_out_reg[47]/CP <<<     -     R     DFCNQD1    103965    -     0     0    5000    (-,-) 
#------------------------------------------------------------------------------------------------------------------------------



Path 9: MET (1 ps) Setup Check with Pin gen_rows[0].gen_cols[31].pe_i_dut_acc_out_reg[47]/CP->D
          Group: clk
     Startpoint: (R) gen_rows[0].gen_cols[30].pe_i_dut_data_out_reg[2]/CP
          Clock: (R) clk
       Endpoint: (R) gen_rows[0].gen_cols[31].pe_i_dut_acc_out_reg[47]/D
          Clock: (R) clk

                     Capture       Launch     
        Clock Edge:+    5000            0     
       Src Latency:+       0            0     
       Net Latency:+       0 (I)        0 (I) 
           Arrival:=    5000            0     
                                              
             Setup:-      43                  
     Required Time:=    4957                  
      Launch Clock:-       0                  
         Data Path:-    4956                  
             Slack:=       1                  

Launch clock path:
#------------------------------------------------------------------------------------------------------------------------------
#                    Timing Point                      Flags   Arc   Edge   Cell      Fanout Load Trans Delay Arrival Instance 
#                                                                                            (fF)  (ps)  (ps)   (ps)  Location 
#------------------------------------------------------------------------------------------------------------------------------
  clk                                                  (i)     -     R     (arrival)  103965  0.0     0     0       0    (-,-) 
  gen_rows[0].gen_cols[30].pe_i_dut_data_out_reg[2]/CP <<<     -     R     DFCND1     103965    -     0     0       0    (-,-) 
#------------------------------------------------------------------------------------------------------------------------------

#----------------------------------------------------------------------------------------------------------------------------------------------------
#                               Timing Point                                Flags    Arc   Edge   Cell      Fanout Load Trans Delay Arrival Instance 
#                                                                                                                  (fF)  (ps)  (ps)   (ps)  Location 
#----------------------------------------------------------------------------------------------------------------------------------------------------
  gen_rows[0].gen_cols[30].pe_i_dut_data_out_reg[2]/CP                      -       -      R     (arrival)  103965    -     0     0       0    (-,-) 
  gen_rows[0].gen_cols[30].pe_i_dut_data_out_reg[2]/QN                      -       CP->QN R     DFCND1         40 44.9   368   366     366    (-,-) 
  gen_rows[0].gen_cols[31].pe_i_dut_csa_tree_ADD_TC_OP_groupi_g3718/Z       -       A2->Z  R     OR2XD1          2  2.0    35    88     454    (-,-) 
  gen_rows[0].gen_cols[31].pe_i_dut_csa_tree_ADD_TC_OP_groupi_g3683/ZN      -       B->ZN  F     IOA21D1         2  1.7    34    31     485    (-,-) 
  gen_rows[0].gen_cols[31].pe_i_dut_csa_tree_ADD_TC_OP_groupi_g3763/ZN      -       A1->ZN F     IND2D1         16 14.3   154   132     617    (-,-) 
  gen_rows[0].gen_cols[31].pe_i_dut_csa_tree_ADD_TC_OP_groupi_g3553/ZN      -       A2->ZN R     AOI21D1         2  2.1    83    83     700    (-,-) 
  gen_rows[0].gen_cols[31].pe_i_dut_csa_tree_ADD_TC_OP_groupi_g3489/ZN      -       A1->ZN F     MOAI22D1        1  1.9   102    44     744    (-,-) 
  gen_rows[0].gen_cols[31].pe_i_dut_csa_tree_ADD_TC_OP_groupi_cdnfadd/CO    -       B->CO  F     FA1D0           1  1.0    32   146     890    (-,-) 
  gen_rows[0].gen_cols[31].pe_i_dut_csa_tree_ADD_TC_OP_groupi_cdnfadd1/CO   -       CI->CO F     FA1D0           1  1.0    31    85     975    (-,-) 
  gen_rows[0].gen_cols[31].pe_i_dut_csa_tree_ADD_TC_OP_groupi_cdnfadd2/CO   -       CI->CO F     FA1D0           1  1.0    31    84    1059    (-,-) 
  gen_rows[0].gen_cols[31].pe_i_dut_csa_tree_ADD_TC_OP_groupi_cdnfadd3/CO   -       CI->CO F     FA1D0           1  1.0    31    84    1144    (-,-) 
  gen_rows[0].gen_cols[31].pe_i_dut_csa_tree_ADD_TC_OP_groupi_cdnfadd4/CO   -       CI->CO F     FA1D0           1  1.0    31    84    1228    (-,-) 
  gen_rows[0].gen_cols[31].pe_i_dut_csa_tree_ADD_TC_OP_groupi_cdnfadd5/CO   -       CI->CO F     FA1D0           1  1.9    40    92    1321    (-,-) 
  g75092/CO                                                                 -       D->CO  F     CMPE42D1        1  1.0    28   121    1442    (-,-) 
  gen_rows[0].gen_cols[31].pe_i_dut_csa_tree_ADD_TC_OP_groupi_cdnfadd7/CO   -       CI->CO F     FA1D0           1  1.0    31    83    1525    (-,-) 
  gen_rows[0].gen_cols[31].pe_i_dut_csa_tree_ADD_TC_OP_groupi_cdnfadd8/CO   -       CI->CO F     FA1D0           1  1.0    31    84    1609    (-,-) 
  gen_rows[0].gen_cols[31].pe_i_dut_csa_tree_ADD_TC_OP_groupi_cdnfadd9/CO   -       CI->CO F     FA1D0           1  1.0    31    84    1694    (-,-) 
  gen_rows[0].gen_cols[31].pe_i_dut_csa_tree_ADD_TC_OP_groupi_cdnfadd10/CO  -       CI->CO F     FA1D0           1  1.0    31    84    1778    (-,-) 
  gen_rows[0].gen_cols[31].pe_i_dut_csa_tree_ADD_TC_OP_groupi_cdnfadd11/CO  -       CI->CO F     FA1D0           1  1.0    31    84    1863    (-,-) 
  gen_rows[0].gen_cols[31].pe_i_dut_csa_tree_ADD_TC_OP_groupi_cdnfadd12/CO  -       CI->CO F     FA1D0           1  1.0    31    84    1947    (-,-) 
  gen_rows[0].gen_cols[31].pe_i_dut_csa_tree_ADD_TC_OP_groupi_cdnfadd13/CO  -       CI->CO F     FA1D0           1  1.0    31    84    2032    (-,-) 
  gen_rows[0].gen_cols[31].pe_i_dut_csa_tree_ADD_TC_OP_groupi_cdnfadd14/CO  -       CI->CO F     FA1D0           1  1.0    31    84    2116    (-,-) 
  gen_rows[0].gen_cols[31].pe_i_dut_csa_tree_ADD_TC_OP_groupi_cdnfadd15/CO  -       CI->CO F     FA1D0           1  1.0    31    84    2201    (-,-) 
  gen_rows[0].gen_cols[31].pe_i_dut_csa_tree_ADD_TC_OP_groupi_cdnfadd16/CO  -       CI->CO F     FA1D0           1  1.0    31    84    2285    (-,-) 
  gen_rows[0].gen_cols[31].pe_i_dut_csa_tree_ADD_TC_OP_groupi_cdnfadd17/CO  -       CI->CO F     FA1D0           1  1.0    31    84    2370    (-,-) 
  gen_rows[0].gen_cols[31].pe_i_dut_csa_tree_ADD_TC_OP_groupi_cdnfadd18/CO  -       CI->CO F     FA1D0           1  1.0    31    84    2454    (-,-) 
  gen_rows[0].gen_cols[31].pe_i_dut_csa_tree_ADD_TC_OP_groupi_cdnfadd19/CO  -       CI->CO F     FA1D0           1  1.0    31    84    2539    (-,-) 
  gen_rows[0].gen_cols[31].pe_i_dut_csa_tree_ADD_TC_OP_groupi_cdnfadd20/CO  -       CI->CO F     FA1D0           1  1.0    31    84    2623    (-,-) 
  gen_rows[0].gen_cols[31].pe_i_dut_csa_tree_ADD_TC_OP_groupi_cdnfadd21/CO  -       CI->CO F     FA1D0           1  1.0    31    84    2708    (-,-) 
  gen_rows[0].gen_cols[31].pe_i_dut_csa_tree_ADD_TC_OP_groupi_cdnfadd22/CO  -       CI->CO F     FA1D0           1  1.0    31    84    2792    (-,-) 
  gen_rows[0].gen_cols[31].pe_i_dut_csa_tree_ADD_TC_OP_groupi_cdnfadd23/CO  -       CI->CO F     FA1D0           1  1.0    31    84    2877    (-,-) 
  gen_rows[0].gen_cols[31].pe_i_dut_csa_tree_ADD_TC_OP_groupi_cdnfadd24/CO  -       CI->CO F     FA1D0           1  1.0    31    84    2961    (-,-) 
  gen_rows[0].gen_cols[31].pe_i_dut_csa_tree_ADD_TC_OP_groupi_cdnfadd25/CO  -       CI->CO F     FA1D0           1  1.0    31    84    3046    (-,-) 
  gen_rows[0].gen_cols[31].pe_i_dut_csa_tree_ADD_TC_OP_groupi_cdnfadd26/CO  -       CI->CO F     FA1D0           1  1.0    31    84    3130    (-,-) 
  gen_rows[0].gen_cols[31].pe_i_dut_csa_tree_ADD_TC_OP_groupi_cdnfadd27/CO  -       CI->CO F     FA1D0           1  1.0    31    84    3215    (-,-) 
  gen_rows[0].gen_cols[31].pe_i_dut_csa_tree_ADD_TC_OP_groupi_cdnfadd28/CO  -       CI->CO F     FA1D0           1  1.0    31    84    3299    (-,-) 
  gen_rows[0].gen_cols[31].pe_i_dut_csa_tree_ADD_TC_OP_groupi_cdnfadd29/CO  -       CI->CO F     FA1D0           1  1.9    40    92    3392    (-,-) 
  g75068/CO                                                                 -       D->CO  F     CMPE42D1        1  1.0    26   121    3513    (-,-) 
  gen_rows[0].gen_cols[31].pe_i_dut_csa_tree_ADD_TC_OP_groupi_cdnfadd31/CO  -       CI->CO F     FA1D0           1  1.0    31    83    3596    (-,-) 
  gen_rows[0].gen_cols[31].pe_i_dut_csa_tree_ADD_TC_OP_groupi_cdnfadd32/CO  -       CI->CO F     FA1D0           1  1.0    31    84    3680    (-,-) 
  gen_rows[0].gen_cols[31].pe_i_dut_csa_tree_ADD_TC_OP_groupi_cdnfadd33/CO  -       CI->CO F     FA1D0           1  1.0    31    84    3765    (-,-) 
  gen_rows[0].gen_cols[31].pe_i_dut_csa_tree_ADD_TC_OP_groupi_cdnfadd34/CO  -       CI->CO F     FA1D0           1  1.0    31    84    3849    (-,-) 
  gen_rows[0].gen_cols[31].pe_i_dut_csa_tree_ADD_TC_OP_groupi_cdnfadd35/CO  -       CI->CO F     FA1D0           1  1.0    31    84    3934    (-,-) 
  gen_rows[0].gen_cols[31].pe_i_dut_csa_tree_ADD_TC_OP_groupi_cdnfadd36/CO  -       CI->CO F     FA1D0           1  1.0    31    84    4018    (-,-) 
  gen_rows[0].gen_cols[31].pe_i_dut_csa_tree_ADD_TC_OP_groupi_cdnfadd37/CO  -       CI->CO F     FA1D0           1  1.0    31    84    4103    (-,-) 
  gen_rows[0].gen_cols[31].pe_i_dut_csa_tree_ADD_TC_OP_groupi_cdnfadd38/CO  -       CI->CO F     FA1D0           1  1.0    31    84    4187    (-,-) 
  gen_rows[0].gen_cols[31].pe_i_dut_csa_tree_ADD_TC_OP_groupi_cdnfadd39/CO  -       CI->CO F     FA1D0           1  1.0    31    84    4272    (-,-) 
  gen_rows[0].gen_cols[31].pe_i_dut_csa_tree_ADD_TC_OP_groupi_cdnfadd40/CO  -       CI->CO F     FA1D0           1  1.0    31    84    4356    (-,-) 
  gen_rows[0].gen_cols[31].pe_i_dut_csa_tree_ADD_TC_OP_groupi_cdnfadd41/CO  -       CI->CO F     FA1D0           1  2.0    40    93    4449    (-,-) 
  gen_rows[0].gen_cols[31].pe_i_dut_csa_tree_ADD_TC_OP_groupi_cdnfadd42/CO  -       CI->CO F     FA1D1           1  2.0    31    70    4519    (-,-) 
  gen_rows[0].gen_cols[31].pe_i_dut_csa_tree_ADD_TC_OP_groupi_cdnfadd43/CO  -       CI->CO F     FA1D1           1  2.0    31    66    4586    (-,-) 
  gen_rows[0].gen_cols[31].pe_i_dut_csa_tree_ADD_TC_OP_groupi_cdnfadd44/CO  -       CI->CO F     FA1D1           1  2.0    31    66    4652    (-,-) 
  gen_rows[0].gen_cols[31].pe_i_dut_csa_tree_ADD_TC_OP_groupi_cdnfadd45/CO  -       CI->CO F     FA1D1           1  1.0    25    62    4714    (-,-) 
  gen_rows[0].gen_cols[31].pe_i_dut_csa_tree_ADD_TC_OP_groupi_cdnfadd46/CO  -       CI->CO F     FA1D0           1  0.8    29    80    4794    (-,-) 
  gen_rows[0].gen_cols[31].pe_i_dut_csa_tree_ADD_TC_OP_groupi_cdnfadd3771/Z -       A3->Z  R     XOR3D0          1  0.8    31    98    4892    (-,-) 
  g10277/ZN                                                                 -       A2->ZN R     IOA21D1         1  1.0    78    65    4956    (-,-) 
  gen_rows[0].gen_cols[31].pe_i_dut_acc_out_reg[47]/D                       -       -      R     DFCNQD1         1    -     -     0    4956    (-,-) 
#----------------------------------------------------------------------------------------------------------------------------------------------------

Capture clock path:
#------------------------------------------------------------------------------------------------------------------------------
#                    Timing Point                      Flags   Arc   Edge   Cell      Fanout Load Trans Delay Arrival Instance 
#                                                                                            (fF)  (ps)  (ps)   (ps)  Location 
#------------------------------------------------------------------------------------------------------------------------------
  clk                                                  (i)     -     R     (arrival)  103965  0.0     0     0    5000    (-,-) 
  gen_rows[0].gen_cols[31].pe_i_dut_acc_out_reg[47]/CP <<<     -     R     DFCNQD1    103965    -     0     0    5000    (-,-) 
#------------------------------------------------------------------------------------------------------------------------------



Path 10: MET (1 ps) Setup Check with Pin gen_rows[0].gen_cols[29].pe_i_dut_acc_out_reg[47]/CP->D
          Group: clk
     Startpoint: (R) gen_rows[0].gen_cols[28].pe_i_dut_data_out_reg[2]/CP
          Clock: (R) clk
       Endpoint: (R) gen_rows[0].gen_cols[29].pe_i_dut_acc_out_reg[47]/D
          Clock: (R) clk

                     Capture       Launch     
        Clock Edge:+    5000            0     
       Src Latency:+       0            0     
       Net Latency:+       0 (I)        0 (I) 
           Arrival:=    5000            0     
                                              
             Setup:-      43                  
     Required Time:=    4957                  
      Launch Clock:-       0                  
         Data Path:-    4956                  
             Slack:=       1                  

Launch clock path:
#------------------------------------------------------------------------------------------------------------------------------
#                    Timing Point                      Flags   Arc   Edge   Cell      Fanout Load Trans Delay Arrival Instance 
#                                                                                            (fF)  (ps)  (ps)   (ps)  Location 
#------------------------------------------------------------------------------------------------------------------------------
  clk                                                  (i)     -     R     (arrival)  103965  0.0     0     0       0    (-,-) 
  gen_rows[0].gen_cols[28].pe_i_dut_data_out_reg[2]/CP <<<     -     R     DFCND1     103965    -     0     0       0    (-,-) 
#------------------------------------------------------------------------------------------------------------------------------

#----------------------------------------------------------------------------------------------------------------------------------------------------
#                               Timing Point                                Flags    Arc   Edge   Cell      Fanout Load Trans Delay Arrival Instance 
#                                                                                                                  (fF)  (ps)  (ps)   (ps)  Location 
#----------------------------------------------------------------------------------------------------------------------------------------------------
  gen_rows[0].gen_cols[28].pe_i_dut_data_out_reg[2]/CP                      -       -      R     (arrival)  103965    -     0     0       0    (-,-) 
  gen_rows[0].gen_cols[28].pe_i_dut_data_out_reg[2]/QN                      -       CP->QN R     DFCND1         40 44.9   368   366     366    (-,-) 
  gen_rows[0].gen_cols[29].pe_i_dut_csa_tree_ADD_TC_OP_groupi_g3718/Z       -       A2->Z  R     OR2XD1          2  2.0    35    88     454    (-,-) 
  gen_rows[0].gen_cols[29].pe_i_dut_csa_tree_ADD_TC_OP_groupi_g3683/ZN      -       B->ZN  F     IOA21D1         2  1.7    34    31     485    (-,-) 
  gen_rows[0].gen_cols[29].pe_i_dut_csa_tree_ADD_TC_OP_groupi_g3763/ZN      -       A1->ZN F     IND2D1         16 14.3   154   132     617    (-,-) 
  gen_rows[0].gen_cols[29].pe_i_dut_csa_tree_ADD_TC_OP_groupi_g3553/ZN      -       A2->ZN R     AOI21D1         2  2.1    83    83     700    (-,-) 
  gen_rows[0].gen_cols[29].pe_i_dut_csa_tree_ADD_TC_OP_groupi_g3489/ZN      -       A1->ZN F     MOAI22D1        1  1.9   102    44     744    (-,-) 
  gen_rows[0].gen_cols[29].pe_i_dut_csa_tree_ADD_TC_OP_groupi_cdnfadd/CO    -       B->CO  F     FA1D0           1  1.0    32   146     890    (-,-) 
  gen_rows[0].gen_cols[29].pe_i_dut_csa_tree_ADD_TC_OP_groupi_cdnfadd1/CO   -       CI->CO F     FA1D0           1  1.0    31    85     975    (-,-) 
  gen_rows[0].gen_cols[29].pe_i_dut_csa_tree_ADD_TC_OP_groupi_cdnfadd2/CO   -       CI->CO F     FA1D0           1  1.0    31    84    1059    (-,-) 
  gen_rows[0].gen_cols[29].pe_i_dut_csa_tree_ADD_TC_OP_groupi_cdnfadd3/CO   -       CI->CO F     FA1D0           1  1.0    31    84    1144    (-,-) 
  gen_rows[0].gen_cols[29].pe_i_dut_csa_tree_ADD_TC_OP_groupi_cdnfadd4/CO   -       CI->CO F     FA1D0           1  1.0    31    84    1228    (-,-) 
  gen_rows[0].gen_cols[29].pe_i_dut_csa_tree_ADD_TC_OP_groupi_cdnfadd5/CO   -       CI->CO F     FA1D0           1  1.9    40    92    1321    (-,-) 
  g6424/CO                                                                  -       D->CO  F     CMPE42D1        1  1.0    28   121    1442    (-,-) 
  gen_rows[0].gen_cols[29].pe_i_dut_csa_tree_ADD_TC_OP_groupi_cdnfadd7/CO   -       CI->CO F     FA1D0           1  1.0    31    83    1525    (-,-) 
  gen_rows[0].gen_cols[29].pe_i_dut_csa_tree_ADD_TC_OP_groupi_cdnfadd8/CO   -       CI->CO F     FA1D0           1  1.0    31    84    1609    (-,-) 
  gen_rows[0].gen_cols[29].pe_i_dut_csa_tree_ADD_TC_OP_groupi_cdnfadd9/CO   -       CI->CO F     FA1D0           1  1.0    31    84    1694    (-,-) 
  gen_rows[0].gen_cols[29].pe_i_dut_csa_tree_ADD_TC_OP_groupi_cdnfadd10/CO  -       CI->CO F     FA1D0           1  1.0    31    84    1778    (-,-) 
  gen_rows[0].gen_cols[29].pe_i_dut_csa_tree_ADD_TC_OP_groupi_cdnfadd11/CO  -       CI->CO F     FA1D0           1  1.0    31    84    1863    (-,-) 
  gen_rows[0].gen_cols[29].pe_i_dut_csa_tree_ADD_TC_OP_groupi_cdnfadd12/CO  -       CI->CO F     FA1D0           1  1.0    31    84    1947    (-,-) 
  gen_rows[0].gen_cols[29].pe_i_dut_csa_tree_ADD_TC_OP_groupi_cdnfadd13/CO  -       CI->CO F     FA1D0           1  1.0    31    84    2032    (-,-) 
  gen_rows[0].gen_cols[29].pe_i_dut_csa_tree_ADD_TC_OP_groupi_cdnfadd14/CO  -       CI->CO F     FA1D0           1  1.0    31    84    2116    (-,-) 
  gen_rows[0].gen_cols[29].pe_i_dut_csa_tree_ADD_TC_OP_groupi_cdnfadd15/CO  -       CI->CO F     FA1D0           1  1.0    31    84    2201    (-,-) 
  gen_rows[0].gen_cols[29].pe_i_dut_csa_tree_ADD_TC_OP_groupi_cdnfadd16/CO  -       CI->CO F     FA1D0           1  1.0    31    84    2285    (-,-) 
  gen_rows[0].gen_cols[29].pe_i_dut_csa_tree_ADD_TC_OP_groupi_cdnfadd17/CO  -       CI->CO F     FA1D0           1  1.0    31    84    2370    (-,-) 
  gen_rows[0].gen_cols[29].pe_i_dut_csa_tree_ADD_TC_OP_groupi_cdnfadd18/CO  -       CI->CO F     FA1D0           1  1.0    31    84    2454    (-,-) 
  gen_rows[0].gen_cols[29].pe_i_dut_csa_tree_ADD_TC_OP_groupi_cdnfadd19/CO  -       CI->CO F     FA1D0           1  1.0    31    84    2539    (-,-) 
  gen_rows[0].gen_cols[29].pe_i_dut_csa_tree_ADD_TC_OP_groupi_cdnfadd20/CO  -       CI->CO F     FA1D0           1  1.0    31    84    2623    (-,-) 
  gen_rows[0].gen_cols[29].pe_i_dut_csa_tree_ADD_TC_OP_groupi_cdnfadd21/CO  -       CI->CO F     FA1D0           1  1.0    31    84    2708    (-,-) 
  gen_rows[0].gen_cols[29].pe_i_dut_csa_tree_ADD_TC_OP_groupi_cdnfadd22/CO  -       CI->CO F     FA1D0           1  1.0    31    84    2792    (-,-) 
  gen_rows[0].gen_cols[29].pe_i_dut_csa_tree_ADD_TC_OP_groupi_cdnfadd23/CO  -       CI->CO F     FA1D0           1  1.0    31    84    2877    (-,-) 
  gen_rows[0].gen_cols[29].pe_i_dut_csa_tree_ADD_TC_OP_groupi_cdnfadd24/CO  -       CI->CO F     FA1D0           1  1.0    31    84    2961    (-,-) 
  gen_rows[0].gen_cols[29].pe_i_dut_csa_tree_ADD_TC_OP_groupi_cdnfadd25/CO  -       CI->CO F     FA1D0           1  1.0    31    84    3046    (-,-) 
  gen_rows[0].gen_cols[29].pe_i_dut_csa_tree_ADD_TC_OP_groupi_cdnfadd26/CO  -       CI->CO F     FA1D0           1  1.0    31    84    3130    (-,-) 
  gen_rows[0].gen_cols[29].pe_i_dut_csa_tree_ADD_TC_OP_groupi_cdnfadd27/CO  -       CI->CO F     FA1D0           1  1.0    31    84    3215    (-,-) 
  gen_rows[0].gen_cols[29].pe_i_dut_csa_tree_ADD_TC_OP_groupi_cdnfadd28/CO  -       CI->CO F     FA1D0           1  1.0    31    84    3299    (-,-) 
  gen_rows[0].gen_cols[29].pe_i_dut_csa_tree_ADD_TC_OP_groupi_cdnfadd29/CO  -       CI->CO F     FA1D0           1  1.9    40    92    3392    (-,-) 
  g6407/CO                                                                  -       D->CO  F     CMPE42D1        1  1.0    26   121    3513    (-,-) 
  gen_rows[0].gen_cols[29].pe_i_dut_csa_tree_ADD_TC_OP_groupi_cdnfadd31/CO  -       CI->CO F     FA1D0           1  1.0    31    83    3596    (-,-) 
  gen_rows[0].gen_cols[29].pe_i_dut_csa_tree_ADD_TC_OP_groupi_cdnfadd32/CO  -       CI->CO F     FA1D0           1  1.0    31    84    3680    (-,-) 
  gen_rows[0].gen_cols[29].pe_i_dut_csa_tree_ADD_TC_OP_groupi_cdnfadd33/CO  -       CI->CO F     FA1D0           1  1.0    31    84    3765    (-,-) 
  gen_rows[0].gen_cols[29].pe_i_dut_csa_tree_ADD_TC_OP_groupi_cdnfadd34/CO  -       CI->CO F     FA1D0           1  1.0    31    84    3849    (-,-) 
  gen_rows[0].gen_cols[29].pe_i_dut_csa_tree_ADD_TC_OP_groupi_cdnfadd35/CO  -       CI->CO F     FA1D0           1  1.0    31    84    3934    (-,-) 
  gen_rows[0].gen_cols[29].pe_i_dut_csa_tree_ADD_TC_OP_groupi_cdnfadd36/CO  -       CI->CO F     FA1D0           1  1.0    31    84    4018    (-,-) 
  gen_rows[0].gen_cols[29].pe_i_dut_csa_tree_ADD_TC_OP_groupi_cdnfadd37/CO  -       CI->CO F     FA1D0           1  1.0    31    84    4103    (-,-) 
  gen_rows[0].gen_cols[29].pe_i_dut_csa_tree_ADD_TC_OP_groupi_cdnfadd38/CO  -       CI->CO F     FA1D0           1  1.0    31    84    4187    (-,-) 
  gen_rows[0].gen_cols[29].pe_i_dut_csa_tree_ADD_TC_OP_groupi_cdnfadd39/CO  -       CI->CO F     FA1D0           1  1.0    31    84    4272    (-,-) 
  gen_rows[0].gen_cols[29].pe_i_dut_csa_tree_ADD_TC_OP_groupi_cdnfadd40/CO  -       CI->CO F     FA1D0           1  1.0    31    84    4356    (-,-) 
  gen_rows[0].gen_cols[29].pe_i_dut_csa_tree_ADD_TC_OP_groupi_cdnfadd41/CO  -       CI->CO F     FA1D0           1  2.0    40    93    4449    (-,-) 
  gen_rows[0].gen_cols[29].pe_i_dut_csa_tree_ADD_TC_OP_groupi_cdnfadd42/CO  -       CI->CO F     FA1D1           1  2.0    31    70    4519    (-,-) 
  gen_rows[0].gen_cols[29].pe_i_dut_csa_tree_ADD_TC_OP_groupi_cdnfadd43/CO  -       CI->CO F     FA1D1           1  2.0    31    66    4586    (-,-) 
  gen_rows[0].gen_cols[29].pe_i_dut_csa_tree_ADD_TC_OP_groupi_cdnfadd44/CO  -       CI->CO F     FA1D1           1  2.0    31    66    4652    (-,-) 
  gen_rows[0].gen_cols[29].pe_i_dut_csa_tree_ADD_TC_OP_groupi_cdnfadd45/CO  -       CI->CO F     FA1D1           1  1.0    25    62    4714    (-,-) 
  gen_rows[0].gen_cols[29].pe_i_dut_csa_tree_ADD_TC_OP_groupi_cdnfadd46/CO  -       CI->CO F     FA1D0           1  0.8    29    80    4794    (-,-) 
  gen_rows[0].gen_cols[29].pe_i_dut_csa_tree_ADD_TC_OP_groupi_cdnfadd3771/Z -       A3->Z  R     XOR3D0          1  0.8    31    98    4892    (-,-) 
  g23349/ZN                                                                 -       A2->ZN R     IOA21D1         1  1.0    78    65    4956    (-,-) 
  gen_rows[0].gen_cols[29].pe_i_dut_acc_out_reg[47]/D                       -       -      R     DFCNQD1         1    -     -     0    4956    (-,-) 
#----------------------------------------------------------------------------------------------------------------------------------------------------

Capture clock path:
#------------------------------------------------------------------------------------------------------------------------------
#                    Timing Point                      Flags   Arc   Edge   Cell      Fanout Load Trans Delay Arrival Instance 
#                                                                                            (fF)  (ps)  (ps)   (ps)  Location 
#------------------------------------------------------------------------------------------------------------------------------
  clk                                                  (i)     -     R     (arrival)  103965  0.0     0     0    5000    (-,-) 
  gen_rows[0].gen_cols[29].pe_i_dut_acc_out_reg[47]/CP <<<     -     R     DFCNQD1    103965    -     0     0    5000    (-,-) 
#------------------------------------------------------------------------------------------------------------------------------



Path 11: MET (1 ps) Setup Check with Pin gen_rows[0].gen_cols[16].pe_i_dut_acc_out_reg[47]/CP->D
          Group: clk
     Startpoint: (R) gen_rows[0].gen_cols[15].pe_i_dut_data_out_reg[2]/CP
          Clock: (R) clk
       Endpoint: (R) gen_rows[0].gen_cols[16].pe_i_dut_acc_out_reg[47]/D
          Clock: (R) clk

                     Capture       Launch     
        Clock Edge:+    5000            0     
       Src Latency:+       0            0     
       Net Latency:+       0 (I)        0 (I) 
           Arrival:=    5000            0     
                                              
             Setup:-      43                  
     Required Time:=    4957                  
      Launch Clock:-       0                  
         Data Path:-    4956                  
             Slack:=       1                  

Launch clock path:
#------------------------------------------------------------------------------------------------------------------------------
#                    Timing Point                      Flags   Arc   Edge   Cell      Fanout Load Trans Delay Arrival Instance 
#                                                                                            (fF)  (ps)  (ps)   (ps)  Location 
#------------------------------------------------------------------------------------------------------------------------------
  clk                                                  (i)     -     R     (arrival)  103965  0.0     0     0       0    (-,-) 
  gen_rows[0].gen_cols[15].pe_i_dut_data_out_reg[2]/CP <<<     -     R     DFCND1     103965    -     0     0       0    (-,-) 
#------------------------------------------------------------------------------------------------------------------------------

#----------------------------------------------------------------------------------------------------------------------------------------------------
#                               Timing Point                                Flags    Arc   Edge   Cell      Fanout Load Trans Delay Arrival Instance 
#                                                                                                                  (fF)  (ps)  (ps)   (ps)  Location 
#----------------------------------------------------------------------------------------------------------------------------------------------------
  gen_rows[0].gen_cols[15].pe_i_dut_data_out_reg[2]/CP                      -       -      R     (arrival)  103965    -     0     0       0    (-,-) 
  gen_rows[0].gen_cols[15].pe_i_dut_data_out_reg[2]/QN                      -       CP->QN R     DFCND1         40 44.9   368   366     366    (-,-) 
  gen_rows[0].gen_cols[16].pe_i_dut_csa_tree_ADD_TC_OP_groupi_g3718/Z       -       A2->Z  R     OR2XD1          2  2.0    35    88     454    (-,-) 
  gen_rows[0].gen_cols[16].pe_i_dut_csa_tree_ADD_TC_OP_groupi_g3683/ZN      -       B->ZN  F     IOA21D1         2  1.7    34    31     485    (-,-) 
  gen_rows[0].gen_cols[16].pe_i_dut_csa_tree_ADD_TC_OP_groupi_g3763/ZN      -       A1->ZN F     IND2D1         16 14.3   154   132     617    (-,-) 
  gen_rows[0].gen_cols[16].pe_i_dut_csa_tree_ADD_TC_OP_groupi_g3553/ZN      -       A2->ZN R     AOI21D1         2  2.1    83    83     700    (-,-) 
  gen_rows[0].gen_cols[16].pe_i_dut_csa_tree_ADD_TC_OP_groupi_g3489/ZN      -       A1->ZN F     MOAI22D1        1  1.9   102    44     744    (-,-) 
  gen_rows[0].gen_cols[16].pe_i_dut_csa_tree_ADD_TC_OP_groupi_cdnfadd/CO    -       B->CO  F     FA1D0           1  1.0    32   146     890    (-,-) 
  gen_rows[0].gen_cols[16].pe_i_dut_csa_tree_ADD_TC_OP_groupi_cdnfadd1/CO   -       CI->CO F     FA1D0           1  1.0    31    85     975    (-,-) 
  gen_rows[0].gen_cols[16].pe_i_dut_csa_tree_ADD_TC_OP_groupi_cdnfadd2/CO   -       CI->CO F     FA1D0           1  1.0    31    84    1059    (-,-) 
  gen_rows[0].gen_cols[16].pe_i_dut_csa_tree_ADD_TC_OP_groupi_cdnfadd3/CO   -       CI->CO F     FA1D0           1  1.0    31    84    1144    (-,-) 
  gen_rows[0].gen_cols[16].pe_i_dut_csa_tree_ADD_TC_OP_groupi_cdnfadd4/CO   -       CI->CO F     FA1D0           1  1.0    31    84    1228    (-,-) 
  gen_rows[0].gen_cols[16].pe_i_dut_csa_tree_ADD_TC_OP_groupi_cdnfadd5/CO   -       CI->CO F     FA1D0           1  1.9    40    92    1321    (-,-) 
  g11439/CO                                                                 -       D->CO  F     CMPE42D1        1  1.0    28   121    1442    (-,-) 
  gen_rows[0].gen_cols[16].pe_i_dut_csa_tree_ADD_TC_OP_groupi_cdnfadd7/CO   -       CI->CO F     FA1D0           1  1.0    31    83    1525    (-,-) 
  gen_rows[0].gen_cols[16].pe_i_dut_csa_tree_ADD_TC_OP_groupi_cdnfadd8/CO   -       CI->CO F     FA1D0           1  1.0    31    84    1609    (-,-) 
  gen_rows[0].gen_cols[16].pe_i_dut_csa_tree_ADD_TC_OP_groupi_cdnfadd9/CO   -       CI->CO F     FA1D0           1  1.0    31    84    1694    (-,-) 
  gen_rows[0].gen_cols[16].pe_i_dut_csa_tree_ADD_TC_OP_groupi_cdnfadd10/CO  -       CI->CO F     FA1D0           1  1.0    31    84    1778    (-,-) 
  gen_rows[0].gen_cols[16].pe_i_dut_csa_tree_ADD_TC_OP_groupi_cdnfadd11/CO  -       CI->CO F     FA1D0           1  1.0    31    84    1863    (-,-) 
  gen_rows[0].gen_cols[16].pe_i_dut_csa_tree_ADD_TC_OP_groupi_cdnfadd12/CO  -       CI->CO F     FA1D0           1  1.0    31    84    1947    (-,-) 
  gen_rows[0].gen_cols[16].pe_i_dut_csa_tree_ADD_TC_OP_groupi_cdnfadd13/CO  -       CI->CO F     FA1D0           1  1.0    31    84    2032    (-,-) 
  gen_rows[0].gen_cols[16].pe_i_dut_csa_tree_ADD_TC_OP_groupi_cdnfadd14/CO  -       CI->CO F     FA1D0           1  1.0    31    84    2116    (-,-) 
  gen_rows[0].gen_cols[16].pe_i_dut_csa_tree_ADD_TC_OP_groupi_cdnfadd15/CO  -       CI->CO F     FA1D0           1  1.0    31    84    2201    (-,-) 
  gen_rows[0].gen_cols[16].pe_i_dut_csa_tree_ADD_TC_OP_groupi_cdnfadd16/CO  -       CI->CO F     FA1D0           1  1.0    31    84    2285    (-,-) 
  gen_rows[0].gen_cols[16].pe_i_dut_csa_tree_ADD_TC_OP_groupi_cdnfadd17/CO  -       CI->CO F     FA1D0           1  1.0    31    84    2370    (-,-) 
  gen_rows[0].gen_cols[16].pe_i_dut_csa_tree_ADD_TC_OP_groupi_cdnfadd18/CO  -       CI->CO F     FA1D0           1  1.0    31    84    2454    (-,-) 
  gen_rows[0].gen_cols[16].pe_i_dut_csa_tree_ADD_TC_OP_groupi_cdnfadd19/CO  -       CI->CO F     FA1D0           1  1.0    31    84    2539    (-,-) 
  gen_rows[0].gen_cols[16].pe_i_dut_csa_tree_ADD_TC_OP_groupi_cdnfadd20/CO  -       CI->CO F     FA1D0           1  1.0    31    84    2623    (-,-) 
  gen_rows[0].gen_cols[16].pe_i_dut_csa_tree_ADD_TC_OP_groupi_cdnfadd21/CO  -       CI->CO F     FA1D0           1  1.0    31    84    2708    (-,-) 
  gen_rows[0].gen_cols[16].pe_i_dut_csa_tree_ADD_TC_OP_groupi_cdnfadd22/CO  -       CI->CO F     FA1D0           1  1.0    31    84    2792    (-,-) 
  gen_rows[0].gen_cols[16].pe_i_dut_csa_tree_ADD_TC_OP_groupi_cdnfadd23/CO  -       CI->CO F     FA1D0           1  1.0    31    84    2877    (-,-) 
  gen_rows[0].gen_cols[16].pe_i_dut_csa_tree_ADD_TC_OP_groupi_cdnfadd24/CO  -       CI->CO F     FA1D0           1  1.0    31    84    2961    (-,-) 
  gen_rows[0].gen_cols[16].pe_i_dut_csa_tree_ADD_TC_OP_groupi_cdnfadd25/CO  -       CI->CO F     FA1D0           1  1.0    31    84    3046    (-,-) 
  gen_rows[0].gen_cols[16].pe_i_dut_csa_tree_ADD_TC_OP_groupi_cdnfadd26/CO  -       CI->CO F     FA1D0           1  1.0    31    84    3130    (-,-) 
  gen_rows[0].gen_cols[16].pe_i_dut_csa_tree_ADD_TC_OP_groupi_cdnfadd27/CO  -       CI->CO F     FA1D0           1  1.0    31    84    3215    (-,-) 
  gen_rows[0].gen_cols[16].pe_i_dut_csa_tree_ADD_TC_OP_groupi_cdnfadd28/CO  -       CI->CO F     FA1D0           1  1.0    31    84    3299    (-,-) 
  gen_rows[0].gen_cols[16].pe_i_dut_csa_tree_ADD_TC_OP_groupi_cdnfadd29/CO  -       CI->CO F     FA1D0           1  1.9    40    92    3392    (-,-) 
  g11422/CO                                                                 -       D->CO  F     CMPE42D1        1  1.0    26   121    3513    (-,-) 
  gen_rows[0].gen_cols[16].pe_i_dut_csa_tree_ADD_TC_OP_groupi_cdnfadd31/CO  -       CI->CO F     FA1D0           1  1.0    31    83    3596    (-,-) 
  gen_rows[0].gen_cols[16].pe_i_dut_csa_tree_ADD_TC_OP_groupi_cdnfadd32/CO  -       CI->CO F     FA1D0           1  1.0    31    84    3680    (-,-) 
  gen_rows[0].gen_cols[16].pe_i_dut_csa_tree_ADD_TC_OP_groupi_cdnfadd33/CO  -       CI->CO F     FA1D0           1  1.0    31    84    3765    (-,-) 
  gen_rows[0].gen_cols[16].pe_i_dut_csa_tree_ADD_TC_OP_groupi_cdnfadd34/CO  -       CI->CO F     FA1D0           1  1.0    31    84    3849    (-,-) 
  gen_rows[0].gen_cols[16].pe_i_dut_csa_tree_ADD_TC_OP_groupi_cdnfadd35/CO  -       CI->CO F     FA1D0           1  1.0    31    84    3934    (-,-) 
  gen_rows[0].gen_cols[16].pe_i_dut_csa_tree_ADD_TC_OP_groupi_cdnfadd36/CO  -       CI->CO F     FA1D0           1  1.0    31    84    4018    (-,-) 
  gen_rows[0].gen_cols[16].pe_i_dut_csa_tree_ADD_TC_OP_groupi_cdnfadd37/CO  -       CI->CO F     FA1D0           1  1.0    31    84    4103    (-,-) 
  gen_rows[0].gen_cols[16].pe_i_dut_csa_tree_ADD_TC_OP_groupi_cdnfadd38/CO  -       CI->CO F     FA1D0           1  1.0    31    84    4187    (-,-) 
  gen_rows[0].gen_cols[16].pe_i_dut_csa_tree_ADD_TC_OP_groupi_cdnfadd39/CO  -       CI->CO F     FA1D0           1  1.0    31    84    4272    (-,-) 
  gen_rows[0].gen_cols[16].pe_i_dut_csa_tree_ADD_TC_OP_groupi_cdnfadd40/CO  -       CI->CO F     FA1D0           1  1.0    31    84    4356    (-,-) 
  gen_rows[0].gen_cols[16].pe_i_dut_csa_tree_ADD_TC_OP_groupi_cdnfadd41/CO  -       CI->CO F     FA1D0           1  2.0    40    93    4449    (-,-) 
  gen_rows[0].gen_cols[16].pe_i_dut_csa_tree_ADD_TC_OP_groupi_cdnfadd42/CO  -       CI->CO F     FA1D1           1  2.0    31    70    4519    (-,-) 
  gen_rows[0].gen_cols[16].pe_i_dut_csa_tree_ADD_TC_OP_groupi_cdnfadd43/CO  -       CI->CO F     FA1D1           1  2.0    31    66    4586    (-,-) 
  gen_rows[0].gen_cols[16].pe_i_dut_csa_tree_ADD_TC_OP_groupi_cdnfadd44/CO  -       CI->CO F     FA1D1           1  2.0    31    66    4652    (-,-) 
  gen_rows[0].gen_cols[16].pe_i_dut_csa_tree_ADD_TC_OP_groupi_cdnfadd45/CO  -       CI->CO F     FA1D1           1  1.0    25    62    4714    (-,-) 
  gen_rows[0].gen_cols[16].pe_i_dut_csa_tree_ADD_TC_OP_groupi_cdnfadd46/CO  -       CI->CO F     FA1D0           1  0.8    29    80    4794    (-,-) 
  gen_rows[0].gen_cols[16].pe_i_dut_csa_tree_ADD_TC_OP_groupi_cdnfadd3771/Z -       A3->Z  R     XOR3D0          1  0.8    31    98    4892    (-,-) 
  g26205/ZN                                                                 -       A2->ZN R     IOA21D1         1  1.0    78    65    4956    (-,-) 
  gen_rows[0].gen_cols[16].pe_i_dut_acc_out_reg[47]/D                       -       -      R     DFCNQD1         1    -     -     0    4956    (-,-) 
#----------------------------------------------------------------------------------------------------------------------------------------------------

Capture clock path:
#------------------------------------------------------------------------------------------------------------------------------
#                    Timing Point                      Flags   Arc   Edge   Cell      Fanout Load Trans Delay Arrival Instance 
#                                                                                            (fF)  (ps)  (ps)   (ps)  Location 
#------------------------------------------------------------------------------------------------------------------------------
  clk                                                  (i)     -     R     (arrival)  103965  0.0     0     0    5000    (-,-) 
  gen_rows[0].gen_cols[16].pe_i_dut_acc_out_reg[47]/CP <<<     -     R     DFCNQD1    103965    -     0     0    5000    (-,-) 
#------------------------------------------------------------------------------------------------------------------------------



Path 12: MET (1 ps) Setup Check with Pin gen_rows[0].gen_cols[21].pe_i_dut_acc_out_reg[47]/CP->D
          Group: clk
     Startpoint: (R) gen_rows[0].gen_cols[20].pe_i_dut_data_out_reg[2]/CP
          Clock: (R) clk
       Endpoint: (R) gen_rows[0].gen_cols[21].pe_i_dut_acc_out_reg[47]/D
          Clock: (R) clk

                     Capture       Launch     
        Clock Edge:+    5000            0     
       Src Latency:+       0            0     
       Net Latency:+       0 (I)        0 (I) 
           Arrival:=    5000            0     
                                              
             Setup:-      43                  
     Required Time:=    4957                  
      Launch Clock:-       0                  
         Data Path:-    4956                  
             Slack:=       1                  

Launch clock path:
#------------------------------------------------------------------------------------------------------------------------------
#                    Timing Point                      Flags   Arc   Edge   Cell      Fanout Load Trans Delay Arrival Instance 
#                                                                                            (fF)  (ps)  (ps)   (ps)  Location 
#------------------------------------------------------------------------------------------------------------------------------
  clk                                                  (i)     -     R     (arrival)  103965  0.0     0     0       0    (-,-) 
  gen_rows[0].gen_cols[20].pe_i_dut_data_out_reg[2]/CP <<<     -     R     DFCND1     103965    -     0     0       0    (-,-) 
#------------------------------------------------------------------------------------------------------------------------------

#----------------------------------------------------------------------------------------------------------------------------------------------------
#                               Timing Point                                Flags    Arc   Edge   Cell      Fanout Load Trans Delay Arrival Instance 
#                                                                                                                  (fF)  (ps)  (ps)   (ps)  Location 
#----------------------------------------------------------------------------------------------------------------------------------------------------
  gen_rows[0].gen_cols[20].pe_i_dut_data_out_reg[2]/CP                      -       -      R     (arrival)  103965    -     0     0       0    (-,-) 
  gen_rows[0].gen_cols[20].pe_i_dut_data_out_reg[2]/QN                      -       CP->QN R     DFCND1         40 44.9   368   366     366    (-,-) 
  gen_rows[0].gen_cols[21].pe_i_dut_csa_tree_ADD_TC_OP_groupi_g3718/Z       -       A2->Z  R     OR2XD1          2  2.0    35    88     454    (-,-) 
  gen_rows[0].gen_cols[21].pe_i_dut_csa_tree_ADD_TC_OP_groupi_g3683/ZN      -       B->ZN  F     IOA21D1         2  1.7    34    31     485    (-,-) 
  gen_rows[0].gen_cols[21].pe_i_dut_csa_tree_ADD_TC_OP_groupi_g3763/ZN      -       A1->ZN F     IND2D1         16 14.3   154   132     617    (-,-) 
  gen_rows[0].gen_cols[21].pe_i_dut_csa_tree_ADD_TC_OP_groupi_g3553/ZN      -       A2->ZN R     AOI21D1         2  2.1    83    83     700    (-,-) 
  gen_rows[0].gen_cols[21].pe_i_dut_csa_tree_ADD_TC_OP_groupi_g3489/ZN      -       A1->ZN F     MOAI22D1        1  1.9   102    44     744    (-,-) 
  gen_rows[0].gen_cols[21].pe_i_dut_csa_tree_ADD_TC_OP_groupi_cdnfadd/CO    -       B->CO  F     FA1D0           1  1.0    32   146     890    (-,-) 
  gen_rows[0].gen_cols[21].pe_i_dut_csa_tree_ADD_TC_OP_groupi_cdnfadd1/CO   -       CI->CO F     FA1D0           1  1.0    31    85     975    (-,-) 
  gen_rows[0].gen_cols[21].pe_i_dut_csa_tree_ADD_TC_OP_groupi_cdnfadd2/CO   -       CI->CO F     FA1D0           1  1.0    31    84    1059    (-,-) 
  gen_rows[0].gen_cols[21].pe_i_dut_csa_tree_ADD_TC_OP_groupi_cdnfadd3/CO   -       CI->CO F     FA1D0           1  1.0    31    84    1144    (-,-) 
  gen_rows[0].gen_cols[21].pe_i_dut_csa_tree_ADD_TC_OP_groupi_cdnfadd4/CO   -       CI->CO F     FA1D0           1  1.0    31    84    1228    (-,-) 
  gen_rows[0].gen_cols[21].pe_i_dut_csa_tree_ADD_TC_OP_groupi_cdnfadd5/CO   -       CI->CO F     FA1D0           1  1.9    40    92    1321    (-,-) 
  g11295/CO                                                                 -       D->CO  F     CMPE42D1        1  1.0    28   121    1442    (-,-) 
  gen_rows[0].gen_cols[21].pe_i_dut_csa_tree_ADD_TC_OP_groupi_cdnfadd7/CO   -       CI->CO F     FA1D0           1  1.0    31    83    1525    (-,-) 
  gen_rows[0].gen_cols[21].pe_i_dut_csa_tree_ADD_TC_OP_groupi_cdnfadd8/CO   -       CI->CO F     FA1D0           1  1.0    31    84    1609    (-,-) 
  gen_rows[0].gen_cols[21].pe_i_dut_csa_tree_ADD_TC_OP_groupi_cdnfadd9/CO   -       CI->CO F     FA1D0           1  1.0    31    84    1694    (-,-) 
  gen_rows[0].gen_cols[21].pe_i_dut_csa_tree_ADD_TC_OP_groupi_cdnfadd10/CO  -       CI->CO F     FA1D0           1  1.0    31    84    1778    (-,-) 
  gen_rows[0].gen_cols[21].pe_i_dut_csa_tree_ADD_TC_OP_groupi_cdnfadd11/CO  -       CI->CO F     FA1D0           1  1.0    31    84    1863    (-,-) 
  gen_rows[0].gen_cols[21].pe_i_dut_csa_tree_ADD_TC_OP_groupi_cdnfadd12/CO  -       CI->CO F     FA1D0           1  1.0    31    84    1947    (-,-) 
  gen_rows[0].gen_cols[21].pe_i_dut_csa_tree_ADD_TC_OP_groupi_cdnfadd13/CO  -       CI->CO F     FA1D0           1  1.0    31    84    2032    (-,-) 
  gen_rows[0].gen_cols[21].pe_i_dut_csa_tree_ADD_TC_OP_groupi_cdnfadd14/CO  -       CI->CO F     FA1D0           1  1.0    31    84    2116    (-,-) 
  gen_rows[0].gen_cols[21].pe_i_dut_csa_tree_ADD_TC_OP_groupi_cdnfadd15/CO  -       CI->CO F     FA1D0           1  1.0    31    84    2201    (-,-) 
  gen_rows[0].gen_cols[21].pe_i_dut_csa_tree_ADD_TC_OP_groupi_cdnfadd16/CO  -       CI->CO F     FA1D0           1  1.0    31    84    2285    (-,-) 
  gen_rows[0].gen_cols[21].pe_i_dut_csa_tree_ADD_TC_OP_groupi_cdnfadd17/CO  -       CI->CO F     FA1D0           1  1.0    31    84    2370    (-,-) 
  gen_rows[0].gen_cols[21].pe_i_dut_csa_tree_ADD_TC_OP_groupi_cdnfadd18/CO  -       CI->CO F     FA1D0           1  1.0    31    84    2454    (-,-) 
  gen_rows[0].gen_cols[21].pe_i_dut_csa_tree_ADD_TC_OP_groupi_cdnfadd19/CO  -       CI->CO F     FA1D0           1  1.0    31    84    2539    (-,-) 
  gen_rows[0].gen_cols[21].pe_i_dut_csa_tree_ADD_TC_OP_groupi_cdnfadd20/CO  -       CI->CO F     FA1D0           1  1.0    31    84    2623    (-,-) 
  gen_rows[0].gen_cols[21].pe_i_dut_csa_tree_ADD_TC_OP_groupi_cdnfadd21/CO  -       CI->CO F     FA1D0           1  1.0    31    84    2708    (-,-) 
  gen_rows[0].gen_cols[21].pe_i_dut_csa_tree_ADD_TC_OP_groupi_cdnfadd22/CO  -       CI->CO F     FA1D0           1  1.0    31    84    2792    (-,-) 
  gen_rows[0].gen_cols[21].pe_i_dut_csa_tree_ADD_TC_OP_groupi_cdnfadd23/CO  -       CI->CO F     FA1D0           1  1.0    31    84    2877    (-,-) 
  gen_rows[0].gen_cols[21].pe_i_dut_csa_tree_ADD_TC_OP_groupi_cdnfadd24/CO  -       CI->CO F     FA1D0           1  1.0    31    84    2961    (-,-) 
  gen_rows[0].gen_cols[21].pe_i_dut_csa_tree_ADD_TC_OP_groupi_cdnfadd25/CO  -       CI->CO F     FA1D0           1  1.0    31    84    3046    (-,-) 
  gen_rows[0].gen_cols[21].pe_i_dut_csa_tree_ADD_TC_OP_groupi_cdnfadd26/CO  -       CI->CO F     FA1D0           1  1.0    31    84    3130    (-,-) 
  gen_rows[0].gen_cols[21].pe_i_dut_csa_tree_ADD_TC_OP_groupi_cdnfadd27/CO  -       CI->CO F     FA1D0           1  1.0    31    84    3215    (-,-) 
  gen_rows[0].gen_cols[21].pe_i_dut_csa_tree_ADD_TC_OP_groupi_cdnfadd28/CO  -       CI->CO F     FA1D0           1  1.0    31    84    3299    (-,-) 
  gen_rows[0].gen_cols[21].pe_i_dut_csa_tree_ADD_TC_OP_groupi_cdnfadd29/CO  -       CI->CO F     FA1D0           1  1.9    40    92    3392    (-,-) 
  g11278/CO                                                                 -       D->CO  F     CMPE42D1        1  1.0    26   121    3513    (-,-) 
  gen_rows[0].gen_cols[21].pe_i_dut_csa_tree_ADD_TC_OP_groupi_cdnfadd31/CO  -       CI->CO F     FA1D0           1  1.0    31    83    3596    (-,-) 
  gen_rows[0].gen_cols[21].pe_i_dut_csa_tree_ADD_TC_OP_groupi_cdnfadd32/CO  -       CI->CO F     FA1D0           1  1.0    31    84    3680    (-,-) 
  gen_rows[0].gen_cols[21].pe_i_dut_csa_tree_ADD_TC_OP_groupi_cdnfadd33/CO  -       CI->CO F     FA1D0           1  1.0    31    84    3765    (-,-) 
  gen_rows[0].gen_cols[21].pe_i_dut_csa_tree_ADD_TC_OP_groupi_cdnfadd34/CO  -       CI->CO F     FA1D0           1  1.0    31    84    3849    (-,-) 
  gen_rows[0].gen_cols[21].pe_i_dut_csa_tree_ADD_TC_OP_groupi_cdnfadd35/CO  -       CI->CO F     FA1D0           1  1.0    31    84    3934    (-,-) 
  gen_rows[0].gen_cols[21].pe_i_dut_csa_tree_ADD_TC_OP_groupi_cdnfadd36/CO  -       CI->CO F     FA1D0           1  1.0    31    84    4018    (-,-) 
  gen_rows[0].gen_cols[21].pe_i_dut_csa_tree_ADD_TC_OP_groupi_cdnfadd37/CO  -       CI->CO F     FA1D0           1  1.0    31    84    4103    (-,-) 
  gen_rows[0].gen_cols[21].pe_i_dut_csa_tree_ADD_TC_OP_groupi_cdnfadd38/CO  -       CI->CO F     FA1D0           1  1.0    31    84    4187    (-,-) 
  gen_rows[0].gen_cols[21].pe_i_dut_csa_tree_ADD_TC_OP_groupi_cdnfadd39/CO  -       CI->CO F     FA1D0           1  1.0    31    84    4272    (-,-) 
  gen_rows[0].gen_cols[21].pe_i_dut_csa_tree_ADD_TC_OP_groupi_cdnfadd40/CO  -       CI->CO F     FA1D0           1  1.0    31    84    4356    (-,-) 
  gen_rows[0].gen_cols[21].pe_i_dut_csa_tree_ADD_TC_OP_groupi_cdnfadd41/CO  -       CI->CO F     FA1D0           1  2.0    40    93    4449    (-,-) 
  gen_rows[0].gen_cols[21].pe_i_dut_csa_tree_ADD_TC_OP_groupi_cdnfadd42/CO  -       CI->CO F     FA1D1           1  2.0    31    70    4519    (-,-) 
  gen_rows[0].gen_cols[21].pe_i_dut_csa_tree_ADD_TC_OP_groupi_cdnfadd43/CO  -       CI->CO F     FA1D1           1  2.0    31    66    4586    (-,-) 
  gen_rows[0].gen_cols[21].pe_i_dut_csa_tree_ADD_TC_OP_groupi_cdnfadd44/CO  -       CI->CO F     FA1D1           1  2.0    31    66    4652    (-,-) 
  gen_rows[0].gen_cols[21].pe_i_dut_csa_tree_ADD_TC_OP_groupi_cdnfadd45/CO  -       CI->CO F     FA1D1           1  1.0    25    62    4714    (-,-) 
  gen_rows[0].gen_cols[21].pe_i_dut_csa_tree_ADD_TC_OP_groupi_cdnfadd46/CO  -       CI->CO F     FA1D0           1  0.8    29    80    4794    (-,-) 
  gen_rows[0].gen_cols[21].pe_i_dut_csa_tree_ADD_TC_OP_groupi_cdnfadd3771/Z -       A3->Z  R     XOR3D0          1  0.8    31    98    4892    (-,-) 
  g26472/ZN                                                                 -       A2->ZN R     IOA21D1         1  1.0    78    65    4956    (-,-) 
  gen_rows[0].gen_cols[21].pe_i_dut_acc_out_reg[47]/D                       -       -      R     DFCNQD1         1    -     -     0    4956    (-,-) 
#----------------------------------------------------------------------------------------------------------------------------------------------------

Capture clock path:
#------------------------------------------------------------------------------------------------------------------------------
#                    Timing Point                      Flags   Arc   Edge   Cell      Fanout Load Trans Delay Arrival Instance 
#                                                                                            (fF)  (ps)  (ps)   (ps)  Location 
#------------------------------------------------------------------------------------------------------------------------------
  clk                                                  (i)     -     R     (arrival)  103965  0.0     0     0    5000    (-,-) 
  gen_rows[0].gen_cols[21].pe_i_dut_acc_out_reg[47]/CP <<<     -     R     DFCNQD1    103965    -     0     0    5000    (-,-) 
#------------------------------------------------------------------------------------------------------------------------------



Path 13: MET (1 ps) Setup Check with Pin gen_rows[0].gen_cols[14].pe_i_dut_acc_out_reg[47]/CP->D
          Group: clk
     Startpoint: (R) gen_rows[0].gen_cols[13].pe_i_dut_data_out_reg[2]/CP
          Clock: (R) clk
       Endpoint: (R) gen_rows[0].gen_cols[14].pe_i_dut_acc_out_reg[47]/D
          Clock: (R) clk

                     Capture       Launch     
        Clock Edge:+    5000            0     
       Src Latency:+       0            0     
       Net Latency:+       0 (I)        0 (I) 
           Arrival:=    5000            0     
                                              
             Setup:-      43                  
     Required Time:=    4957                  
      Launch Clock:-       0                  
         Data Path:-    4956                  
             Slack:=       1                  

Launch clock path:
#------------------------------------------------------------------------------------------------------------------------------
#                    Timing Point                      Flags   Arc   Edge   Cell      Fanout Load Trans Delay Arrival Instance 
#                                                                                            (fF)  (ps)  (ps)   (ps)  Location 
#------------------------------------------------------------------------------------------------------------------------------
  clk                                                  (i)     -     R     (arrival)  103965  0.0     0     0       0    (-,-) 
  gen_rows[0].gen_cols[13].pe_i_dut_data_out_reg[2]/CP <<<     -     R     DFCND1     103965    -     0     0       0    (-,-) 
#------------------------------------------------------------------------------------------------------------------------------

#----------------------------------------------------------------------------------------------------------------------------------------------------
#                               Timing Point                                Flags    Arc   Edge   Cell      Fanout Load Trans Delay Arrival Instance 
#                                                                                                                  (fF)  (ps)  (ps)   (ps)  Location 
#----------------------------------------------------------------------------------------------------------------------------------------------------
  gen_rows[0].gen_cols[13].pe_i_dut_data_out_reg[2]/CP                      -       -      R     (arrival)  103965    -     0     0       0    (-,-) 
  gen_rows[0].gen_cols[13].pe_i_dut_data_out_reg[2]/QN                      -       CP->QN R     DFCND1         40 44.9   368   366     366    (-,-) 
  gen_rows[0].gen_cols[14].pe_i_dut_csa_tree_ADD_TC_OP_groupi_g3718/Z       -       A2->Z  R     OR2XD1          2  2.0    35    88     454    (-,-) 
  gen_rows[0].gen_cols[14].pe_i_dut_csa_tree_ADD_TC_OP_groupi_g3683/ZN      -       B->ZN  F     IOA21D1         2  1.7    34    31     485    (-,-) 
  gen_rows[0].gen_cols[14].pe_i_dut_csa_tree_ADD_TC_OP_groupi_g3763/ZN      -       A1->ZN F     IND2D1         16 14.3   154   132     617    (-,-) 
  gen_rows[0].gen_cols[14].pe_i_dut_csa_tree_ADD_TC_OP_groupi_g3553/ZN      -       A2->ZN R     AOI21D1         2  2.1    83    83     700    (-,-) 
  gen_rows[0].gen_cols[14].pe_i_dut_csa_tree_ADD_TC_OP_groupi_g3489/ZN      -       A1->ZN F     MOAI22D1        1  1.9   102    44     744    (-,-) 
  gen_rows[0].gen_cols[14].pe_i_dut_csa_tree_ADD_TC_OP_groupi_cdnfadd/CO    -       B->CO  F     FA1D0           1  1.0    32   146     890    (-,-) 
  gen_rows[0].gen_cols[14].pe_i_dut_csa_tree_ADD_TC_OP_groupi_cdnfadd1/CO   -       CI->CO F     FA1D0           1  1.0    31    85     975    (-,-) 
  gen_rows[0].gen_cols[14].pe_i_dut_csa_tree_ADD_TC_OP_groupi_cdnfadd2/CO   -       CI->CO F     FA1D0           1  1.0    31    84    1059    (-,-) 
  gen_rows[0].gen_cols[14].pe_i_dut_csa_tree_ADD_TC_OP_groupi_cdnfadd3/CO   -       CI->CO F     FA1D0           1  1.0    31    84    1144    (-,-) 
  gen_rows[0].gen_cols[14].pe_i_dut_csa_tree_ADD_TC_OP_groupi_cdnfadd4/CO   -       CI->CO F     FA1D0           1  1.0    31    84    1228    (-,-) 
  gen_rows[0].gen_cols[14].pe_i_dut_csa_tree_ADD_TC_OP_groupi_cdnfadd5/CO   -       CI->CO F     FA1D0           1  1.9    40    92    1321    (-,-) 
  g10912/CO                                                                 -       D->CO  F     CMPE42D1        1  1.0    28   121    1442    (-,-) 
  gen_rows[0].gen_cols[14].pe_i_dut_csa_tree_ADD_TC_OP_groupi_cdnfadd7/CO   -       CI->CO F     FA1D0           1  1.0    31    83    1525    (-,-) 
  gen_rows[0].gen_cols[14].pe_i_dut_csa_tree_ADD_TC_OP_groupi_cdnfadd8/CO   -       CI->CO F     FA1D0           1  1.0    31    84    1609    (-,-) 
  gen_rows[0].gen_cols[14].pe_i_dut_csa_tree_ADD_TC_OP_groupi_cdnfadd9/CO   -       CI->CO F     FA1D0           1  1.0    31    84    1694    (-,-) 
  gen_rows[0].gen_cols[14].pe_i_dut_csa_tree_ADD_TC_OP_groupi_cdnfadd10/CO  -       CI->CO F     FA1D0           1  1.0    31    84    1778    (-,-) 
  gen_rows[0].gen_cols[14].pe_i_dut_csa_tree_ADD_TC_OP_groupi_cdnfadd11/CO  -       CI->CO F     FA1D0           1  1.0    31    84    1863    (-,-) 
  gen_rows[0].gen_cols[14].pe_i_dut_csa_tree_ADD_TC_OP_groupi_cdnfadd12/CO  -       CI->CO F     FA1D0           1  1.0    31    84    1947    (-,-) 
  gen_rows[0].gen_cols[14].pe_i_dut_csa_tree_ADD_TC_OP_groupi_cdnfadd13/CO  -       CI->CO F     FA1D0           1  1.0    31    84    2032    (-,-) 
  gen_rows[0].gen_cols[14].pe_i_dut_csa_tree_ADD_TC_OP_groupi_cdnfadd14/CO  -       CI->CO F     FA1D0           1  1.0    31    84    2116    (-,-) 
  gen_rows[0].gen_cols[14].pe_i_dut_csa_tree_ADD_TC_OP_groupi_cdnfadd15/CO  -       CI->CO F     FA1D0           1  1.0    31    84    2201    (-,-) 
  gen_rows[0].gen_cols[14].pe_i_dut_csa_tree_ADD_TC_OP_groupi_cdnfadd16/CO  -       CI->CO F     FA1D0           1  1.0    31    84    2285    (-,-) 
  gen_rows[0].gen_cols[14].pe_i_dut_csa_tree_ADD_TC_OP_groupi_cdnfadd17/CO  -       CI->CO F     FA1D0           1  1.0    31    84    2370    (-,-) 
  gen_rows[0].gen_cols[14].pe_i_dut_csa_tree_ADD_TC_OP_groupi_cdnfadd18/CO  -       CI->CO F     FA1D0           1  1.0    31    84    2454    (-,-) 
  gen_rows[0].gen_cols[14].pe_i_dut_csa_tree_ADD_TC_OP_groupi_cdnfadd19/CO  -       CI->CO F     FA1D0           1  1.0    31    84    2539    (-,-) 
  gen_rows[0].gen_cols[14].pe_i_dut_csa_tree_ADD_TC_OP_groupi_cdnfadd20/CO  -       CI->CO F     FA1D0           1  1.0    31    84    2623    (-,-) 
  gen_rows[0].gen_cols[14].pe_i_dut_csa_tree_ADD_TC_OP_groupi_cdnfadd21/CO  -       CI->CO F     FA1D0           1  1.0    31    84    2708    (-,-) 
  gen_rows[0].gen_cols[14].pe_i_dut_csa_tree_ADD_TC_OP_groupi_cdnfadd22/CO  -       CI->CO F     FA1D0           1  1.0    31    84    2792    (-,-) 
  gen_rows[0].gen_cols[14].pe_i_dut_csa_tree_ADD_TC_OP_groupi_cdnfadd23/CO  -       CI->CO F     FA1D0           1  1.0    31    84    2877    (-,-) 
  gen_rows[0].gen_cols[14].pe_i_dut_csa_tree_ADD_TC_OP_groupi_cdnfadd24/CO  -       CI->CO F     FA1D0           1  1.0    31    84    2961    (-,-) 
  gen_rows[0].gen_cols[14].pe_i_dut_csa_tree_ADD_TC_OP_groupi_cdnfadd25/CO  -       CI->CO F     FA1D0           1  1.0    31    84    3046    (-,-) 
  gen_rows[0].gen_cols[14].pe_i_dut_csa_tree_ADD_TC_OP_groupi_cdnfadd26/CO  -       CI->CO F     FA1D0           1  1.0    31    84    3130    (-,-) 
  gen_rows[0].gen_cols[14].pe_i_dut_csa_tree_ADD_TC_OP_groupi_cdnfadd27/CO  -       CI->CO F     FA1D0           1  1.0    31    84    3215    (-,-) 
  gen_rows[0].gen_cols[14].pe_i_dut_csa_tree_ADD_TC_OP_groupi_cdnfadd28/CO  -       CI->CO F     FA1D0           1  1.0    31    84    3299    (-,-) 
  gen_rows[0].gen_cols[14].pe_i_dut_csa_tree_ADD_TC_OP_groupi_cdnfadd29/CO  -       CI->CO F     FA1D0           1  1.9    40    92    3392    (-,-) 
  g10895/CO                                                                 -       D->CO  F     CMPE42D1        1  1.0    26   121    3513    (-,-) 
  gen_rows[0].gen_cols[14].pe_i_dut_csa_tree_ADD_TC_OP_groupi_cdnfadd31/CO  -       CI->CO F     FA1D0           1  1.0    31    83    3596    (-,-) 
  gen_rows[0].gen_cols[14].pe_i_dut_csa_tree_ADD_TC_OP_groupi_cdnfadd32/CO  -       CI->CO F     FA1D0           1  1.0    31    84    3680    (-,-) 
  gen_rows[0].gen_cols[14].pe_i_dut_csa_tree_ADD_TC_OP_groupi_cdnfadd33/CO  -       CI->CO F     FA1D0           1  1.0    31    84    3765    (-,-) 
  gen_rows[0].gen_cols[14].pe_i_dut_csa_tree_ADD_TC_OP_groupi_cdnfadd34/CO  -       CI->CO F     FA1D0           1  1.0    31    84    3849    (-,-) 
  gen_rows[0].gen_cols[14].pe_i_dut_csa_tree_ADD_TC_OP_groupi_cdnfadd35/CO  -       CI->CO F     FA1D0           1  1.0    31    84    3934    (-,-) 
  gen_rows[0].gen_cols[14].pe_i_dut_csa_tree_ADD_TC_OP_groupi_cdnfadd36/CO  -       CI->CO F     FA1D0           1  1.0    31    84    4018    (-,-) 
  gen_rows[0].gen_cols[14].pe_i_dut_csa_tree_ADD_TC_OP_groupi_cdnfadd37/CO  -       CI->CO F     FA1D0           1  1.0    31    84    4103    (-,-) 
  gen_rows[0].gen_cols[14].pe_i_dut_csa_tree_ADD_TC_OP_groupi_cdnfadd38/CO  -       CI->CO F     FA1D0           1  1.0    31    84    4187    (-,-) 
  gen_rows[0].gen_cols[14].pe_i_dut_csa_tree_ADD_TC_OP_groupi_cdnfadd39/CO  -       CI->CO F     FA1D0           1  1.0    31    84    4272    (-,-) 
  gen_rows[0].gen_cols[14].pe_i_dut_csa_tree_ADD_TC_OP_groupi_cdnfadd40/CO  -       CI->CO F     FA1D0           1  1.0    31    84    4356    (-,-) 
  gen_rows[0].gen_cols[14].pe_i_dut_csa_tree_ADD_TC_OP_groupi_cdnfadd41/CO  -       CI->CO F     FA1D0           1  2.0    40    93    4449    (-,-) 
  gen_rows[0].gen_cols[14].pe_i_dut_csa_tree_ADD_TC_OP_groupi_cdnfadd42/CO  -       CI->CO F     FA1D1           1  2.0    31    70    4519    (-,-) 
  gen_rows[0].gen_cols[14].pe_i_dut_csa_tree_ADD_TC_OP_groupi_cdnfadd43/CO  -       CI->CO F     FA1D1           1  2.0    31    66    4586    (-,-) 
  gen_rows[0].gen_cols[14].pe_i_dut_csa_tree_ADD_TC_OP_groupi_cdnfadd44/CO  -       CI->CO F     FA1D1           1  2.0    31    66    4652    (-,-) 
  gen_rows[0].gen_cols[14].pe_i_dut_csa_tree_ADD_TC_OP_groupi_cdnfadd45/CO  -       CI->CO F     FA1D1           1  1.0    25    62    4714    (-,-) 
  gen_rows[0].gen_cols[14].pe_i_dut_csa_tree_ADD_TC_OP_groupi_cdnfadd46/CO  -       CI->CO F     FA1D0           1  0.8    29    80    4794    (-,-) 
  gen_rows[0].gen_cols[14].pe_i_dut_csa_tree_ADD_TC_OP_groupi_cdnfadd3771/Z -       A3->Z  R     XOR3D0          1  0.8    31    98    4892    (-,-) 
  g2483/ZN                                                                  -       A2->ZN R     IOA21D1         1  1.0    78    65    4956    (-,-) 
  gen_rows[0].gen_cols[14].pe_i_dut_acc_out_reg[47]/D                       -       -      R     DFCNQD1         1    -     -     0    4956    (-,-) 
#----------------------------------------------------------------------------------------------------------------------------------------------------

Capture clock path:
#------------------------------------------------------------------------------------------------------------------------------
#                    Timing Point                      Flags   Arc   Edge   Cell      Fanout Load Trans Delay Arrival Instance 
#                                                                                            (fF)  (ps)  (ps)   (ps)  Location 
#------------------------------------------------------------------------------------------------------------------------------
  clk                                                  (i)     -     R     (arrival)  103965  0.0     0     0    5000    (-,-) 
  gen_rows[0].gen_cols[14].pe_i_dut_acc_out_reg[47]/CP <<<     -     R     DFCNQD1    103965    -     0     0    5000    (-,-) 
#------------------------------------------------------------------------------------------------------------------------------



Path 14: MET (1 ps) Setup Check with Pin gen_rows[0].gen_cols[19].pe_i_dut_acc_out_reg[47]/CP->D
          Group: clk
     Startpoint: (R) gen_rows[0].gen_cols[18].pe_i_dut_data_out_reg[2]/CP
          Clock: (R) clk
       Endpoint: (R) gen_rows[0].gen_cols[19].pe_i_dut_acc_out_reg[47]/D
          Clock: (R) clk

                     Capture       Launch     
        Clock Edge:+    5000            0     
       Src Latency:+       0            0     
       Net Latency:+       0 (I)        0 (I) 
           Arrival:=    5000            0     
                                              
             Setup:-      43                  
     Required Time:=    4957                  
      Launch Clock:-       0                  
         Data Path:-    4956                  
             Slack:=       1                  

Launch clock path:
#------------------------------------------------------------------------------------------------------------------------------
#                    Timing Point                      Flags   Arc   Edge   Cell      Fanout Load Trans Delay Arrival Instance 
#                                                                                            (fF)  (ps)  (ps)   (ps)  Location 
#------------------------------------------------------------------------------------------------------------------------------
  clk                                                  (i)     -     R     (arrival)  103965  0.0     0     0       0    (-,-) 
  gen_rows[0].gen_cols[18].pe_i_dut_data_out_reg[2]/CP <<<     -     R     DFCND1     103965    -     0     0       0    (-,-) 
#------------------------------------------------------------------------------------------------------------------------------

#----------------------------------------------------------------------------------------------------------------------------------------------------
#                               Timing Point                                Flags    Arc   Edge   Cell      Fanout Load Trans Delay Arrival Instance 
#                                                                                                                  (fF)  (ps)  (ps)   (ps)  Location 
#----------------------------------------------------------------------------------------------------------------------------------------------------
  gen_rows[0].gen_cols[18].pe_i_dut_data_out_reg[2]/CP                      -       -      R     (arrival)  103965    -     0     0       0    (-,-) 
  gen_rows[0].gen_cols[18].pe_i_dut_data_out_reg[2]/QN                      -       CP->QN R     DFCND1         40 44.9   368   366     366    (-,-) 
  gen_rows[0].gen_cols[19].pe_i_dut_csa_tree_ADD_TC_OP_groupi_g3718/Z       -       A2->Z  R     OR2XD1          2  2.0    35    88     454    (-,-) 
  gen_rows[0].gen_cols[19].pe_i_dut_csa_tree_ADD_TC_OP_groupi_g3683/ZN      -       B->ZN  F     IOA21D1         2  1.7    34    31     485    (-,-) 
  gen_rows[0].gen_cols[19].pe_i_dut_csa_tree_ADD_TC_OP_groupi_g3763/ZN      -       A1->ZN F     IND2D1         16 14.3   154   132     617    (-,-) 
  gen_rows[0].gen_cols[19].pe_i_dut_csa_tree_ADD_TC_OP_groupi_g3553/ZN      -       A2->ZN R     AOI21D1         2  2.1    83    83     700    (-,-) 
  gen_rows[0].gen_cols[19].pe_i_dut_csa_tree_ADD_TC_OP_groupi_g3489/ZN      -       A1->ZN F     MOAI22D1        1  1.9   102    44     744    (-,-) 
  gen_rows[0].gen_cols[19].pe_i_dut_csa_tree_ADD_TC_OP_groupi_cdnfadd/CO    -       B->CO  F     FA1D0           1  1.0    32   146     890    (-,-) 
  gen_rows[0].gen_cols[19].pe_i_dut_csa_tree_ADD_TC_OP_groupi_cdnfadd1/CO   -       CI->CO F     FA1D0           1  1.0    31    85     975    (-,-) 
  gen_rows[0].gen_cols[19].pe_i_dut_csa_tree_ADD_TC_OP_groupi_cdnfadd2/CO   -       CI->CO F     FA1D0           1  1.0    31    84    1059    (-,-) 
  gen_rows[0].gen_cols[19].pe_i_dut_csa_tree_ADD_TC_OP_groupi_cdnfadd3/CO   -       CI->CO F     FA1D0           1  1.0    31    84    1144    (-,-) 
  gen_rows[0].gen_cols[19].pe_i_dut_csa_tree_ADD_TC_OP_groupi_cdnfadd4/CO   -       CI->CO F     FA1D0           1  1.0    31    84    1228    (-,-) 
  gen_rows[0].gen_cols[19].pe_i_dut_csa_tree_ADD_TC_OP_groupi_cdnfadd5/CO   -       CI->CO F     FA1D0           1  1.9    40    92    1321    (-,-) 
  g72890/CO                                                                 -       D->CO  F     CMPE42D1        1  1.0    28   121    1442    (-,-) 
  gen_rows[0].gen_cols[19].pe_i_dut_csa_tree_ADD_TC_OP_groupi_cdnfadd7/CO   -       CI->CO F     FA1D0           1  1.0    31    83    1525    (-,-) 
  gen_rows[0].gen_cols[19].pe_i_dut_csa_tree_ADD_TC_OP_groupi_cdnfadd8/CO   -       CI->CO F     FA1D0           1  1.0    31    84    1609    (-,-) 
  gen_rows[0].gen_cols[19].pe_i_dut_csa_tree_ADD_TC_OP_groupi_cdnfadd9/CO   -       CI->CO F     FA1D0           1  1.0    31    84    1694    (-,-) 
  gen_rows[0].gen_cols[19].pe_i_dut_csa_tree_ADD_TC_OP_groupi_cdnfadd10/CO  -       CI->CO F     FA1D0           1  1.0    31    84    1778    (-,-) 
  gen_rows[0].gen_cols[19].pe_i_dut_csa_tree_ADD_TC_OP_groupi_cdnfadd11/CO  -       CI->CO F     FA1D0           1  1.0    31    84    1863    (-,-) 
  gen_rows[0].gen_cols[19].pe_i_dut_csa_tree_ADD_TC_OP_groupi_cdnfadd12/CO  -       CI->CO F     FA1D0           1  1.0    31    84    1947    (-,-) 
  gen_rows[0].gen_cols[19].pe_i_dut_csa_tree_ADD_TC_OP_groupi_cdnfadd13/CO  -       CI->CO F     FA1D0           1  1.0    31    84    2032    (-,-) 
  gen_rows[0].gen_cols[19].pe_i_dut_csa_tree_ADD_TC_OP_groupi_cdnfadd14/CO  -       CI->CO F     FA1D0           1  1.0    31    84    2116    (-,-) 
  gen_rows[0].gen_cols[19].pe_i_dut_csa_tree_ADD_TC_OP_groupi_cdnfadd15/CO  -       CI->CO F     FA1D0           1  1.0    31    84    2201    (-,-) 
  gen_rows[0].gen_cols[19].pe_i_dut_csa_tree_ADD_TC_OP_groupi_cdnfadd16/CO  -       CI->CO F     FA1D0           1  1.0    31    84    2285    (-,-) 
  gen_rows[0].gen_cols[19].pe_i_dut_csa_tree_ADD_TC_OP_groupi_cdnfadd17/CO  -       CI->CO F     FA1D0           1  1.0    31    84    2370    (-,-) 
  gen_rows[0].gen_cols[19].pe_i_dut_csa_tree_ADD_TC_OP_groupi_cdnfadd18/CO  -       CI->CO F     FA1D0           1  1.0    31    84    2454    (-,-) 
  gen_rows[0].gen_cols[19].pe_i_dut_csa_tree_ADD_TC_OP_groupi_cdnfadd19/CO  -       CI->CO F     FA1D0           1  1.0    31    84    2539    (-,-) 
  gen_rows[0].gen_cols[19].pe_i_dut_csa_tree_ADD_TC_OP_groupi_cdnfadd20/CO  -       CI->CO F     FA1D0           1  1.0    31    84    2623    (-,-) 
  gen_rows[0].gen_cols[19].pe_i_dut_csa_tree_ADD_TC_OP_groupi_cdnfadd21/CO  -       CI->CO F     FA1D0           1  1.0    31    84    2708    (-,-) 
  gen_rows[0].gen_cols[19].pe_i_dut_csa_tree_ADD_TC_OP_groupi_cdnfadd22/CO  -       CI->CO F     FA1D0           1  1.0    31    84    2792    (-,-) 
  gen_rows[0].gen_cols[19].pe_i_dut_csa_tree_ADD_TC_OP_groupi_cdnfadd23/CO  -       CI->CO F     FA1D0           1  1.0    31    84    2877    (-,-) 
  gen_rows[0].gen_cols[19].pe_i_dut_csa_tree_ADD_TC_OP_groupi_cdnfadd24/CO  -       CI->CO F     FA1D0           1  1.0    31    84    2961    (-,-) 
  gen_rows[0].gen_cols[19].pe_i_dut_csa_tree_ADD_TC_OP_groupi_cdnfadd25/CO  -       CI->CO F     FA1D0           1  1.0    31    84    3046    (-,-) 
  gen_rows[0].gen_cols[19].pe_i_dut_csa_tree_ADD_TC_OP_groupi_cdnfadd26/CO  -       CI->CO F     FA1D0           1  1.0    31    84    3130    (-,-) 
  gen_rows[0].gen_cols[19].pe_i_dut_csa_tree_ADD_TC_OP_groupi_cdnfadd27/CO  -       CI->CO F     FA1D0           1  1.0    31    84    3215    (-,-) 
  gen_rows[0].gen_cols[19].pe_i_dut_csa_tree_ADD_TC_OP_groupi_cdnfadd28/CO  -       CI->CO F     FA1D0           1  1.0    31    84    3299    (-,-) 
  gen_rows[0].gen_cols[19].pe_i_dut_csa_tree_ADD_TC_OP_groupi_cdnfadd29/CO  -       CI->CO F     FA1D0           1  1.9    40    92    3392    (-,-) 
  g72868/CO                                                                 -       D->CO  F     CMPE42D1        1  1.0    26   121    3513    (-,-) 
  gen_rows[0].gen_cols[19].pe_i_dut_csa_tree_ADD_TC_OP_groupi_cdnfadd31/CO  -       CI->CO F     FA1D0           1  1.0    31    83    3596    (-,-) 
  gen_rows[0].gen_cols[19].pe_i_dut_csa_tree_ADD_TC_OP_groupi_cdnfadd32/CO  -       CI->CO F     FA1D0           1  1.0    31    84    3680    (-,-) 
  gen_rows[0].gen_cols[19].pe_i_dut_csa_tree_ADD_TC_OP_groupi_cdnfadd33/CO  -       CI->CO F     FA1D0           1  1.0    31    84    3765    (-,-) 
  gen_rows[0].gen_cols[19].pe_i_dut_csa_tree_ADD_TC_OP_groupi_cdnfadd34/CO  -       CI->CO F     FA1D0           1  1.0    31    84    3849    (-,-) 
  gen_rows[0].gen_cols[19].pe_i_dut_csa_tree_ADD_TC_OP_groupi_cdnfadd35/CO  -       CI->CO F     FA1D0           1  1.0    31    84    3934    (-,-) 
  gen_rows[0].gen_cols[19].pe_i_dut_csa_tree_ADD_TC_OP_groupi_cdnfadd36/CO  -       CI->CO F     FA1D0           1  1.0    31    84    4018    (-,-) 
  gen_rows[0].gen_cols[19].pe_i_dut_csa_tree_ADD_TC_OP_groupi_cdnfadd37/CO  -       CI->CO F     FA1D0           1  1.0    31    84    4103    (-,-) 
  gen_rows[0].gen_cols[19].pe_i_dut_csa_tree_ADD_TC_OP_groupi_cdnfadd38/CO  -       CI->CO F     FA1D0           1  1.0    31    84    4187    (-,-) 
  gen_rows[0].gen_cols[19].pe_i_dut_csa_tree_ADD_TC_OP_groupi_cdnfadd39/CO  -       CI->CO F     FA1D0           1  1.0    31    84    4272    (-,-) 
  gen_rows[0].gen_cols[19].pe_i_dut_csa_tree_ADD_TC_OP_groupi_cdnfadd40/CO  -       CI->CO F     FA1D0           1  1.0    31    84    4356    (-,-) 
  gen_rows[0].gen_cols[19].pe_i_dut_csa_tree_ADD_TC_OP_groupi_cdnfadd41/CO  -       CI->CO F     FA1D0           1  2.0    40    93    4449    (-,-) 
  gen_rows[0].gen_cols[19].pe_i_dut_csa_tree_ADD_TC_OP_groupi_cdnfadd42/CO  -       CI->CO F     FA1D1           1  2.0    31    70    4519    (-,-) 
  gen_rows[0].gen_cols[19].pe_i_dut_csa_tree_ADD_TC_OP_groupi_cdnfadd43/CO  -       CI->CO F     FA1D1           1  2.0    31    66    4586    (-,-) 
  gen_rows[0].gen_cols[19].pe_i_dut_csa_tree_ADD_TC_OP_groupi_cdnfadd44/CO  -       CI->CO F     FA1D1           1  2.0    31    66    4652    (-,-) 
  gen_rows[0].gen_cols[19].pe_i_dut_csa_tree_ADD_TC_OP_groupi_cdnfadd45/CO  -       CI->CO F     FA1D1           1  1.0    25    62    4714    (-,-) 
  gen_rows[0].gen_cols[19].pe_i_dut_csa_tree_ADD_TC_OP_groupi_cdnfadd46/CO  -       CI->CO F     FA1D0           1  0.8    29    80    4794    (-,-) 
  gen_rows[0].gen_cols[19].pe_i_dut_csa_tree_ADD_TC_OP_groupi_cdnfadd3771/Z -       A3->Z  R     XOR3D0          1  0.8    31    98    4892    (-,-) 
  g2516/ZN                                                                  -       A2->ZN R     IOA21D1         1  1.0    78    65    4956    (-,-) 
  gen_rows[0].gen_cols[19].pe_i_dut_acc_out_reg[47]/D                       -       -      R     DFCNQD1         1    -     -     0    4956    (-,-) 
#----------------------------------------------------------------------------------------------------------------------------------------------------

Capture clock path:
#------------------------------------------------------------------------------------------------------------------------------
#                    Timing Point                      Flags   Arc   Edge   Cell      Fanout Load Trans Delay Arrival Instance 
#                                                                                            (fF)  (ps)  (ps)   (ps)  Location 
#------------------------------------------------------------------------------------------------------------------------------
  clk                                                  (i)     -     R     (arrival)  103965  0.0     0     0    5000    (-,-) 
  gen_rows[0].gen_cols[19].pe_i_dut_acc_out_reg[47]/CP <<<     -     R     DFCNQD1    103965    -     0     0    5000    (-,-) 
#------------------------------------------------------------------------------------------------------------------------------



Path 15: MET (1 ps) Setup Check with Pin gen_rows[0].gen_cols[24].pe_i_dut_acc_out_reg[47]/CP->D
          Group: clk
     Startpoint: (R) gen_rows[0].gen_cols[23].pe_i_dut_data_out_reg[2]/CP
          Clock: (R) clk
       Endpoint: (R) gen_rows[0].gen_cols[24].pe_i_dut_acc_out_reg[47]/D
          Clock: (R) clk

                     Capture       Launch     
        Clock Edge:+    5000            0     
       Src Latency:+       0            0     
       Net Latency:+       0 (I)        0 (I) 
           Arrival:=    5000            0     
                                              
             Setup:-      43                  
     Required Time:=    4957                  
      Launch Clock:-       0                  
         Data Path:-    4956                  
             Slack:=       1                  

Launch clock path:
#------------------------------------------------------------------------------------------------------------------------------
#                    Timing Point                      Flags   Arc   Edge   Cell      Fanout Load Trans Delay Arrival Instance 
#                                                                                            (fF)  (ps)  (ps)   (ps)  Location 
#------------------------------------------------------------------------------------------------------------------------------
  clk                                                  (i)     -     R     (arrival)  103965  0.0     0     0       0    (-,-) 
  gen_rows[0].gen_cols[23].pe_i_dut_data_out_reg[2]/CP <<<     -     R     DFCND1     103965    -     0     0       0    (-,-) 
#------------------------------------------------------------------------------------------------------------------------------

#----------------------------------------------------------------------------------------------------------------------------------------------------
#                               Timing Point                                Flags    Arc   Edge   Cell      Fanout Load Trans Delay Arrival Instance 
#                                                                                                                  (fF)  (ps)  (ps)   (ps)  Location 
#----------------------------------------------------------------------------------------------------------------------------------------------------
  gen_rows[0].gen_cols[23].pe_i_dut_data_out_reg[2]/CP                      -       -      R     (arrival)  103965    -     0     0       0    (-,-) 
  gen_rows[0].gen_cols[23].pe_i_dut_data_out_reg[2]/QN                      -       CP->QN R     DFCND1         40 44.9   368   366     366    (-,-) 
  gen_rows[0].gen_cols[24].pe_i_dut_csa_tree_ADD_TC_OP_groupi_g3718/Z       -       A2->Z  R     OR2XD1          2  2.0    35    88     454    (-,-) 
  gen_rows[0].gen_cols[24].pe_i_dut_csa_tree_ADD_TC_OP_groupi_g3683/ZN      -       B->ZN  F     IOA21D1         2  1.7    34    31     485    (-,-) 
  gen_rows[0].gen_cols[24].pe_i_dut_csa_tree_ADD_TC_OP_groupi_g3763/ZN      -       A1->ZN F     IND2D1         16 14.3   154   132     617    (-,-) 
  gen_rows[0].gen_cols[24].pe_i_dut_csa_tree_ADD_TC_OP_groupi_g3553/ZN      -       A2->ZN R     AOI21D1         2  2.1    83    83     700    (-,-) 
  gen_rows[0].gen_cols[24].pe_i_dut_csa_tree_ADD_TC_OP_groupi_g3489/ZN      -       A1->ZN F     MOAI22D1        1  1.9   102    44     744    (-,-) 
  gen_rows[0].gen_cols[24].pe_i_dut_csa_tree_ADD_TC_OP_groupi_cdnfadd/CO    -       B->CO  F     FA1D0           1  1.0    32   146     890    (-,-) 
  gen_rows[0].gen_cols[24].pe_i_dut_csa_tree_ADD_TC_OP_groupi_cdnfadd1/CO   -       CI->CO F     FA1D0           1  1.0    31    85     975    (-,-) 
  gen_rows[0].gen_cols[24].pe_i_dut_csa_tree_ADD_TC_OP_groupi_cdnfadd2/CO   -       CI->CO F     FA1D0           1  1.0    31    84    1059    (-,-) 
  gen_rows[0].gen_cols[24].pe_i_dut_csa_tree_ADD_TC_OP_groupi_cdnfadd3/CO   -       CI->CO F     FA1D0           1  1.0    31    84    1144    (-,-) 
  gen_rows[0].gen_cols[24].pe_i_dut_csa_tree_ADD_TC_OP_groupi_cdnfadd4/CO   -       CI->CO F     FA1D0           1  1.0    31    84    1228    (-,-) 
  gen_rows[0].gen_cols[24].pe_i_dut_csa_tree_ADD_TC_OP_groupi_cdnfadd5/CO   -       CI->CO F     FA1D0           1  1.9    40    92    1321    (-,-) 
  g10609/CO                                                                 -       D->CO  F     CMPE42D1        1  1.0    28   121    1442    (-,-) 
  gen_rows[0].gen_cols[24].pe_i_dut_csa_tree_ADD_TC_OP_groupi_cdnfadd7/CO   -       CI->CO F     FA1D0           1  1.0    31    83    1525    (-,-) 
  gen_rows[0].gen_cols[24].pe_i_dut_csa_tree_ADD_TC_OP_groupi_cdnfadd8/CO   -       CI->CO F     FA1D0           1  1.0    31    84    1609    (-,-) 
  gen_rows[0].gen_cols[24].pe_i_dut_csa_tree_ADD_TC_OP_groupi_cdnfadd9/CO   -       CI->CO F     FA1D0           1  1.0    31    84    1694    (-,-) 
  gen_rows[0].gen_cols[24].pe_i_dut_csa_tree_ADD_TC_OP_groupi_cdnfadd10/CO  -       CI->CO F     FA1D0           1  1.0    31    84    1778    (-,-) 
  gen_rows[0].gen_cols[24].pe_i_dut_csa_tree_ADD_TC_OP_groupi_cdnfadd11/CO  -       CI->CO F     FA1D0           1  1.0    31    84    1863    (-,-) 
  gen_rows[0].gen_cols[24].pe_i_dut_csa_tree_ADD_TC_OP_groupi_cdnfadd12/CO  -       CI->CO F     FA1D0           1  1.0    31    84    1947    (-,-) 
  gen_rows[0].gen_cols[24].pe_i_dut_csa_tree_ADD_TC_OP_groupi_cdnfadd13/CO  -       CI->CO F     FA1D0           1  1.0    31    84    2032    (-,-) 
  gen_rows[0].gen_cols[24].pe_i_dut_csa_tree_ADD_TC_OP_groupi_cdnfadd14/CO  -       CI->CO F     FA1D0           1  1.0    31    84    2116    (-,-) 
  gen_rows[0].gen_cols[24].pe_i_dut_csa_tree_ADD_TC_OP_groupi_cdnfadd15/CO  -       CI->CO F     FA1D0           1  1.0    31    84    2201    (-,-) 
  gen_rows[0].gen_cols[24].pe_i_dut_csa_tree_ADD_TC_OP_groupi_cdnfadd16/CO  -       CI->CO F     FA1D0           1  1.0    31    84    2285    (-,-) 
  gen_rows[0].gen_cols[24].pe_i_dut_csa_tree_ADD_TC_OP_groupi_cdnfadd17/CO  -       CI->CO F     FA1D0           1  1.0    31    84    2370    (-,-) 
  gen_rows[0].gen_cols[24].pe_i_dut_csa_tree_ADD_TC_OP_groupi_cdnfadd18/CO  -       CI->CO F     FA1D0           1  1.0    31    84    2454    (-,-) 
  gen_rows[0].gen_cols[24].pe_i_dut_csa_tree_ADD_TC_OP_groupi_cdnfadd19/CO  -       CI->CO F     FA1D0           1  1.0    31    84    2539    (-,-) 
  gen_rows[0].gen_cols[24].pe_i_dut_csa_tree_ADD_TC_OP_groupi_cdnfadd20/CO  -       CI->CO F     FA1D0           1  1.0    31    84    2623    (-,-) 
  gen_rows[0].gen_cols[24].pe_i_dut_csa_tree_ADD_TC_OP_groupi_cdnfadd21/CO  -       CI->CO F     FA1D0           1  1.0    31    84    2708    (-,-) 
  gen_rows[0].gen_cols[24].pe_i_dut_csa_tree_ADD_TC_OP_groupi_cdnfadd22/CO  -       CI->CO F     FA1D0           1  1.0    31    84    2792    (-,-) 
  gen_rows[0].gen_cols[24].pe_i_dut_csa_tree_ADD_TC_OP_groupi_cdnfadd23/CO  -       CI->CO F     FA1D0           1  1.0    31    84    2877    (-,-) 
  gen_rows[0].gen_cols[24].pe_i_dut_csa_tree_ADD_TC_OP_groupi_cdnfadd24/CO  -       CI->CO F     FA1D0           1  1.0    31    84    2961    (-,-) 
  gen_rows[0].gen_cols[24].pe_i_dut_csa_tree_ADD_TC_OP_groupi_cdnfadd25/CO  -       CI->CO F     FA1D0           1  1.0    31    84    3046    (-,-) 
  gen_rows[0].gen_cols[24].pe_i_dut_csa_tree_ADD_TC_OP_groupi_cdnfadd26/CO  -       CI->CO F     FA1D0           1  1.0    31    84    3130    (-,-) 
  gen_rows[0].gen_cols[24].pe_i_dut_csa_tree_ADD_TC_OP_groupi_cdnfadd27/CO  -       CI->CO F     FA1D0           1  1.0    31    84    3215    (-,-) 
  gen_rows[0].gen_cols[24].pe_i_dut_csa_tree_ADD_TC_OP_groupi_cdnfadd28/CO  -       CI->CO F     FA1D0           1  1.0    31    84    3299    (-,-) 
  gen_rows[0].gen_cols[24].pe_i_dut_csa_tree_ADD_TC_OP_groupi_cdnfadd29/CO  -       CI->CO F     FA1D0           1  1.9    40    92    3392    (-,-) 
  g72252/CO                                                                 -       D->CO  F     CMPE42D1        1  1.0    26   121    3513    (-,-) 
  gen_rows[0].gen_cols[24].pe_i_dut_csa_tree_ADD_TC_OP_groupi_cdnfadd31/CO  -       CI->CO F     FA1D0           1  1.0    31    83    3596    (-,-) 
  gen_rows[0].gen_cols[24].pe_i_dut_csa_tree_ADD_TC_OP_groupi_cdnfadd32/CO  -       CI->CO F     FA1D0           1  1.0    31    84    3680    (-,-) 
  gen_rows[0].gen_cols[24].pe_i_dut_csa_tree_ADD_TC_OP_groupi_cdnfadd33/CO  -       CI->CO F     FA1D0           1  1.0    31    84    3765    (-,-) 
  gen_rows[0].gen_cols[24].pe_i_dut_csa_tree_ADD_TC_OP_groupi_cdnfadd34/CO  -       CI->CO F     FA1D0           1  1.0    31    84    3849    (-,-) 
  gen_rows[0].gen_cols[24].pe_i_dut_csa_tree_ADD_TC_OP_groupi_cdnfadd35/CO  -       CI->CO F     FA1D0           1  1.0    31    84    3934    (-,-) 
  gen_rows[0].gen_cols[24].pe_i_dut_csa_tree_ADD_TC_OP_groupi_cdnfadd36/CO  -       CI->CO F     FA1D0           1  1.0    31    84    4018    (-,-) 
  gen_rows[0].gen_cols[24].pe_i_dut_csa_tree_ADD_TC_OP_groupi_cdnfadd37/CO  -       CI->CO F     FA1D0           1  1.0    31    84    4103    (-,-) 
  gen_rows[0].gen_cols[24].pe_i_dut_csa_tree_ADD_TC_OP_groupi_cdnfadd38/CO  -       CI->CO F     FA1D0           1  1.0    31    84    4187    (-,-) 
  gen_rows[0].gen_cols[24].pe_i_dut_csa_tree_ADD_TC_OP_groupi_cdnfadd39/CO  -       CI->CO F     FA1D0           1  1.0    31    84    4272    (-,-) 
  gen_rows[0].gen_cols[24].pe_i_dut_csa_tree_ADD_TC_OP_groupi_cdnfadd40/CO  -       CI->CO F     FA1D0           1  1.0    31    84    4356    (-,-) 
  gen_rows[0].gen_cols[24].pe_i_dut_csa_tree_ADD_TC_OP_groupi_cdnfadd41/CO  -       CI->CO F     FA1D0           1  2.0    40    93    4449    (-,-) 
  gen_rows[0].gen_cols[24].pe_i_dut_csa_tree_ADD_TC_OP_groupi_cdnfadd42/CO  -       CI->CO F     FA1D1           1  2.0    31    70    4519    (-,-) 
  gen_rows[0].gen_cols[24].pe_i_dut_csa_tree_ADD_TC_OP_groupi_cdnfadd43/CO  -       CI->CO F     FA1D1           1  2.0    31    66    4586    (-,-) 
  gen_rows[0].gen_cols[24].pe_i_dut_csa_tree_ADD_TC_OP_groupi_cdnfadd44/CO  -       CI->CO F     FA1D1           1  2.0    31    66    4652    (-,-) 
  gen_rows[0].gen_cols[24].pe_i_dut_csa_tree_ADD_TC_OP_groupi_cdnfadd45/CO  -       CI->CO F     FA1D1           1  1.0    25    62    4714    (-,-) 
  gen_rows[0].gen_cols[24].pe_i_dut_csa_tree_ADD_TC_OP_groupi_cdnfadd46/CO  -       CI->CO F     FA1D0           1  0.8    29    80    4794    (-,-) 
  gen_rows[0].gen_cols[24].pe_i_dut_csa_tree_ADD_TC_OP_groupi_cdnfadd3771/Z -       A3->Z  R     XOR3D0          1  0.8    31    98    4892    (-,-) 
  g2549/ZN                                                                  -       A2->ZN R     IOA21D1         1  1.0    78    65    4956    (-,-) 
  gen_rows[0].gen_cols[24].pe_i_dut_acc_out_reg[47]/D                       -       -      R     DFCNQD1         1    -     -     0    4956    (-,-) 
#----------------------------------------------------------------------------------------------------------------------------------------------------

Capture clock path:
#------------------------------------------------------------------------------------------------------------------------------
#                    Timing Point                      Flags   Arc   Edge   Cell      Fanout Load Trans Delay Arrival Instance 
#                                                                                            (fF)  (ps)  (ps)   (ps)  Location 
#------------------------------------------------------------------------------------------------------------------------------
  clk                                                  (i)     -     R     (arrival)  103965  0.0     0     0    5000    (-,-) 
  gen_rows[0].gen_cols[24].pe_i_dut_acc_out_reg[47]/CP <<<     -     R     DFCNQD1    103965    -     0     0    5000    (-,-) 
#------------------------------------------------------------------------------------------------------------------------------



Path 16: MET (1 ps) Setup Check with Pin gen_rows[0].gen_cols[18].pe_i_dut_acc_out_reg[47]/CP->D
          Group: clk
     Startpoint: (R) gen_rows[0].gen_cols[17].pe_i_dut_data_out_reg[2]/CP
          Clock: (R) clk
       Endpoint: (R) gen_rows[0].gen_cols[18].pe_i_dut_acc_out_reg[47]/D
          Clock: (R) clk

                     Capture       Launch     
        Clock Edge:+    5000            0     
       Src Latency:+       0            0     
       Net Latency:+       0 (I)        0 (I) 
           Arrival:=    5000            0     
                                              
             Setup:-      43                  
     Required Time:=    4957                  
      Launch Clock:-       0                  
         Data Path:-    4956                  
             Slack:=       1                  

Launch clock path:
#------------------------------------------------------------------------------------------------------------------------------
#                    Timing Point                      Flags   Arc   Edge   Cell      Fanout Load Trans Delay Arrival Instance 
#                                                                                            (fF)  (ps)  (ps)   (ps)  Location 
#------------------------------------------------------------------------------------------------------------------------------
  clk                                                  (i)     -     R     (arrival)  103965  0.0     0     0       0    (-,-) 
  gen_rows[0].gen_cols[17].pe_i_dut_data_out_reg[2]/CP <<<     -     R     DFCND1     103965    -     0     0       0    (-,-) 
#------------------------------------------------------------------------------------------------------------------------------

#----------------------------------------------------------------------------------------------------------------------------------------------------
#                               Timing Point                                Flags    Arc   Edge   Cell      Fanout Load Trans Delay Arrival Instance 
#                                                                                                                  (fF)  (ps)  (ps)   (ps)  Location 
#----------------------------------------------------------------------------------------------------------------------------------------------------
  gen_rows[0].gen_cols[17].pe_i_dut_data_out_reg[2]/CP                      -       -      R     (arrival)  103965    -     0     0       0    (-,-) 
  gen_rows[0].gen_cols[17].pe_i_dut_data_out_reg[2]/QN                      -       CP->QN R     DFCND1         40 44.9   368   366     366    (-,-) 
  gen_rows[0].gen_cols[18].pe_i_dut_csa_tree_ADD_TC_OP_groupi_g3718/Z       -       A2->Z  R     OR2XD1          2  2.0    35    88     454    (-,-) 
  gen_rows[0].gen_cols[18].pe_i_dut_csa_tree_ADD_TC_OP_groupi_g3683/ZN      -       B->ZN  F     IOA21D1         2  1.7    34    31     485    (-,-) 
  gen_rows[0].gen_cols[18].pe_i_dut_csa_tree_ADD_TC_OP_groupi_g3763/ZN      -       A1->ZN F     IND2D1         16 14.3   154   132     617    (-,-) 
  gen_rows[0].gen_cols[18].pe_i_dut_csa_tree_ADD_TC_OP_groupi_g3553/ZN      -       A2->ZN R     AOI21D1         2  2.1    83    83     700    (-,-) 
  gen_rows[0].gen_cols[18].pe_i_dut_csa_tree_ADD_TC_OP_groupi_g3489/ZN      -       A1->ZN F     MOAI22D1        1  1.9   102    44     744    (-,-) 
  gen_rows[0].gen_cols[18].pe_i_dut_csa_tree_ADD_TC_OP_groupi_cdnfadd/CO    -       B->CO  F     FA1D0           1  1.0    32   146     890    (-,-) 
  gen_rows[0].gen_cols[18].pe_i_dut_csa_tree_ADD_TC_OP_groupi_cdnfadd1/CO   -       CI->CO F     FA1D0           1  1.0    31    85     975    (-,-) 
  gen_rows[0].gen_cols[18].pe_i_dut_csa_tree_ADD_TC_OP_groupi_cdnfadd2/CO   -       CI->CO F     FA1D0           1  1.0    31    84    1059    (-,-) 
  gen_rows[0].gen_cols[18].pe_i_dut_csa_tree_ADD_TC_OP_groupi_cdnfadd3/CO   -       CI->CO F     FA1D0           1  1.0    31    84    1144    (-,-) 
  gen_rows[0].gen_cols[18].pe_i_dut_csa_tree_ADD_TC_OP_groupi_cdnfadd4/CO   -       CI->CO F     FA1D0           1  1.0    31    84    1228    (-,-) 
  gen_rows[0].gen_cols[18].pe_i_dut_csa_tree_ADD_TC_OP_groupi_cdnfadd5/CO   -       CI->CO F     FA1D0           1  1.9    40    92    1321    (-,-) 
  g71587/CO                                                                 -       D->CO  F     CMPE42D1        1  1.0    28   121    1442    (-,-) 
  gen_rows[0].gen_cols[18].pe_i_dut_csa_tree_ADD_TC_OP_groupi_cdnfadd7/CO   -       CI->CO F     FA1D0           1  1.0    31    83    1525    (-,-) 
  gen_rows[0].gen_cols[18].pe_i_dut_csa_tree_ADD_TC_OP_groupi_cdnfadd8/CO   -       CI->CO F     FA1D0           1  1.0    31    84    1609    (-,-) 
  gen_rows[0].gen_cols[18].pe_i_dut_csa_tree_ADD_TC_OP_groupi_cdnfadd9/CO   -       CI->CO F     FA1D0           1  1.0    31    84    1694    (-,-) 
  gen_rows[0].gen_cols[18].pe_i_dut_csa_tree_ADD_TC_OP_groupi_cdnfadd10/CO  -       CI->CO F     FA1D0           1  1.0    31    84    1778    (-,-) 
  gen_rows[0].gen_cols[18].pe_i_dut_csa_tree_ADD_TC_OP_groupi_cdnfadd11/CO  -       CI->CO F     FA1D0           1  1.0    31    84    1863    (-,-) 
  gen_rows[0].gen_cols[18].pe_i_dut_csa_tree_ADD_TC_OP_groupi_cdnfadd12/CO  -       CI->CO F     FA1D0           1  1.0    31    84    1947    (-,-) 
  gen_rows[0].gen_cols[18].pe_i_dut_csa_tree_ADD_TC_OP_groupi_cdnfadd13/CO  -       CI->CO F     FA1D0           1  1.0    31    84    2032    (-,-) 
  gen_rows[0].gen_cols[18].pe_i_dut_csa_tree_ADD_TC_OP_groupi_cdnfadd14/CO  -       CI->CO F     FA1D0           1  1.0    31    84    2116    (-,-) 
  gen_rows[0].gen_cols[18].pe_i_dut_csa_tree_ADD_TC_OP_groupi_cdnfadd15/CO  -       CI->CO F     FA1D0           1  1.0    31    84    2201    (-,-) 
  gen_rows[0].gen_cols[18].pe_i_dut_csa_tree_ADD_TC_OP_groupi_cdnfadd16/CO  -       CI->CO F     FA1D0           1  1.0    31    84    2285    (-,-) 
  gen_rows[0].gen_cols[18].pe_i_dut_csa_tree_ADD_TC_OP_groupi_cdnfadd17/CO  -       CI->CO F     FA1D0           1  1.0    31    84    2370    (-,-) 
  gen_rows[0].gen_cols[18].pe_i_dut_csa_tree_ADD_TC_OP_groupi_cdnfadd18/CO  -       CI->CO F     FA1D0           1  1.0    31    84    2454    (-,-) 
  gen_rows[0].gen_cols[18].pe_i_dut_csa_tree_ADD_TC_OP_groupi_cdnfadd19/CO  -       CI->CO F     FA1D0           1  1.0    31    84    2539    (-,-) 
  gen_rows[0].gen_cols[18].pe_i_dut_csa_tree_ADD_TC_OP_groupi_cdnfadd20/CO  -       CI->CO F     FA1D0           1  1.0    31    84    2623    (-,-) 
  gen_rows[0].gen_cols[18].pe_i_dut_csa_tree_ADD_TC_OP_groupi_cdnfadd21/CO  -       CI->CO F     FA1D0           1  1.0    31    84    2708    (-,-) 
  gen_rows[0].gen_cols[18].pe_i_dut_csa_tree_ADD_TC_OP_groupi_cdnfadd22/CO  -       CI->CO F     FA1D0           1  1.0    31    84    2792    (-,-) 
  gen_rows[0].gen_cols[18].pe_i_dut_csa_tree_ADD_TC_OP_groupi_cdnfadd23/CO  -       CI->CO F     FA1D0           1  1.0    31    84    2877    (-,-) 
  gen_rows[0].gen_cols[18].pe_i_dut_csa_tree_ADD_TC_OP_groupi_cdnfadd24/CO  -       CI->CO F     FA1D0           1  1.0    31    84    2961    (-,-) 
  gen_rows[0].gen_cols[18].pe_i_dut_csa_tree_ADD_TC_OP_groupi_cdnfadd25/CO  -       CI->CO F     FA1D0           1  1.0    31    84    3046    (-,-) 
  gen_rows[0].gen_cols[18].pe_i_dut_csa_tree_ADD_TC_OP_groupi_cdnfadd26/CO  -       CI->CO F     FA1D0           1  1.0    31    84    3130    (-,-) 
  gen_rows[0].gen_cols[18].pe_i_dut_csa_tree_ADD_TC_OP_groupi_cdnfadd27/CO  -       CI->CO F     FA1D0           1  1.0    31    84    3215    (-,-) 
  gen_rows[0].gen_cols[18].pe_i_dut_csa_tree_ADD_TC_OP_groupi_cdnfadd28/CO  -       CI->CO F     FA1D0           1  1.0    31    84    3299    (-,-) 
  gen_rows[0].gen_cols[18].pe_i_dut_csa_tree_ADD_TC_OP_groupi_cdnfadd29/CO  -       CI->CO F     FA1D0           1  1.9    40    92    3392    (-,-) 
  g71563/CO                                                                 -       D->CO  F     CMPE42D1        1  1.0    26   121    3513    (-,-) 
  gen_rows[0].gen_cols[18].pe_i_dut_csa_tree_ADD_TC_OP_groupi_cdnfadd31/CO  -       CI->CO F     FA1D0           1  1.0    31    83    3596    (-,-) 
  gen_rows[0].gen_cols[18].pe_i_dut_csa_tree_ADD_TC_OP_groupi_cdnfadd32/CO  -       CI->CO F     FA1D0           1  1.0    31    84    3680    (-,-) 
  gen_rows[0].gen_cols[18].pe_i_dut_csa_tree_ADD_TC_OP_groupi_cdnfadd33/CO  -       CI->CO F     FA1D0           1  1.0    31    84    3765    (-,-) 
  gen_rows[0].gen_cols[18].pe_i_dut_csa_tree_ADD_TC_OP_groupi_cdnfadd34/CO  -       CI->CO F     FA1D0           1  1.0    31    84    3849    (-,-) 
  gen_rows[0].gen_cols[18].pe_i_dut_csa_tree_ADD_TC_OP_groupi_cdnfadd35/CO  -       CI->CO F     FA1D0           1  1.0    31    84    3934    (-,-) 
  gen_rows[0].gen_cols[18].pe_i_dut_csa_tree_ADD_TC_OP_groupi_cdnfadd36/CO  -       CI->CO F     FA1D0           1  1.0    31    84    4018    (-,-) 
  gen_rows[0].gen_cols[18].pe_i_dut_csa_tree_ADD_TC_OP_groupi_cdnfadd37/CO  -       CI->CO F     FA1D0           1  1.0    31    84    4103    (-,-) 
  gen_rows[0].gen_cols[18].pe_i_dut_csa_tree_ADD_TC_OP_groupi_cdnfadd38/CO  -       CI->CO F     FA1D0           1  1.0    31    84    4187    (-,-) 
  gen_rows[0].gen_cols[18].pe_i_dut_csa_tree_ADD_TC_OP_groupi_cdnfadd39/CO  -       CI->CO F     FA1D0           1  1.0    31    84    4272    (-,-) 
  gen_rows[0].gen_cols[18].pe_i_dut_csa_tree_ADD_TC_OP_groupi_cdnfadd40/CO  -       CI->CO F     FA1D0           1  1.0    31    84    4356    (-,-) 
  gen_rows[0].gen_cols[18].pe_i_dut_csa_tree_ADD_TC_OP_groupi_cdnfadd41/CO  -       CI->CO F     FA1D0           1  2.0    40    93    4449    (-,-) 
  gen_rows[0].gen_cols[18].pe_i_dut_csa_tree_ADD_TC_OP_groupi_cdnfadd42/CO  -       CI->CO F     FA1D1           1  2.0    31    70    4519    (-,-) 
  gen_rows[0].gen_cols[18].pe_i_dut_csa_tree_ADD_TC_OP_groupi_cdnfadd43/CO  -       CI->CO F     FA1D1           1  2.0    31    66    4586    (-,-) 
  gen_rows[0].gen_cols[18].pe_i_dut_csa_tree_ADD_TC_OP_groupi_cdnfadd44/CO  -       CI->CO F     FA1D1           1  2.0    31    66    4652    (-,-) 
  gen_rows[0].gen_cols[18].pe_i_dut_csa_tree_ADD_TC_OP_groupi_cdnfadd45/CO  -       CI->CO F     FA1D1           1  1.0    25    62    4714    (-,-) 
  gen_rows[0].gen_cols[18].pe_i_dut_csa_tree_ADD_TC_OP_groupi_cdnfadd46/CO  -       CI->CO F     FA1D0           1  0.8    29    80    4794    (-,-) 
  gen_rows[0].gen_cols[18].pe_i_dut_csa_tree_ADD_TC_OP_groupi_cdnfadd3771/Z -       A3->Z  R     XOR3D0          1  0.8    31    98    4892    (-,-) 
  g39619/ZN                                                                 -       A2->ZN R     IOA21D1         1  1.0    78    65    4956    (-,-) 
  gen_rows[0].gen_cols[18].pe_i_dut_acc_out_reg[47]/D                       -       -      R     DFCNQD1         1    -     -     0    4956    (-,-) 
#----------------------------------------------------------------------------------------------------------------------------------------------------

Capture clock path:
#------------------------------------------------------------------------------------------------------------------------------
#                    Timing Point                      Flags   Arc   Edge   Cell      Fanout Load Trans Delay Arrival Instance 
#                                                                                            (fF)  (ps)  (ps)   (ps)  Location 
#------------------------------------------------------------------------------------------------------------------------------
  clk                                                  (i)     -     R     (arrival)  103965  0.0     0     0    5000    (-,-) 
  gen_rows[0].gen_cols[18].pe_i_dut_acc_out_reg[47]/CP <<<     -     R     DFCNQD1    103965    -     0     0    5000    (-,-) 
#------------------------------------------------------------------------------------------------------------------------------



Path 17: MET (1 ps) Setup Check with Pin gen_rows[0].gen_cols[23].pe_i_dut_acc_out_reg[47]/CP->D
          Group: clk
     Startpoint: (R) gen_rows[0].gen_cols[22].pe_i_dut_data_out_reg[2]/CP
          Clock: (R) clk
       Endpoint: (R) gen_rows[0].gen_cols[23].pe_i_dut_acc_out_reg[47]/D
          Clock: (R) clk

                     Capture       Launch     
        Clock Edge:+    5000            0     
       Src Latency:+       0            0     
       Net Latency:+       0 (I)        0 (I) 
           Arrival:=    5000            0     
                                              
             Setup:-      43                  
     Required Time:=    4957                  
      Launch Clock:-       0                  
         Data Path:-    4956                  
             Slack:=       1                  

Launch clock path:
#------------------------------------------------------------------------------------------------------------------------------
#                    Timing Point                      Flags   Arc   Edge   Cell      Fanout Load Trans Delay Arrival Instance 
#                                                                                            (fF)  (ps)  (ps)   (ps)  Location 
#------------------------------------------------------------------------------------------------------------------------------
  clk                                                  (i)     -     R     (arrival)  103965  0.0     0     0       0    (-,-) 
  gen_rows[0].gen_cols[22].pe_i_dut_data_out_reg[2]/CP <<<     -     R     DFCND1     103965    -     0     0       0    (-,-) 
#------------------------------------------------------------------------------------------------------------------------------

#----------------------------------------------------------------------------------------------------------------------------------------------------
#                               Timing Point                                Flags    Arc   Edge   Cell      Fanout Load Trans Delay Arrival Instance 
#                                                                                                                  (fF)  (ps)  (ps)   (ps)  Location 
#----------------------------------------------------------------------------------------------------------------------------------------------------
  gen_rows[0].gen_cols[22].pe_i_dut_data_out_reg[2]/CP                      -       -      R     (arrival)  103965    -     0     0       0    (-,-) 
  gen_rows[0].gen_cols[22].pe_i_dut_data_out_reg[2]/QN                      -       CP->QN R     DFCND1         40 44.9   368   366     366    (-,-) 
  gen_rows[0].gen_cols[23].pe_i_dut_csa_tree_ADD_TC_OP_groupi_g3718/Z       -       A2->Z  R     OR2XD1          2  2.0    35    88     454    (-,-) 
  gen_rows[0].gen_cols[23].pe_i_dut_csa_tree_ADD_TC_OP_groupi_g3683/ZN      -       B->ZN  F     IOA21D1         2  1.7    34    31     485    (-,-) 
  gen_rows[0].gen_cols[23].pe_i_dut_csa_tree_ADD_TC_OP_groupi_g3763/ZN      -       A1->ZN F     IND2D1         16 14.3   154   132     617    (-,-) 
  gen_rows[0].gen_cols[23].pe_i_dut_csa_tree_ADD_TC_OP_groupi_g3553/ZN      -       A2->ZN R     AOI21D1         2  2.1    83    83     700    (-,-) 
  gen_rows[0].gen_cols[23].pe_i_dut_csa_tree_ADD_TC_OP_groupi_g3489/ZN      -       A1->ZN F     MOAI22D1        1  1.9   102    44     744    (-,-) 
  gen_rows[0].gen_cols[23].pe_i_dut_csa_tree_ADD_TC_OP_groupi_cdnfadd/CO    -       B->CO  F     FA1D0           1  1.0    32   146     890    (-,-) 
  gen_rows[0].gen_cols[23].pe_i_dut_csa_tree_ADD_TC_OP_groupi_cdnfadd1/CO   -       CI->CO F     FA1D0           1  1.0    31    85     975    (-,-) 
  gen_rows[0].gen_cols[23].pe_i_dut_csa_tree_ADD_TC_OP_groupi_cdnfadd2/CO   -       CI->CO F     FA1D0           1  1.0    31    84    1059    (-,-) 
  gen_rows[0].gen_cols[23].pe_i_dut_csa_tree_ADD_TC_OP_groupi_cdnfadd3/CO   -       CI->CO F     FA1D0           1  1.0    31    84    1144    (-,-) 
  gen_rows[0].gen_cols[23].pe_i_dut_csa_tree_ADD_TC_OP_groupi_cdnfadd4/CO   -       CI->CO F     FA1D0           1  1.0    31    84    1228    (-,-) 
  gen_rows[0].gen_cols[23].pe_i_dut_csa_tree_ADD_TC_OP_groupi_cdnfadd5/CO   -       CI->CO F     FA1D0           1  1.9    40    92    1321    (-,-) 
  g10027/CO                                                                 -       D->CO  F     CMPE42D1        1  1.0    28   121    1442    (-,-) 
  gen_rows[0].gen_cols[23].pe_i_dut_csa_tree_ADD_TC_OP_groupi_cdnfadd7/CO   -       CI->CO F     FA1D0           1  1.0    31    83    1525    (-,-) 
  gen_rows[0].gen_cols[23].pe_i_dut_csa_tree_ADD_TC_OP_groupi_cdnfadd8/CO   -       CI->CO F     FA1D0           1  1.0    31    84    1609    (-,-) 
  gen_rows[0].gen_cols[23].pe_i_dut_csa_tree_ADD_TC_OP_groupi_cdnfadd9/CO   -       CI->CO F     FA1D0           1  1.0    31    84    1694    (-,-) 
  gen_rows[0].gen_cols[23].pe_i_dut_csa_tree_ADD_TC_OP_groupi_cdnfadd10/CO  -       CI->CO F     FA1D0           1  1.0    31    84    1778    (-,-) 
  gen_rows[0].gen_cols[23].pe_i_dut_csa_tree_ADD_TC_OP_groupi_cdnfadd11/CO  -       CI->CO F     FA1D0           1  1.0    31    84    1863    (-,-) 
  gen_rows[0].gen_cols[23].pe_i_dut_csa_tree_ADD_TC_OP_groupi_cdnfadd12/CO  -       CI->CO F     FA1D0           1  1.0    31    84    1947    (-,-) 
  gen_rows[0].gen_cols[23].pe_i_dut_csa_tree_ADD_TC_OP_groupi_cdnfadd13/CO  -       CI->CO F     FA1D0           1  1.0    31    84    2032    (-,-) 
  gen_rows[0].gen_cols[23].pe_i_dut_csa_tree_ADD_TC_OP_groupi_cdnfadd14/CO  -       CI->CO F     FA1D0           1  1.0    31    84    2116    (-,-) 
  gen_rows[0].gen_cols[23].pe_i_dut_csa_tree_ADD_TC_OP_groupi_cdnfadd15/CO  -       CI->CO F     FA1D0           1  1.0    31    84    2201    (-,-) 
  gen_rows[0].gen_cols[23].pe_i_dut_csa_tree_ADD_TC_OP_groupi_cdnfadd16/CO  -       CI->CO F     FA1D0           1  1.0    31    84    2285    (-,-) 
  gen_rows[0].gen_cols[23].pe_i_dut_csa_tree_ADD_TC_OP_groupi_cdnfadd17/CO  -       CI->CO F     FA1D0           1  1.0    31    84    2370    (-,-) 
  gen_rows[0].gen_cols[23].pe_i_dut_csa_tree_ADD_TC_OP_groupi_cdnfadd18/CO  -       CI->CO F     FA1D0           1  1.0    31    84    2454    (-,-) 
  gen_rows[0].gen_cols[23].pe_i_dut_csa_tree_ADD_TC_OP_groupi_cdnfadd19/CO  -       CI->CO F     FA1D0           1  1.0    31    84    2539    (-,-) 
  gen_rows[0].gen_cols[23].pe_i_dut_csa_tree_ADD_TC_OP_groupi_cdnfadd20/CO  -       CI->CO F     FA1D0           1  1.0    31    84    2623    (-,-) 
  gen_rows[0].gen_cols[23].pe_i_dut_csa_tree_ADD_TC_OP_groupi_cdnfadd21/CO  -       CI->CO F     FA1D0           1  1.0    31    84    2708    (-,-) 
  gen_rows[0].gen_cols[23].pe_i_dut_csa_tree_ADD_TC_OP_groupi_cdnfadd22/CO  -       CI->CO F     FA1D0           1  1.0    31    84    2792    (-,-) 
  gen_rows[0].gen_cols[23].pe_i_dut_csa_tree_ADD_TC_OP_groupi_cdnfadd23/CO  -       CI->CO F     FA1D0           1  1.0    31    84    2877    (-,-) 
  gen_rows[0].gen_cols[23].pe_i_dut_csa_tree_ADD_TC_OP_groupi_cdnfadd24/CO  -       CI->CO F     FA1D0           1  1.0    31    84    2961    (-,-) 
  gen_rows[0].gen_cols[23].pe_i_dut_csa_tree_ADD_TC_OP_groupi_cdnfadd25/CO  -       CI->CO F     FA1D0           1  1.0    31    84    3046    (-,-) 
  gen_rows[0].gen_cols[23].pe_i_dut_csa_tree_ADD_TC_OP_groupi_cdnfadd26/CO  -       CI->CO F     FA1D0           1  1.0    31    84    3130    (-,-) 
  gen_rows[0].gen_cols[23].pe_i_dut_csa_tree_ADD_TC_OP_groupi_cdnfadd27/CO  -       CI->CO F     FA1D0           1  1.0    31    84    3215    (-,-) 
  gen_rows[0].gen_cols[23].pe_i_dut_csa_tree_ADD_TC_OP_groupi_cdnfadd28/CO  -       CI->CO F     FA1D0           1  1.0    31    84    3299    (-,-) 
  gen_rows[0].gen_cols[23].pe_i_dut_csa_tree_ADD_TC_OP_groupi_cdnfadd29/CO  -       CI->CO F     FA1D0           1  1.9    40    92    3392    (-,-) 
  g10010/CO                                                                 -       D->CO  F     CMPE42D1        1  1.0    26   121    3513    (-,-) 
  gen_rows[0].gen_cols[23].pe_i_dut_csa_tree_ADD_TC_OP_groupi_cdnfadd31/CO  -       CI->CO F     FA1D0           1  1.0    31    83    3596    (-,-) 
  gen_rows[0].gen_cols[23].pe_i_dut_csa_tree_ADD_TC_OP_groupi_cdnfadd32/CO  -       CI->CO F     FA1D0           1  1.0    31    84    3680    (-,-) 
  gen_rows[0].gen_cols[23].pe_i_dut_csa_tree_ADD_TC_OP_groupi_cdnfadd33/CO  -       CI->CO F     FA1D0           1  1.0    31    84    3765    (-,-) 
  gen_rows[0].gen_cols[23].pe_i_dut_csa_tree_ADD_TC_OP_groupi_cdnfadd34/CO  -       CI->CO F     FA1D0           1  1.0    31    84    3849    (-,-) 
  gen_rows[0].gen_cols[23].pe_i_dut_csa_tree_ADD_TC_OP_groupi_cdnfadd35/CO  -       CI->CO F     FA1D0           1  1.0    31    84    3934    (-,-) 
  gen_rows[0].gen_cols[23].pe_i_dut_csa_tree_ADD_TC_OP_groupi_cdnfadd36/CO  -       CI->CO F     FA1D0           1  1.0    31    84    4018    (-,-) 
  gen_rows[0].gen_cols[23].pe_i_dut_csa_tree_ADD_TC_OP_groupi_cdnfadd37/CO  -       CI->CO F     FA1D0           1  1.0    31    84    4103    (-,-) 
  gen_rows[0].gen_cols[23].pe_i_dut_csa_tree_ADD_TC_OP_groupi_cdnfadd38/CO  -       CI->CO F     FA1D0           1  1.0    31    84    4187    (-,-) 
  gen_rows[0].gen_cols[23].pe_i_dut_csa_tree_ADD_TC_OP_groupi_cdnfadd39/CO  -       CI->CO F     FA1D0           1  1.0    31    84    4272    (-,-) 
  gen_rows[0].gen_cols[23].pe_i_dut_csa_tree_ADD_TC_OP_groupi_cdnfadd40/CO  -       CI->CO F     FA1D0           1  1.0    31    84    4356    (-,-) 
  gen_rows[0].gen_cols[23].pe_i_dut_csa_tree_ADD_TC_OP_groupi_cdnfadd41/CO  -       CI->CO F     FA1D0           1  2.0    40    93    4449    (-,-) 
  gen_rows[0].gen_cols[23].pe_i_dut_csa_tree_ADD_TC_OP_groupi_cdnfadd42/CO  -       CI->CO F     FA1D1           1  2.0    31    70    4519    (-,-) 
  gen_rows[0].gen_cols[23].pe_i_dut_csa_tree_ADD_TC_OP_groupi_cdnfadd43/CO  -       CI->CO F     FA1D1           1  2.0    31    66    4586    (-,-) 
  gen_rows[0].gen_cols[23].pe_i_dut_csa_tree_ADD_TC_OP_groupi_cdnfadd44/CO  -       CI->CO F     FA1D1           1  2.0    31    66    4652    (-,-) 
  gen_rows[0].gen_cols[23].pe_i_dut_csa_tree_ADD_TC_OP_groupi_cdnfadd45/CO  -       CI->CO F     FA1D1           1  1.0    25    62    4714    (-,-) 
  gen_rows[0].gen_cols[23].pe_i_dut_csa_tree_ADD_TC_OP_groupi_cdnfadd46/CO  -       CI->CO F     FA1D0           1  0.8    29    80    4794    (-,-) 
  gen_rows[0].gen_cols[23].pe_i_dut_csa_tree_ADD_TC_OP_groupi_cdnfadd3771/Z -       A3->Z  R     XOR3D0          1  0.8    31    98    4892    (-,-) 
  g41040/ZN                                                                 -       A2->ZN R     IOA21D1         1  1.0    78    65    4956    (-,-) 
  gen_rows[0].gen_cols[23].pe_i_dut_acc_out_reg[47]/D                       -       -      R     DFCNQD1         1    -     -     0    4956    (-,-) 
#----------------------------------------------------------------------------------------------------------------------------------------------------

Capture clock path:
#------------------------------------------------------------------------------------------------------------------------------
#                    Timing Point                      Flags   Arc   Edge   Cell      Fanout Load Trans Delay Arrival Instance 
#                                                                                            (fF)  (ps)  (ps)   (ps)  Location 
#------------------------------------------------------------------------------------------------------------------------------
  clk                                                  (i)     -     R     (arrival)  103965  0.0     0     0    5000    (-,-) 
  gen_rows[0].gen_cols[23].pe_i_dut_acc_out_reg[47]/CP <<<     -     R     DFCNQD1    103965    -     0     0    5000    (-,-) 
#------------------------------------------------------------------------------------------------------------------------------



Path 18: MET (1 ps) Setup Check with Pin gen_rows[0].gen_cols[11].pe_i_dut_acc_out_reg[47]/CP->D
          Group: clk
     Startpoint: (R) gen_rows[0].gen_cols[10].pe_i_dut_data_out_reg[2]/CP
          Clock: (R) clk
       Endpoint: (R) gen_rows[0].gen_cols[11].pe_i_dut_acc_out_reg[47]/D
          Clock: (R) clk

                     Capture       Launch     
        Clock Edge:+    5000            0     
       Src Latency:+       0            0     
       Net Latency:+       0 (I)        0 (I) 
           Arrival:=    5000            0     
                                              
             Setup:-      43                  
     Required Time:=    4957                  
      Launch Clock:-       0                  
         Data Path:-    4956                  
             Slack:=       1                  

Launch clock path:
#------------------------------------------------------------------------------------------------------------------------------
#                    Timing Point                      Flags   Arc   Edge   Cell      Fanout Load Trans Delay Arrival Instance 
#                                                                                            (fF)  (ps)  (ps)   (ps)  Location 
#------------------------------------------------------------------------------------------------------------------------------
  clk                                                  (i)     -     R     (arrival)  103965  0.0     0     0       0    (-,-) 
  gen_rows[0].gen_cols[10].pe_i_dut_data_out_reg[2]/CP <<<     -     R     DFCND1     103965    -     0     0       0    (-,-) 
#------------------------------------------------------------------------------------------------------------------------------

#----------------------------------------------------------------------------------------------------------------------------------------------------
#                               Timing Point                                Flags    Arc   Edge   Cell      Fanout Load Trans Delay Arrival Instance 
#                                                                                                                  (fF)  (ps)  (ps)   (ps)  Location 
#----------------------------------------------------------------------------------------------------------------------------------------------------
  gen_rows[0].gen_cols[10].pe_i_dut_data_out_reg[2]/CP                      -       -      R     (arrival)  103965    -     0     0       0    (-,-) 
  gen_rows[0].gen_cols[10].pe_i_dut_data_out_reg[2]/QN                      -       CP->QN R     DFCND1         40 44.9   368   366     366    (-,-) 
  gen_rows[0].gen_cols[11].pe_i_dut_csa_tree_ADD_TC_OP_groupi_g3718/Z       -       A2->Z  R     OR2XD1          2  2.0    35    88     454    (-,-) 
  gen_rows[0].gen_cols[11].pe_i_dut_csa_tree_ADD_TC_OP_groupi_g3683/ZN      -       B->ZN  F     IOA21D1         2  1.7    34    31     485    (-,-) 
  gen_rows[0].gen_cols[11].pe_i_dut_csa_tree_ADD_TC_OP_groupi_g3763/ZN      -       A1->ZN F     IND2D1         16 14.3   154   132     617    (-,-) 
  gen_rows[0].gen_cols[11].pe_i_dut_csa_tree_ADD_TC_OP_groupi_g3553/ZN      -       A2->ZN R     AOI21D1         2  2.1    83    83     700    (-,-) 
  gen_rows[0].gen_cols[11].pe_i_dut_csa_tree_ADD_TC_OP_groupi_g3489/ZN      -       A1->ZN F     MOAI22D1        1  1.9   102    44     744    (-,-) 
  gen_rows[0].gen_cols[11].pe_i_dut_csa_tree_ADD_TC_OP_groupi_cdnfadd/CO    -       B->CO  F     FA1D0           1  1.0    32   146     890    (-,-) 
  gen_rows[0].gen_cols[11].pe_i_dut_csa_tree_ADD_TC_OP_groupi_cdnfadd1/CO   -       CI->CO F     FA1D0           1  1.0    31    85     975    (-,-) 
  gen_rows[0].gen_cols[11].pe_i_dut_csa_tree_ADD_TC_OP_groupi_cdnfadd2/CO   -       CI->CO F     FA1D0           1  1.0    31    84    1059    (-,-) 
  gen_rows[0].gen_cols[11].pe_i_dut_csa_tree_ADD_TC_OP_groupi_cdnfadd3/CO   -       CI->CO F     FA1D0           1  1.0    31    84    1144    (-,-) 
  gen_rows[0].gen_cols[11].pe_i_dut_csa_tree_ADD_TC_OP_groupi_cdnfadd4/CO   -       CI->CO F     FA1D0           1  1.0    31    84    1228    (-,-) 
  gen_rows[0].gen_cols[11].pe_i_dut_csa_tree_ADD_TC_OP_groupi_cdnfadd5/CO   -       CI->CO F     FA1D0           1  1.9    40    92    1321    (-,-) 
  g70103/CO                                                                 -       D->CO  F     CMPE42D1        1  1.0    28   121    1442    (-,-) 
  gen_rows[0].gen_cols[11].pe_i_dut_csa_tree_ADD_TC_OP_groupi_cdnfadd7/CO   -       CI->CO F     FA1D0           1  1.0    31    83    1525    (-,-) 
  gen_rows[0].gen_cols[11].pe_i_dut_csa_tree_ADD_TC_OP_groupi_cdnfadd8/CO   -       CI->CO F     FA1D0           1  1.0    31    84    1609    (-,-) 
  gen_rows[0].gen_cols[11].pe_i_dut_csa_tree_ADD_TC_OP_groupi_cdnfadd9/CO   -       CI->CO F     FA1D0           1  1.0    31    84    1694    (-,-) 
  gen_rows[0].gen_cols[11].pe_i_dut_csa_tree_ADD_TC_OP_groupi_cdnfadd10/CO  -       CI->CO F     FA1D0           1  1.0    31    84    1778    (-,-) 
  gen_rows[0].gen_cols[11].pe_i_dut_csa_tree_ADD_TC_OP_groupi_cdnfadd11/CO  -       CI->CO F     FA1D0           1  1.0    31    84    1863    (-,-) 
  gen_rows[0].gen_cols[11].pe_i_dut_csa_tree_ADD_TC_OP_groupi_cdnfadd12/CO  -       CI->CO F     FA1D0           1  1.0    31    84    1947    (-,-) 
  gen_rows[0].gen_cols[11].pe_i_dut_csa_tree_ADD_TC_OP_groupi_cdnfadd13/CO  -       CI->CO F     FA1D0           1  1.0    31    84    2032    (-,-) 
  gen_rows[0].gen_cols[11].pe_i_dut_csa_tree_ADD_TC_OP_groupi_cdnfadd14/CO  -       CI->CO F     FA1D0           1  1.0    31    84    2116    (-,-) 
  gen_rows[0].gen_cols[11].pe_i_dut_csa_tree_ADD_TC_OP_groupi_cdnfadd15/CO  -       CI->CO F     FA1D0           1  1.0    31    84    2201    (-,-) 
  gen_rows[0].gen_cols[11].pe_i_dut_csa_tree_ADD_TC_OP_groupi_cdnfadd16/CO  -       CI->CO F     FA1D0           1  1.0    31    84    2285    (-,-) 
  gen_rows[0].gen_cols[11].pe_i_dut_csa_tree_ADD_TC_OP_groupi_cdnfadd17/CO  -       CI->CO F     FA1D0           1  1.0    31    84    2370    (-,-) 
  gen_rows[0].gen_cols[11].pe_i_dut_csa_tree_ADD_TC_OP_groupi_cdnfadd18/CO  -       CI->CO F     FA1D0           1  1.0    31    84    2454    (-,-) 
  gen_rows[0].gen_cols[11].pe_i_dut_csa_tree_ADD_TC_OP_groupi_cdnfadd19/CO  -       CI->CO F     FA1D0           1  1.0    31    84    2539    (-,-) 
  gen_rows[0].gen_cols[11].pe_i_dut_csa_tree_ADD_TC_OP_groupi_cdnfadd20/CO  -       CI->CO F     FA1D0           1  1.0    31    84    2623    (-,-) 
  gen_rows[0].gen_cols[11].pe_i_dut_csa_tree_ADD_TC_OP_groupi_cdnfadd21/CO  -       CI->CO F     FA1D0           1  1.0    31    84    2708    (-,-) 
  gen_rows[0].gen_cols[11].pe_i_dut_csa_tree_ADD_TC_OP_groupi_cdnfadd22/CO  -       CI->CO F     FA1D0           1  1.0    31    84    2792    (-,-) 
  gen_rows[0].gen_cols[11].pe_i_dut_csa_tree_ADD_TC_OP_groupi_cdnfadd23/CO  -       CI->CO F     FA1D0           1  1.0    31    84    2877    (-,-) 
  gen_rows[0].gen_cols[11].pe_i_dut_csa_tree_ADD_TC_OP_groupi_cdnfadd24/CO  -       CI->CO F     FA1D0           1  1.0    31    84    2961    (-,-) 
  gen_rows[0].gen_cols[11].pe_i_dut_csa_tree_ADD_TC_OP_groupi_cdnfadd25/CO  -       CI->CO F     FA1D0           1  1.0    31    84    3046    (-,-) 
  gen_rows[0].gen_cols[11].pe_i_dut_csa_tree_ADD_TC_OP_groupi_cdnfadd26/CO  -       CI->CO F     FA1D0           1  1.0    31    84    3130    (-,-) 
  gen_rows[0].gen_cols[11].pe_i_dut_csa_tree_ADD_TC_OP_groupi_cdnfadd27/CO  -       CI->CO F     FA1D0           1  1.0    31    84    3215    (-,-) 
  gen_rows[0].gen_cols[11].pe_i_dut_csa_tree_ADD_TC_OP_groupi_cdnfadd28/CO  -       CI->CO F     FA1D0           1  1.0    31    84    3299    (-,-) 
  gen_rows[0].gen_cols[11].pe_i_dut_csa_tree_ADD_TC_OP_groupi_cdnfadd29/CO  -       CI->CO F     FA1D0           1  1.9    40    92    3392    (-,-) 
  g70079/CO                                                                 -       D->CO  F     CMPE42D1        1  1.0    26   121    3513    (-,-) 
  gen_rows[0].gen_cols[11].pe_i_dut_csa_tree_ADD_TC_OP_groupi_cdnfadd31/CO  -       CI->CO F     FA1D0           1  1.0    31    83    3596    (-,-) 
  gen_rows[0].gen_cols[11].pe_i_dut_csa_tree_ADD_TC_OP_groupi_cdnfadd32/CO  -       CI->CO F     FA1D0           1  1.0    31    84    3680    (-,-) 
  gen_rows[0].gen_cols[11].pe_i_dut_csa_tree_ADD_TC_OP_groupi_cdnfadd33/CO  -       CI->CO F     FA1D0           1  1.0    31    84    3765    (-,-) 
  gen_rows[0].gen_cols[11].pe_i_dut_csa_tree_ADD_TC_OP_groupi_cdnfadd34/CO  -       CI->CO F     FA1D0           1  1.0    31    84    3849    (-,-) 
  gen_rows[0].gen_cols[11].pe_i_dut_csa_tree_ADD_TC_OP_groupi_cdnfadd35/CO  -       CI->CO F     FA1D0           1  1.0    31    84    3934    (-,-) 
  gen_rows[0].gen_cols[11].pe_i_dut_csa_tree_ADD_TC_OP_groupi_cdnfadd36/CO  -       CI->CO F     FA1D0           1  1.0    31    84    4018    (-,-) 
  gen_rows[0].gen_cols[11].pe_i_dut_csa_tree_ADD_TC_OP_groupi_cdnfadd37/CO  -       CI->CO F     FA1D0           1  1.0    31    84    4103    (-,-) 
  gen_rows[0].gen_cols[11].pe_i_dut_csa_tree_ADD_TC_OP_groupi_cdnfadd38/CO  -       CI->CO F     FA1D0           1  1.0    31    84    4187    (-,-) 
  gen_rows[0].gen_cols[11].pe_i_dut_csa_tree_ADD_TC_OP_groupi_cdnfadd39/CO  -       CI->CO F     FA1D0           1  1.0    31    84    4272    (-,-) 
  gen_rows[0].gen_cols[11].pe_i_dut_csa_tree_ADD_TC_OP_groupi_cdnfadd40/CO  -       CI->CO F     FA1D0           1  1.0    31    84    4356    (-,-) 
  gen_rows[0].gen_cols[11].pe_i_dut_csa_tree_ADD_TC_OP_groupi_cdnfadd41/CO  -       CI->CO F     FA1D0           1  2.0    40    93    4449    (-,-) 
  gen_rows[0].gen_cols[11].pe_i_dut_csa_tree_ADD_TC_OP_groupi_cdnfadd42/CO  -       CI->CO F     FA1D1           1  2.0    31    70    4519    (-,-) 
  gen_rows[0].gen_cols[11].pe_i_dut_csa_tree_ADD_TC_OP_groupi_cdnfadd43/CO  -       CI->CO F     FA1D1           1  2.0    31    66    4586    (-,-) 
  gen_rows[0].gen_cols[11].pe_i_dut_csa_tree_ADD_TC_OP_groupi_cdnfadd44/CO  -       CI->CO F     FA1D1           1  2.0    31    66    4652    (-,-) 
  gen_rows[0].gen_cols[11].pe_i_dut_csa_tree_ADD_TC_OP_groupi_cdnfadd45/CO  -       CI->CO F     FA1D1           1  1.0    25    62    4714    (-,-) 
  gen_rows[0].gen_cols[11].pe_i_dut_csa_tree_ADD_TC_OP_groupi_cdnfadd46/CO  -       CI->CO F     FA1D0           1  0.8    29    80    4794    (-,-) 
  gen_rows[0].gen_cols[11].pe_i_dut_csa_tree_ADD_TC_OP_groupi_cdnfadd3771/Z -       A3->Z  R     XOR3D0          1  0.8    31    98    4892    (-,-) 
  g25946/ZN                                                                 -       A2->ZN R     IOA21D1         1  1.0    78    65    4956    (-,-) 
  gen_rows[0].gen_cols[11].pe_i_dut_acc_out_reg[47]/D                       -       -      R     DFCNQD1         1    -     -     0    4956    (-,-) 
#----------------------------------------------------------------------------------------------------------------------------------------------------

Capture clock path:
#------------------------------------------------------------------------------------------------------------------------------
#                    Timing Point                      Flags   Arc   Edge   Cell      Fanout Load Trans Delay Arrival Instance 
#                                                                                            (fF)  (ps)  (ps)   (ps)  Location 
#------------------------------------------------------------------------------------------------------------------------------
  clk                                                  (i)     -     R     (arrival)  103965  0.0     0     0    5000    (-,-) 
  gen_rows[0].gen_cols[11].pe_i_dut_acc_out_reg[47]/CP <<<     -     R     DFCNQD1    103965    -     0     0    5000    (-,-) 
#------------------------------------------------------------------------------------------------------------------------------



Path 19: MET (1 ps) Setup Check with Pin gen_rows[0].gen_cols[5].pe_i_dut_acc_out_reg[47]/CP->D
          Group: clk
     Startpoint: (R) gen_rows[0].gen_cols[4].pe_i_dut_data_out_reg[2]/CP
          Clock: (R) clk
       Endpoint: (R) gen_rows[0].gen_cols[5].pe_i_dut_acc_out_reg[47]/D
          Clock: (R) clk

                     Capture       Launch     
        Clock Edge:+    5000            0     
       Src Latency:+       0            0     
       Net Latency:+       0 (I)        0 (I) 
           Arrival:=    5000            0     
                                              
             Setup:-      43                  
     Required Time:=    4957                  
      Launch Clock:-       0                  
         Data Path:-    4956                  
             Slack:=       1                  

Launch clock path:
#-----------------------------------------------------------------------------------------------------------------------------
#                    Timing Point                     Flags   Arc   Edge   Cell      Fanout Load Trans Delay Arrival Instance 
#                                                                                           (fF)  (ps)  (ps)   (ps)  Location 
#-----------------------------------------------------------------------------------------------------------------------------
  clk                                                 (i)     -     R     (arrival)  103965  0.0     0     0       0    (-,-) 
  gen_rows[0].gen_cols[4].pe_i_dut_data_out_reg[2]/CP <<<     -     R     DFCND1     103965    -     0     0       0    (-,-) 
#-----------------------------------------------------------------------------------------------------------------------------

#---------------------------------------------------------------------------------------------------------------------------------------------------
#                              Timing Point                                Flags    Arc   Edge   Cell      Fanout Load Trans Delay Arrival Instance 
#                                                                                                                 (fF)  (ps)  (ps)   (ps)  Location 
#---------------------------------------------------------------------------------------------------------------------------------------------------
  gen_rows[0].gen_cols[4].pe_i_dut_data_out_reg[2]/CP                      -       -      R     (arrival)  103965    -     0     0       0    (-,-) 
  gen_rows[0].gen_cols[4].pe_i_dut_data_out_reg[2]/QN                      -       CP->QN R     DFCND1         40 44.9   368   366     366    (-,-) 
  gen_rows[0].gen_cols[5].pe_i_dut_csa_tree_ADD_TC_OP_groupi_g3718/Z       -       A2->Z  R     OR2XD1          2  2.0    35    88     454    (-,-) 
  gen_rows[0].gen_cols[5].pe_i_dut_csa_tree_ADD_TC_OP_groupi_g3683/ZN      -       B->ZN  F     IOA21D1         2  1.7    34    31     485    (-,-) 
  gen_rows[0].gen_cols[5].pe_i_dut_csa_tree_ADD_TC_OP_groupi_g3763/ZN      -       A1->ZN F     IND2D1         16 14.3   154   132     617    (-,-) 
  gen_rows[0].gen_cols[5].pe_i_dut_csa_tree_ADD_TC_OP_groupi_g3553/ZN      -       A2->ZN R     AOI21D1         2  2.1    83    83     700    (-,-) 
  gen_rows[0].gen_cols[5].pe_i_dut_csa_tree_ADD_TC_OP_groupi_g3489/ZN      -       A1->ZN F     MOAI22D1        1  1.9   102    44     744    (-,-) 
  gen_rows[0].gen_cols[5].pe_i_dut_csa_tree_ADD_TC_OP_groupi_cdnfadd/CO    -       B->CO  F     FA1D0           1  1.0    32   146     890    (-,-) 
  gen_rows[0].gen_cols[5].pe_i_dut_csa_tree_ADD_TC_OP_groupi_cdnfadd1/CO   -       CI->CO F     FA1D0           1  1.0    31    85     975    (-,-) 
  gen_rows[0].gen_cols[5].pe_i_dut_csa_tree_ADD_TC_OP_groupi_cdnfadd2/CO   -       CI->CO F     FA1D0           1  1.0    31    84    1059    (-,-) 
  gen_rows[0].gen_cols[5].pe_i_dut_csa_tree_ADD_TC_OP_groupi_cdnfadd3/CO   -       CI->CO F     FA1D0           1  1.0    31    84    1144    (-,-) 
  gen_rows[0].gen_cols[5].pe_i_dut_csa_tree_ADD_TC_OP_groupi_cdnfadd4/CO   -       CI->CO F     FA1D0           1  1.0    31    84    1228    (-,-) 
  gen_rows[0].gen_cols[5].pe_i_dut_csa_tree_ADD_TC_OP_groupi_cdnfadd5/CO   -       CI->CO F     FA1D0           1  1.9    40    92    1321    (-,-) 
  g68828/CO                                                                -       D->CO  F     CMPE42D1        1  1.0    28   121    1442    (-,-) 
  gen_rows[0].gen_cols[5].pe_i_dut_csa_tree_ADD_TC_OP_groupi_cdnfadd7/CO   -       CI->CO F     FA1D0           1  1.0    31    83    1525    (-,-) 
  gen_rows[0].gen_cols[5].pe_i_dut_csa_tree_ADD_TC_OP_groupi_cdnfadd8/CO   -       CI->CO F     FA1D0           1  1.0    31    84    1609    (-,-) 
  gen_rows[0].gen_cols[5].pe_i_dut_csa_tree_ADD_TC_OP_groupi_cdnfadd9/CO   -       CI->CO F     FA1D0           1  1.0    31    84    1694    (-,-) 
  gen_rows[0].gen_cols[5].pe_i_dut_csa_tree_ADD_TC_OP_groupi_cdnfadd10/CO  -       CI->CO F     FA1D0           1  1.0    31    84    1778    (-,-) 
  gen_rows[0].gen_cols[5].pe_i_dut_csa_tree_ADD_TC_OP_groupi_cdnfadd11/CO  -       CI->CO F     FA1D0           1  1.0    31    84    1863    (-,-) 
  gen_rows[0].gen_cols[5].pe_i_dut_csa_tree_ADD_TC_OP_groupi_cdnfadd12/CO  -       CI->CO F     FA1D0           1  1.0    31    84    1947    (-,-) 
  gen_rows[0].gen_cols[5].pe_i_dut_csa_tree_ADD_TC_OP_groupi_cdnfadd13/CO  -       CI->CO F     FA1D0           1  1.0    31    84    2032    (-,-) 
  gen_rows[0].gen_cols[5].pe_i_dut_csa_tree_ADD_TC_OP_groupi_cdnfadd14/CO  -       CI->CO F     FA1D0           1  1.0    31    84    2116    (-,-) 
  gen_rows[0].gen_cols[5].pe_i_dut_csa_tree_ADD_TC_OP_groupi_cdnfadd15/CO  -       CI->CO F     FA1D0           1  1.0    31    84    2201    (-,-) 
  gen_rows[0].gen_cols[5].pe_i_dut_csa_tree_ADD_TC_OP_groupi_cdnfadd16/CO  -       CI->CO F     FA1D0           1  1.0    31    84    2285    (-,-) 
  gen_rows[0].gen_cols[5].pe_i_dut_csa_tree_ADD_TC_OP_groupi_cdnfadd17/CO  -       CI->CO F     FA1D0           1  1.0    31    84    2370    (-,-) 
  gen_rows[0].gen_cols[5].pe_i_dut_csa_tree_ADD_TC_OP_groupi_cdnfadd18/CO  -       CI->CO F     FA1D0           1  1.0    31    84    2454    (-,-) 
  gen_rows[0].gen_cols[5].pe_i_dut_csa_tree_ADD_TC_OP_groupi_cdnfadd19/CO  -       CI->CO F     FA1D0           1  1.0    31    84    2539    (-,-) 
  gen_rows[0].gen_cols[5].pe_i_dut_csa_tree_ADD_TC_OP_groupi_cdnfadd20/CO  -       CI->CO F     FA1D0           1  1.0    31    84    2623    (-,-) 
  gen_rows[0].gen_cols[5].pe_i_dut_csa_tree_ADD_TC_OP_groupi_cdnfadd21/CO  -       CI->CO F     FA1D0           1  1.0    31    84    2708    (-,-) 
  gen_rows[0].gen_cols[5].pe_i_dut_csa_tree_ADD_TC_OP_groupi_cdnfadd22/CO  -       CI->CO F     FA1D0           1  1.0    31    84    2792    (-,-) 
  gen_rows[0].gen_cols[5].pe_i_dut_csa_tree_ADD_TC_OP_groupi_cdnfadd23/CO  -       CI->CO F     FA1D0           1  1.0    31    84    2877    (-,-) 
  gen_rows[0].gen_cols[5].pe_i_dut_csa_tree_ADD_TC_OP_groupi_cdnfadd24/CO  -       CI->CO F     FA1D0           1  1.0    31    84    2961    (-,-) 
  gen_rows[0].gen_cols[5].pe_i_dut_csa_tree_ADD_TC_OP_groupi_cdnfadd25/CO  -       CI->CO F     FA1D0           1  1.0    31    84    3046    (-,-) 
  gen_rows[0].gen_cols[5].pe_i_dut_csa_tree_ADD_TC_OP_groupi_cdnfadd26/CO  -       CI->CO F     FA1D0           1  1.0    31    84    3130    (-,-) 
  gen_rows[0].gen_cols[5].pe_i_dut_csa_tree_ADD_TC_OP_groupi_cdnfadd27/CO  -       CI->CO F     FA1D0           1  1.0    31    84    3215    (-,-) 
  gen_rows[0].gen_cols[5].pe_i_dut_csa_tree_ADD_TC_OP_groupi_cdnfadd28/CO  -       CI->CO F     FA1D0           1  1.0    31    84    3299    (-,-) 
  gen_rows[0].gen_cols[5].pe_i_dut_csa_tree_ADD_TC_OP_groupi_cdnfadd29/CO  -       CI->CO F     FA1D0           1  1.9    40    92    3392    (-,-) 
  g68812/CO                                                                -       D->CO  F     CMPE42D1        1  1.0    26   121    3513    (-,-) 
  gen_rows[0].gen_cols[5].pe_i_dut_csa_tree_ADD_TC_OP_groupi_cdnfadd31/CO  -       CI->CO F     FA1D0           1  1.0    31    83    3596    (-,-) 
  gen_rows[0].gen_cols[5].pe_i_dut_csa_tree_ADD_TC_OP_groupi_cdnfadd32/CO  -       CI->CO F     FA1D0           1  1.0    31    84    3680    (-,-) 
  gen_rows[0].gen_cols[5].pe_i_dut_csa_tree_ADD_TC_OP_groupi_cdnfadd33/CO  -       CI->CO F     FA1D0           1  1.0    31    84    3765    (-,-) 
  gen_rows[0].gen_cols[5].pe_i_dut_csa_tree_ADD_TC_OP_groupi_cdnfadd34/CO  -       CI->CO F     FA1D0           1  1.0    31    84    3849    (-,-) 
  gen_rows[0].gen_cols[5].pe_i_dut_csa_tree_ADD_TC_OP_groupi_cdnfadd35/CO  -       CI->CO F     FA1D0           1  1.0    31    84    3934    (-,-) 
  gen_rows[0].gen_cols[5].pe_i_dut_csa_tree_ADD_TC_OP_groupi_cdnfadd36/CO  -       CI->CO F     FA1D0           1  1.0    31    84    4018    (-,-) 
  gen_rows[0].gen_cols[5].pe_i_dut_csa_tree_ADD_TC_OP_groupi_cdnfadd37/CO  -       CI->CO F     FA1D0           1  1.0    31    84    4103    (-,-) 
  gen_rows[0].gen_cols[5].pe_i_dut_csa_tree_ADD_TC_OP_groupi_cdnfadd38/CO  -       CI->CO F     FA1D0           1  1.0    31    84    4187    (-,-) 
  gen_rows[0].gen_cols[5].pe_i_dut_csa_tree_ADD_TC_OP_groupi_cdnfadd39/CO  -       CI->CO F     FA1D0           1  1.0    31    84    4272    (-,-) 
  gen_rows[0].gen_cols[5].pe_i_dut_csa_tree_ADD_TC_OP_groupi_cdnfadd40/CO  -       CI->CO F     FA1D0           1  1.0    31    84    4356    (-,-) 
  gen_rows[0].gen_cols[5].pe_i_dut_csa_tree_ADD_TC_OP_groupi_cdnfadd41/CO  -       CI->CO F     FA1D0           1  2.0    40    93    4449    (-,-) 
  gen_rows[0].gen_cols[5].pe_i_dut_csa_tree_ADD_TC_OP_groupi_cdnfadd42/CO  -       CI->CO F     FA1D1           1  2.0    31    70    4519    (-,-) 
  gen_rows[0].gen_cols[5].pe_i_dut_csa_tree_ADD_TC_OP_groupi_cdnfadd43/CO  -       CI->CO F     FA1D1           1  2.0    31    66    4586    (-,-) 
  gen_rows[0].gen_cols[5].pe_i_dut_csa_tree_ADD_TC_OP_groupi_cdnfadd44/CO  -       CI->CO F     FA1D1           1  2.0    31    66    4652    (-,-) 
  gen_rows[0].gen_cols[5].pe_i_dut_csa_tree_ADD_TC_OP_groupi_cdnfadd45/CO  -       CI->CO F     FA1D1           1  1.0    25    62    4714    (-,-) 
  gen_rows[0].gen_cols[5].pe_i_dut_csa_tree_ADD_TC_OP_groupi_cdnfadd46/CO  -       CI->CO F     FA1D0           1  0.8    29    80    4794    (-,-) 
  gen_rows[0].gen_cols[5].pe_i_dut_csa_tree_ADD_TC_OP_groupi_cdnfadd3771/Z -       A3->Z  R     XOR3D0          1  0.8    31    98    4892    (-,-) 
  g25684/ZN                                                                -       A2->ZN R     IOA21D1         1  1.0    78    65    4956    (-,-) 
  gen_rows[0].gen_cols[5].pe_i_dut_acc_out_reg[47]/D                       -       -      R     DFCNQD1         1    -     -     0    4956    (-,-) 
#---------------------------------------------------------------------------------------------------------------------------------------------------

Capture clock path:
#-----------------------------------------------------------------------------------------------------------------------------
#                    Timing Point                     Flags   Arc   Edge   Cell      Fanout Load Trans Delay Arrival Instance 
#                                                                                           (fF)  (ps)  (ps)   (ps)  Location 
#-----------------------------------------------------------------------------------------------------------------------------
  clk                                                 (i)     -     R     (arrival)  103965  0.0     0     0    5000    (-,-) 
  gen_rows[0].gen_cols[5].pe_i_dut_acc_out_reg[47]/CP <<<     -     R     DFCNQD1    103965    -     0     0    5000    (-,-) 
#-----------------------------------------------------------------------------------------------------------------------------



Path 20: MET (1 ps) Setup Check with Pin gen_rows[0].gen_cols[2].pe_i_dut_acc_out_reg[47]/CP->D
          Group: clk
     Startpoint: (R) gen_rows[0].gen_cols[1].pe_i_dut_data_out_reg[2]/CP
          Clock: (R) clk
       Endpoint: (R) gen_rows[0].gen_cols[2].pe_i_dut_acc_out_reg[47]/D
          Clock: (R) clk

                     Capture       Launch     
        Clock Edge:+    5000            0     
       Src Latency:+       0            0     
       Net Latency:+       0 (I)        0 (I) 
           Arrival:=    5000            0     
                                              
             Setup:-      43                  
     Required Time:=    4957                  
      Launch Clock:-       0                  
         Data Path:-    4956                  
             Slack:=       1                  

Launch clock path:
#-----------------------------------------------------------------------------------------------------------------------------
#                    Timing Point                     Flags   Arc   Edge   Cell      Fanout Load Trans Delay Arrival Instance 
#                                                                                           (fF)  (ps)  (ps)   (ps)  Location 
#-----------------------------------------------------------------------------------------------------------------------------
  clk                                                 (i)     -     R     (arrival)  103965  0.0     0     0       0    (-,-) 
  gen_rows[0].gen_cols[1].pe_i_dut_data_out_reg[2]/CP <<<     -     R     DFCND1     103965    -     0     0       0    (-,-) 
#-----------------------------------------------------------------------------------------------------------------------------

#---------------------------------------------------------------------------------------------------------------------------------------------------
#                              Timing Point                                Flags    Arc   Edge   Cell      Fanout Load Trans Delay Arrival Instance 
#                                                                                                                 (fF)  (ps)  (ps)   (ps)  Location 
#---------------------------------------------------------------------------------------------------------------------------------------------------
  gen_rows[0].gen_cols[1].pe_i_dut_data_out_reg[2]/CP                      -       -      R     (arrival)  103965    -     0     0       0    (-,-) 
  gen_rows[0].gen_cols[1].pe_i_dut_data_out_reg[2]/QN                      -       CP->QN R     DFCND1         40 44.9   368   366     366    (-,-) 
  gen_rows[0].gen_cols[2].pe_i_dut_csa_tree_ADD_TC_OP_groupi_g3718/Z       -       A2->Z  R     OR2XD1          2  2.0    35    88     454    (-,-) 
  gen_rows[0].gen_cols[2].pe_i_dut_csa_tree_ADD_TC_OP_groupi_g3683/ZN      -       B->ZN  F     IOA21D1         2  1.7    34    31     485    (-,-) 
  gen_rows[0].gen_cols[2].pe_i_dut_csa_tree_ADD_TC_OP_groupi_g3763/ZN      -       A1->ZN F     IND2D1         16 14.3   154   132     617    (-,-) 
  gen_rows[0].gen_cols[2].pe_i_dut_csa_tree_ADD_TC_OP_groupi_g3553/ZN      -       A2->ZN R     AOI21D1         2  2.1    83    83     700    (-,-) 
  gen_rows[0].gen_cols[2].pe_i_dut_csa_tree_ADD_TC_OP_groupi_g3489/ZN      -       A1->ZN F     MOAI22D1        1  1.9   102    44     744    (-,-) 
  gen_rows[0].gen_cols[2].pe_i_dut_csa_tree_ADD_TC_OP_groupi_cdnfadd/CO    -       B->CO  F     FA1D0           1  1.0    32   146     890    (-,-) 
  gen_rows[0].gen_cols[2].pe_i_dut_csa_tree_ADD_TC_OP_groupi_cdnfadd1/CO   -       CI->CO F     FA1D0           1  1.0    31    85     975    (-,-) 
  gen_rows[0].gen_cols[2].pe_i_dut_csa_tree_ADD_TC_OP_groupi_cdnfadd2/CO   -       CI->CO F     FA1D0           1  1.0    31    84    1059    (-,-) 
  gen_rows[0].gen_cols[2].pe_i_dut_csa_tree_ADD_TC_OP_groupi_cdnfadd3/CO   -       CI->CO F     FA1D0           1  1.0    31    84    1144    (-,-) 
  gen_rows[0].gen_cols[2].pe_i_dut_csa_tree_ADD_TC_OP_groupi_cdnfadd4/CO   -       CI->CO F     FA1D0           1  1.0    31    84    1228    (-,-) 
  gen_rows[0].gen_cols[2].pe_i_dut_csa_tree_ADD_TC_OP_groupi_cdnfadd5/CO   -       CI->CO F     FA1D0           1  1.9    40    92    1321    (-,-) 
  g68613/CO                                                                -       D->CO  F     CMPE42D1        1  1.0    28   121    1442    (-,-) 
  gen_rows[0].gen_cols[2].pe_i_dut_csa_tree_ADD_TC_OP_groupi_cdnfadd7/CO   -       CI->CO F     FA1D0           1  1.0    31    83    1525    (-,-) 
  gen_rows[0].gen_cols[2].pe_i_dut_csa_tree_ADD_TC_OP_groupi_cdnfadd8/CO   -       CI->CO F     FA1D0           1  1.0    31    84    1609    (-,-) 
  gen_rows[0].gen_cols[2].pe_i_dut_csa_tree_ADD_TC_OP_groupi_cdnfadd9/CO   -       CI->CO F     FA1D0           1  1.0    31    84    1694    (-,-) 
  gen_rows[0].gen_cols[2].pe_i_dut_csa_tree_ADD_TC_OP_groupi_cdnfadd10/CO  -       CI->CO F     FA1D0           1  1.0    31    84    1778    (-,-) 
  gen_rows[0].gen_cols[2].pe_i_dut_csa_tree_ADD_TC_OP_groupi_cdnfadd11/CO  -       CI->CO F     FA1D0           1  1.0    31    84    1863    (-,-) 
  gen_rows[0].gen_cols[2].pe_i_dut_csa_tree_ADD_TC_OP_groupi_cdnfadd12/CO  -       CI->CO F     FA1D0           1  1.0    31    84    1947    (-,-) 
  gen_rows[0].gen_cols[2].pe_i_dut_csa_tree_ADD_TC_OP_groupi_cdnfadd13/CO  -       CI->CO F     FA1D0           1  1.0    31    84    2032    (-,-) 
  gen_rows[0].gen_cols[2].pe_i_dut_csa_tree_ADD_TC_OP_groupi_cdnfadd14/CO  -       CI->CO F     FA1D0           1  1.0    31    84    2116    (-,-) 
  gen_rows[0].gen_cols[2].pe_i_dut_csa_tree_ADD_TC_OP_groupi_cdnfadd15/CO  -       CI->CO F     FA1D0           1  1.0    31    84    2201    (-,-) 
  gen_rows[0].gen_cols[2].pe_i_dut_csa_tree_ADD_TC_OP_groupi_cdnfadd16/CO  -       CI->CO F     FA1D0           1  1.0    31    84    2285    (-,-) 
  gen_rows[0].gen_cols[2].pe_i_dut_csa_tree_ADD_TC_OP_groupi_cdnfadd17/CO  -       CI->CO F     FA1D0           1  1.0    31    84    2370    (-,-) 
  gen_rows[0].gen_cols[2].pe_i_dut_csa_tree_ADD_TC_OP_groupi_cdnfadd18/CO  -       CI->CO F     FA1D0           1  1.0    31    84    2454    (-,-) 
  gen_rows[0].gen_cols[2].pe_i_dut_csa_tree_ADD_TC_OP_groupi_cdnfadd19/CO  -       CI->CO F     FA1D0           1  1.0    31    84    2539    (-,-) 
  gen_rows[0].gen_cols[2].pe_i_dut_csa_tree_ADD_TC_OP_groupi_cdnfadd20/CO  -       CI->CO F     FA1D0           1  1.0    31    84    2623    (-,-) 
  gen_rows[0].gen_cols[2].pe_i_dut_csa_tree_ADD_TC_OP_groupi_cdnfadd21/CO  -       CI->CO F     FA1D0           1  1.0    31    84    2708    (-,-) 
  gen_rows[0].gen_cols[2].pe_i_dut_csa_tree_ADD_TC_OP_groupi_cdnfadd22/CO  -       CI->CO F     FA1D0           1  1.0    31    84    2792    (-,-) 
  gen_rows[0].gen_cols[2].pe_i_dut_csa_tree_ADD_TC_OP_groupi_cdnfadd23/CO  -       CI->CO F     FA1D0           1  1.0    31    84    2877    (-,-) 
  gen_rows[0].gen_cols[2].pe_i_dut_csa_tree_ADD_TC_OP_groupi_cdnfadd24/CO  -       CI->CO F     FA1D0           1  1.0    31    84    2961    (-,-) 
  gen_rows[0].gen_cols[2].pe_i_dut_csa_tree_ADD_TC_OP_groupi_cdnfadd25/CO  -       CI->CO F     FA1D0           1  1.0    31    84    3046    (-,-) 
  gen_rows[0].gen_cols[2].pe_i_dut_csa_tree_ADD_TC_OP_groupi_cdnfadd26/CO  -       CI->CO F     FA1D0           1  1.0    31    84    3130    (-,-) 
  gen_rows[0].gen_cols[2].pe_i_dut_csa_tree_ADD_TC_OP_groupi_cdnfadd27/CO  -       CI->CO F     FA1D0           1  1.0    31    84    3215    (-,-) 
  gen_rows[0].gen_cols[2].pe_i_dut_csa_tree_ADD_TC_OP_groupi_cdnfadd28/CO  -       CI->CO F     FA1D0           1  1.0    31    84    3299    (-,-) 
  gen_rows[0].gen_cols[2].pe_i_dut_csa_tree_ADD_TC_OP_groupi_cdnfadd29/CO  -       CI->CO F     FA1D0           1  1.9    40    92    3392    (-,-) 
  g68597/CO                                                                -       D->CO  F     CMPE42D1        1  1.0    26   121    3513    (-,-) 
  gen_rows[0].gen_cols[2].pe_i_dut_csa_tree_ADD_TC_OP_groupi_cdnfadd31/CO  -       CI->CO F     FA1D0           1  1.0    31    83    3596    (-,-) 
  gen_rows[0].gen_cols[2].pe_i_dut_csa_tree_ADD_TC_OP_groupi_cdnfadd32/CO  -       CI->CO F     FA1D0           1  1.0    31    84    3680    (-,-) 
  gen_rows[0].gen_cols[2].pe_i_dut_csa_tree_ADD_TC_OP_groupi_cdnfadd33/CO  -       CI->CO F     FA1D0           1  1.0    31    84    3765    (-,-) 
  gen_rows[0].gen_cols[2].pe_i_dut_csa_tree_ADD_TC_OP_groupi_cdnfadd34/CO  -       CI->CO F     FA1D0           1  1.0    31    84    3849    (-,-) 
  gen_rows[0].gen_cols[2].pe_i_dut_csa_tree_ADD_TC_OP_groupi_cdnfadd35/CO  -       CI->CO F     FA1D0           1  1.0    31    84    3934    (-,-) 
  gen_rows[0].gen_cols[2].pe_i_dut_csa_tree_ADD_TC_OP_groupi_cdnfadd36/CO  -       CI->CO F     FA1D0           1  1.0    31    84    4018    (-,-) 
  gen_rows[0].gen_cols[2].pe_i_dut_csa_tree_ADD_TC_OP_groupi_cdnfadd37/CO  -       CI->CO F     FA1D0           1  1.0    31    84    4103    (-,-) 
  gen_rows[0].gen_cols[2].pe_i_dut_csa_tree_ADD_TC_OP_groupi_cdnfadd38/CO  -       CI->CO F     FA1D0           1  1.0    31    84    4187    (-,-) 
  gen_rows[0].gen_cols[2].pe_i_dut_csa_tree_ADD_TC_OP_groupi_cdnfadd39/CO  -       CI->CO F     FA1D0           1  1.0    31    84    4272    (-,-) 
  gen_rows[0].gen_cols[2].pe_i_dut_csa_tree_ADD_TC_OP_groupi_cdnfadd40/CO  -       CI->CO F     FA1D0           1  1.0    31    84    4356    (-,-) 
  gen_rows[0].gen_cols[2].pe_i_dut_csa_tree_ADD_TC_OP_groupi_cdnfadd41/CO  -       CI->CO F     FA1D0           1  2.0    40    93    4449    (-,-) 
  gen_rows[0].gen_cols[2].pe_i_dut_csa_tree_ADD_TC_OP_groupi_cdnfadd42/CO  -       CI->CO F     FA1D1           1  2.0    31    70    4519    (-,-) 
  gen_rows[0].gen_cols[2].pe_i_dut_csa_tree_ADD_TC_OP_groupi_cdnfadd43/CO  -       CI->CO F     FA1D1           1  2.0    31    66    4586    (-,-) 
  gen_rows[0].gen_cols[2].pe_i_dut_csa_tree_ADD_TC_OP_groupi_cdnfadd44/CO  -       CI->CO F     FA1D1           1  2.0    31    66    4652    (-,-) 
  gen_rows[0].gen_cols[2].pe_i_dut_csa_tree_ADD_TC_OP_groupi_cdnfadd45/CO  -       CI->CO F     FA1D1           1  1.0    25    62    4714    (-,-) 
  gen_rows[0].gen_cols[2].pe_i_dut_csa_tree_ADD_TC_OP_groupi_cdnfadd46/CO  -       CI->CO F     FA1D0           1  0.8    29    80    4794    (-,-) 
  gen_rows[0].gen_cols[2].pe_i_dut_csa_tree_ADD_TC_OP_groupi_cdnfadd3771/Z -       A3->Z  R     XOR3D0          1  0.8    31    98    4892    (-,-) 
  g40531__1617/ZN                                                          -       A2->ZN R     IOA21D1         1  1.0    78    65    4956    (-,-) 
  gen_rows[0].gen_cols[2].pe_i_dut_acc_out_reg[47]/D                       -       -      R     DFCNQD1         1    -     -     0    4956    (-,-) 
#---------------------------------------------------------------------------------------------------------------------------------------------------

Capture clock path:
#-----------------------------------------------------------------------------------------------------------------------------
#                    Timing Point                     Flags   Arc   Edge   Cell      Fanout Load Trans Delay Arrival Instance 
#                                                                                           (fF)  (ps)  (ps)   (ps)  Location 
#-----------------------------------------------------------------------------------------------------------------------------
  clk                                                 (i)     -     R     (arrival)  103965  0.0     0     0    5000    (-,-) 
  gen_rows[0].gen_cols[2].pe_i_dut_acc_out_reg[47]/CP <<<     -     R     DFCNQD1    103965    -     0     0    5000    (-,-) 
#-----------------------------------------------------------------------------------------------------------------------------

